Actual_ADR,Predicted_ADR
139.0,108.03781375792761
76.0,100.77918013444925
79.2,111.08918733582723
59.0,74.79583894848929
182.6,99.89845402277643
125.0,133.37024322414845
40.0,82.24698460810576
236.67,177.67834217540337
117.0,105.56565023675728
95.0,81.35106758295098
60.0,75.8066484705387
46.0,82.41658405143664
85.0,100.04194012616611
135.0,121.09641388607893
85.5,106.32889992093513
86.0,87.70951091213297
79.5,100.06812281358206
120.67,99.92470605766715
90.1,105.91752616810675
55.0,98.86804233748526
146.0,107.79231881609266
213.3,116.55465085192215
106.25,117.19473142734549
135.0,97.87001280983873
46.4,112.91574989750458
58.5,107.93325601978503
127.0,125.71119259087266
125.0,105.44162831599115
75.6,90.862103500423
92.88,98.79614343255504
104.0,138.1751800115729
84.8,112.51736418150335
92.0,104.9393754792697
98.48,89.87089614161535
68.0,113.95935694771588
56.59,100.62894120969544
106.89,120.8134039563017
150.75,110.88065952724924
119.85,112.13300171413147
45.0,100.45958341102926
115.2,150.93158270289115
96.3,112.99391762013825
135.0,155.65953024946657
95.67,77.13743505562232
45.0,81.92087670798634
76.36,104.26115000313611
45.0,81.76188869897523
136.0,81.37063542962102
119.85,103.82400821907771
55.0,100.85745152112938
111.65,89.43389233817514
150.45,81.52717820298129
96.99,126.16121874771173
87.0,106.26351219270435
203.71,98.90931227433671
75.6,85.35492748250411
89.0,81.40315628221516
114.4,92.97160931310532
150.0,107.02032004765752
62.0,94.660885955953
110.0,101.14910687111743
176.8,190.23889338850006
100.8,100.11376968362157
141.9,106.60284977431562
78.08,107.2550998911262
89.1,97.0089238923107
134.0,100.10698254568572
112.5,119.32624760937905
80.1,99.03746876929489
112.0,126.54075144843634
65.0,81.96407834237502
99.96,98.75053159341857
102.0,83.07534534494667
64.0,100.1921447343482
70.0,98.70498838742554
53.45,83.70450985742877
106.03,144.9755869629715
136.0,106.40758118168237
80.0,101.6685859829046
72.76,106.71191764414564
130.0,80.84881474622951
54.0,100.36174417767907
37.56,100.33542350964493
35.0,80.90744893876486
40.0,81.16834212217475
75.0,81.66415312967153
88.0,107.00075220098748
99.18,100.19204107030171
143.28,101.44421095999402
167.0,132.376383301597
79.65,98.96570855931421
194.0,169.87029175954558
80.0,157.29646786129786
110.13,112.89607838678808
168.3,118.51143551892565
89.1,97.68735669653725
144.4,125.82226150571466
109.8,98.84189396664104
78.0,95.56741441542756
102.0,101.35305520053322
84.56,161.52215459839556
186.3,176.0150752084504
76.5,100.44631941296569
195.0,94.5899479362277
38.0,80.96615247877496
60.63,107.24197387368085
167.75,146.21897273750346
167.0,118.0091133347294
24.0,78.30316664563422
126.28,81.84677492640128
198.9,175.68235246758508
30.0,86.52224546134208
160.0,100.45958341102926
130.0,94.72692286291796
52.0,94.73271551340846
90.95,104.17023182055249
130.5,96.26544938289587
60.0,76.05693021962881
68.0,95.09127491864729
135.0,144.20775779963145
88.2,106.3027515500909
137.14,82.34227494175863
130.0,100.32057312275529
141.18,122.59990497033709
80.1,98.40482153005738
110.0,82.06202123977167
85.0,80.77705453624881
48.0,107.00075220098748
75.0,106.00261900929445
78.5,98.06789486752521
47.78,102.28566268337725
87.0,99.6049363227259
22.5,87.77448398417783
82.88,121.04187995116392
75.0,100.53782048113767
132.53,135.57733954766695
100.3,106.56354106945432
42.28,88.79876483238377
91.81,96.3435827889578
85.0,94.62908362956779
35.0,80.92701678543489
170.0,75.2873766868445
126.0,110.26744143973224
220.4,132.23286288163558
38.55,89.13734244909794
46.33,100.38120836030262
106.0,116.45628532558335
67.5,107.79541589918011
130.5,117.25215952640183
159.0,81.82293381058967
143.1,145.68891650796826
150.0,106.72008384281459
133.0,100.45283058966513
230.0,176.38669128365984
42.0,81.66415312967153
111.25,112.10905693427338
189.5,107.56208413521443
126.9,99.55284762346173
118.0,106.6679951435504
75.0,79.04206167588686
119.0,130.5760377439073
120.0,107.79231881609266
89.75,100.28343847442721
65.1,101.37251938315677
99.45,97.08075344976616
112.0,100.78548398305571
100.0,100.92469681730383
150.0,100.63559036701308
42.0,83.13384155686381
30.0,81.62501743633146
35.15,99.74838810954387
71.8,100.49434217118126
98.1,98.81578062669983
62.0,96.99607455043306
71.0,79.50097489760144
95.0,87.93137206624928
136.5,107.65534388940242
146.33,107.17031732774663
41.4,81.54674604965132
193.0,105.97650566935326
153.0,176.34118310856985
67.5,77.1111830207316
130.5,86.80935564873965
176.0,100.7814180420071
113.0,107.63322714303507
90.95,103.34369911720233
63.5,88.59474715549322
140.4,106.59633859761618
200.0,99.65709436946486
58.95,99.43530256282332
162.0,106.23088767606372
172.5,123.46750506456456
262.0,100.8246196763958
40.0,88.18575407295972
98.1,119.10498209572613
137.21,112.59591152941991
70.0,88.20532191962977
74.8,107.43765234038119
88.01,111.0240069356894
98.1,126.3764869957508
104.85,100.90264941841124
127.38,119.86363954586673
81.9,105.72212366264282
197.9,106.53790695105499
149.94,100.0708399426818
138.55,119.71148167845072
89.25,112.34807501598061
40.0,81.6445852830015
103.95,103.39354990890865
114.3,99.88557036432708
143.0,80.86831324542479
45.0,100.45958341102926
141.3,104.85480024398308
205.71,105.19375748598014
105.4,99.42228020942443
78.0,100.50512661702227
74.8,103.42669431075278
86.4,106.04192771415578
167.0,105.82650838926415
110.7,100.02888345619553
133.6,178.38236999933872
142.0,101.48992646317697
145.0,151.82743038057117
127.33,96.48720687296569
34.0,107.00075220098748
138.25,176.15205013514066
139.5,97.41351050720324
198.9,176.04769972509104
99.45,105.46781100340712
60.0,99.01790092262488
148.0,101.40493657170444
123.0,112.76551097275079
130.5,116.73044250705681
62.0,95.39802230018965
83.12,106.2962754042945
66.71,100.38120836030262
136.3,144.90375740551605
102.6,97.62875682057363
102.6,81.54674604965132
116.1,98.73086008270207
0.0,77.18535414979141
36.0,78.63113689581613
39.51,107.54189908638433
74.8,108.9830632545563
136.0,99.92453304614591
158.4,124.81779014884344
67.52,100.38110469625616
95.0,113.50278529760564
151.0,107.1051026110371
189.2,103.98688915761618
75.0,100.8858721161032
60.0,113.85307484012903
111.5,145.43391729909774
220.0,100.30304063766897
149.0,87.44861772872308
69.12,99.76144477951448
65.0,81.69023215304101
105.0,117.93696481237829
59.5,99.14416075094886
144.9,104.87436809065312
84.0,100.3616405136326
97.4,96.61753264233829
72.0,107.43775600442768
125.0,106.82464158095716
89.1,77.85486485823941
89.5,99.71817379765102
108.9,112.27645278661811
100.0,99.21375240084646
46.0,88.70082193498712
63.0,101.72308560124787
29.0,106.98108069027096
107.1,110.47610722892843
110.0,97.21121719975697
86.0,101.65318774132966
99.0,104.09155055980523
76.81,96.01653839307778
60.0,100.45958341102926
141.3,102.27174081949198
66.13,81.75771909388013
139.0,101.54863000318709
108.0,100.85551982359215
65.0,81.10302374141872
276.53,105.611435087415
65.0,88.90321890647986
148.5,136.19238566867472
0.0,82.10115693311174
134.0,111.54582761908091
91.0,107.02032004765752
124.2,101.37923788794916
156.0,106.62885945021033
151.2,111.66967724265712
38.0,107.32034892440748
55.33,75.98293210209026
65.0,81.54674604965132
44.0,100.45958341102926
62.0,94.44635816879155
119.85,98.5156480859034
112.0,88.40751156302954
84.55,102.21314094352837
54.0,106.9029129676373
115.2,97.80486744060394
92.0,105.76777053268232
81.67,99.82686682431697
115.0,157.36868573112372
95.0,99.34404313931603
99.0,107.09848777029117
150.17,137.84776235392798
127.93,99.93121723436658
181.8,178.62310681773164
87.0,99.24620390596584
75.0,81.9641820064215
94.0,105.04396753398399
166.5,81.50761035631126
115.0,101.92606507270251
65.0,89.02062598650008
39.8,114.05836156661628
175.0,107.45732385109773
126.0,104.95263947733325
81.5,153.6158503372688
75.0,105.19389546659835
119.33,113.2809934909641
62.0,98.65272667664011
29.0,99.7224470667926
68.55,78.37654756101271
99.88,119.78565280751053
55.8,98.54841129749354
170.0,80.7117704720645
110.7,100.37476653107795
88.63,108.25357360941157
68.0,107.77275096942262
131.0,106.9029129676373
32.0,82.95121976013405
29.0,99.91802186944648
45.8,100.85627533507528
102.43,105.8394964260913
153.0,100.36174417767907
80.1,99.98340959767725
174.0,116.8480648879262
84.24,101.13791255120931
127.0,107.07888560704941
123.0,168.5855323841157
108.0,96.1742249902916
25.0,80.32041353866381
127.8,103.94806445641555
130.9,131.48921536069952
90.9,96.47408085552033
159.0,119.33307775097414
298.0,181.1863910674597
81.0,101.2868373092908
121.0,106.7787873828247
231.8,107.58775328451681
73.74,106.76906307708825
130.5,111.37629752322479
80.0,79.50097489760144
68.6,107.6853508732023
125.1,142.05522531845287
90.0,113.97882113033943
35.0,83.42329331586572
85.5,98.70491903995078
62.0,100.13340687776638
127.8,113.03966815422424
273.5,101.65318774132966
85.5,99.98985142690194
134.0,99.75493360281503
165.0,106.77051752010925
94.5,99.13537735011982
206.6,178.8130356376007
199.0,107.00075220098748
80.75,76.7067694173603
68.0,100.45958341102926
140.4,104.58729221982726
156.06,119.60702760435463
90.0,81.62501743633146
143.1,149.06602242849192
126.0,117.80699303880439
137.7,115.64791506435462
35.0,80.96615247877496
137.53,119.09171809766255
122.43,106.15923113012948
151.3,128.61274190020438
80.3,107.81605626785779
95.0,107.02032004765752
114.0,113.11600784336713
87.27,101.6685859829046
92.85,138.3904263249433
85.0,110.66524020235761
42.0,88.46621510303966
44.0,100.45958341102926
97.5,100.60958069111837
164.0,99.50072460762581
79.46,106.35490959682984
147.7,145.34923839976466
151.88,98.82208447530631
75.0,99.8640708201198
212.5,120.7249094476722
72.25,98.1242911525027
90.0,93.81285370839558
84.6,79.38115689850213
160.0,88.46204549794456
99.0,102.98503604791702
125.0,98.00037289578304
49.71,101.35295153648673
184.0,106.70723450093695
134.67,106.95507101437624
109.68,106.77468712520435
82.45,106.36793195022872
87.21,106.87669596364962
158.4,105.75492119080468
162.0,119.15714014246507
198.4,119.24195702241637
110.5,105.21332533265019
85.0,96.85238111895043
165.8,107.99206322384161
75.54,79.7007193053504
80.1,97.74609455311906
74.8,112.36113168595122
48.9,126.9243647678431
121.0,113.73749579359958
112.0,99.74201491346264
41.4,110.35876949638296
91.0,107.75735272784769
44.5,107.65534388940242
35.0,80.96615247877496
104.55,100.2766856530631
76.0,100.7009087477691
9.0,107.93246017334513
65.0,98.68524752923427
182.33,107.45732385109773
208.43,108.34652237146011
78.0,100.44001556435921
72.25,104.37845341910983
94.5,100.10081667769747
110.7,117.72189151052915
60.59,98.68531687670904
144.0,100.23128042768826
102.13,139.45339389373163
140.0,107.28762074372037
0.0,87.52688911540322
100.87,105.22638200262078
258.0,183.63902105853174
159.0,100.00952293761844
68.0,107.20294184438727
125.0,112.90913505675867
135.1,157.64689609877075
87.0,156.42942909096206
35.0,81.6445852830015
98.1,96.85909962374282
89.1,102.96323029368912
89.1,112.26339611664751
88.0,106.70723450093695
56.0,106.45926000687945
42.0,110.28924719396014
122.23,145.31010270642457
155.0,105.29834954069445
115.5,87.46818557539312
30.0,82.27716388909558
38.0,81.66415312967153
45.0,77.13956929913368
126.0,107.28117891449568
0.0,100.30304063766897
75.0,113.76570906048042
125.0,97.459088029768
65.0,99.98995509094841
79.43,106.02876738013869
99.0,106.06793739005047
62.0,99.29846561675126
80.0,80.73374923781364
109.0,94.32179073333774
102.0,107.31363041961507
120.0,106.70723450093695
130.5,101.82812217530586
149.0,146.01451086997412
74.0,113.8028141743556
79.0,99.27879410603475
84.0,98.23494541115878
80.27,100.61602252034305
147.25,107.08543110032056
98.0,107.02032004765752
110.22,129.59771475788034
171.0,106.70303057927013
100.0,80.77054335954936
56.95,98.01987210930965
37.4,99.39616686948324
176.25,146.0409997674107
150.0,100.24433709765887
181.5,105.18083879662774
148.5,108.15522083794781
76.5,97.2437037357794
124.0,100.45958341102926
81.9,106.19175198272364
77.1,111.86539002592917
179.1,172.93458407106473
109.65,81.62501743633146
89.1,111.51988729066096
82.11,96.4283996689091
69.02,106.60918793949382
76.0,98.47007056333865
70.0,81.5056443422023
29.0,106.36786260275396
86.0,99.07660446263498
255.48,126.03781402910568
89.0,88.20532191962977
85.5,99.40925785602556
88.0,87.21380356868266
76.5,103.03499050366983
37.0,101.60977877884801
78.18,100.5793320626538
85.6,98.2241959962208
76.4,98.20490411078717
58.0,99.76158276013267
244.0,174.70382215346513
98.1,87.19430506948738
132.6,102.2783556602379
58.0,82.42075365653173
82.85,99.88536303623411
90.71,81.66415312967153
84.15,103.33952951210723
70.0,107.12446312961416
69.56,99.98995509094841
169.2,99.16800186676046
64.64,111.20635277118274
151.0,99.38317883265609
60.98,98.92674587749536
116.07,119.27405524606839
111.6,100.19204107030171
83.6,111.23270775578862
100.2,97.42646351312736
230.0,118.7658175256361
106.0,100.1334411943381
95.0,81.6445852830015
149.0,106.35501326087632
98.55,137.4000024306725
87.31,106.15933479417598
82.45,100.1073278543969
167.18,89.23486912533758
168.3,132.35037362570228
134.1,149.1508049918715
112.67,105.62996544298045
144.4,108.01152740646518
83.22,100.0419058095944
170.0,106.27002336940379
108.0,102.7218012929028
100.3,106.54404257025902
136.43,125.34608769236267
59.0,98.50279874402577
171.0,117.81333120398259
125.0,100.348583843662
79.0,106.74637019427703
118.8,104.56110953241131
88.0,99.20706821262579
132.85,95.71741169551669
137.4,99.50065526015106
194.0,98.27428843259182
123.0,99.3180334634213
160.0,177.11742011524353
88.0,106.83115275765661
145.0,126.38272590602934
127.93,126.57886203257486
105.0,79.46166619274013
117.9,80.71180550296754
139.0,100.13988302356276
96.9,113.97871746629295
68.85,100.40087987101914
0.0,88.40089672228363
279.0,180.67121954138582
60.0,120.57879712435424
37.0,77.01575470646053
67.76,106.41361313683996
89.26,137.75119856153157
58.0,100.81831582778932
62.86,99.37680635090618
127.5,99.89425010110962
319.05999999999995,132.82878534661216
134.0,100.76195385938355
75.0,81.99914809466647
73.15,100.1790880643776
78.3,99.44195172014095
51.2,107.34642794777695
55.8,104.88067193925959
113.6,113.91350274958342
105.3,102.91741041212839
202.67,105.71557816937165
172.0,106.78550588761709
92.65,118.3483472522942
65.0,81.54674604965132
134.31,105.05030569916218
0.0,164.5630260830476
130.5,97.5243720939523
55.68,98.5284631112093
126.9,99.44195172014095
67.0,92.09339778455809
217.8,137.01936730051537
68.7,107.22902086775673
183.0,106.6768822084259
126.9,113.10488287093378
39.0,99.5005859126763
89.1,95.82882113695103
99.0,97.3546339556719
117.9,106.13315210676002
81.6,102.61752023032794
155.6,143.71001509459745
40.0,107.85519196119785
190.88,139.29188566883636
95.0,81.66415312967153
86.8,139.14713051585
152.1,115.98046479369873
72.25,105.10918225069352
58.0,100.36174417767907
80.0,99.47677982776773
180.0,113.82238202102563
103.0,88.50118119128463
58.0,119.90540145913508
80.75,98.14392834664748
77.71,101.29424799647663
126.0,113.39840057098431
49.22,99.72241275022088
185.0,100.45958341102926
149.79,104.78283270590941
135.0,112.86348818671917
55.49,105.87863211943136
220.4,107.17917007605041
93.6,111.07626864647483
115.0,101.42715698211825
172.71,100.90264941841124
250.96,182.28873597425283
115.04,87.67044456626766
117.04,107.2225096910573
174.75,154.61613052734822
48.0,113.93978910104585
48.0,113.89648380261067
63.0,101.72963109451905
70.72,99.14199219086575
180.0,181.297183306734
86.0,98.83341677583263
88.0,106.69417783096637
89.0,100.45958341102926
130.01,131.10016568233144
115.5,87.46818557539312
117.9,98.92013103674944
110.0,82.01871594133651
111.85,106.06793739005047
62.0,98.42452735734562
146.67,106.98108069027096
91.8,107.50948189783666
125.51,99.74849177359036
75.0,99.82025198357105
55.0,100.19193740625524
135.0,142.7269053013153
108.33,105.83970375418426
149.0,88.12705053294962
48.0,107.41818815775764
26.64,80.64455542467428
132.3,98.84830147929398
65.0,94.91188623125205
188.0,117.84157081467893
29.0,99.76158276013267
42.0,78.27471173408868
75.0,82.33820900071002
64.0,83.65872500677106
88.26,114.81379670792626
31.45,77.93950944100078
126.0,96.77410973227029
89.89,100.1397793595163
190.0,81.66415312967153
88.22,145.36226075316353
170.0,81.70308149491865
87.5,86.97905875611701
165.0,138.05143476637448
107.0,99.67686954422786
103.06,103.73288749051993
284.0,113.17877732442585
139.5,97.93574106466184
285.0,138.3384412897256
80.0,110.83480532911676
66.0,107.40502782374057
135.75,113.47649894614321
94.5,97.6678925139137
46.8,114.0506506877949
160.0,99.72882026287384
189.0,130.70667450541936
44.64,98.95285921743655
139.0,94.45297300953746
190.0,107.72472821120705
90.0,105.99624652754454
166.0,103.50024189056262
96.3,112.99391762013825
189.0,98.26788091993885
80.0,72.10181427320266
94.5,97.10025194896144
114.3,105.26551769596085
130.8,110.5674703164822
100.0,138.599230809089
75.0,99.8640708201198
168.3,118.54402571899456
76.5,112.12649053743203
142.6,137.26200239478072
315.0,169.3159845401317
89.1,103.21761230039958
207.9,175.9301196335496
107.1,99.05069845078674
98.0,80.69227197286924
79.2,112.0742288266466
153.42,98.78966728675864
116.1,107.26805289705032
201.43,124.69961513116994
234.0,138.92406326825466
194.0,106.22448016341076
80.45,107.00285212792713
71.1,102.09556085198692
207.0,119.06584640238606
83.3,101.3333836898167
117.0,104.63293908986677
59.0,136.87726030212593
48.0,107.12983282245767
67.0,82.49902504321187
93.6,104.75696101063289
134.3,99.99636260360137
54.0,104.29377451977675
101.0,99.14836467261567
183.83,105.76783988015708
106.0,99.71586725694972
43.0,107.98789361874651
104.5,176.8238680986213
53.87,100.5637264929859
85.0,99.86582950613581
85.85,100.09420183695154
46.4,114.1224108977756
106.0,175.77374987171055
130.0,100.30304063766897
39.15,98.90697070273237
93.08,110.87397533902856
144.0,111.70888156914063
106.0,81.5858817429914
98.09,140.37225252421166
142.0,81.66415312967153
161.0,183.97818562862176
139.5,97.7852995939339
311.0,159.0309152069721
79.2,100.46609458772869
179.41,131.90672066494443
146.67,113.62008871357936
52.59,105.74165719274112
79.2,111.76124694397254
39.0,81.6445852830015
143.33,173.0731797031528
180.0,99.91144205960359
76.5,105.46140349075415
110.4,100.00755692350948
153.0,107.34642794777695
88.4,98.7306790984246
109.0,99.91802186944648
52.7,85.02857793771999
151.2,124.18490055060992
48.0,105.93085879931375
80.75,100.2726540285862
206.5,202.5906058008793
126.0,110.48933691042026
38.04,106.8050394177154
171.0,100.74004444110918
99.0,97.71347003647844
48.0,100.24423343361238
41.4,106.95486368628329
80.75,97.59602863988651
79.2,99.23332024751649
145.0,100.1594508702328
180.0,175.48650170369478
137.7,131.1437126254313
98.36,107.42449200636412
48.0,119.86122862678762
144.0,87.44861772872308
79.2,99.76816328430687
169.0,100.57688682700297
125.1,135.09648259110628
38.0,82.21846034908548
93.0,100.99015317867804
66.0,100.30293697362248
109.65,79.97459981125613
97.2,106.04192771415578
177.0,118.23738200149867
138.0,104.05882237911813
88.0,105.73528399665989
130.0,82.10115693311174
95.0,94.74649070958799
58.0,107.98562139461694
161.88,128.2736466775891
65.0,96.58514977036234
225.0,107.7487718729928
100.0,100.99910959102831
107.64,103.24331098415485
58.0,113.18298124609268
65.42,99.05710596343968
146.7,132.47429188242194
145.2,156.16850159098044
144.0,112.3481786800271
85.0,100.62914853778841
105.3,111.05008595905888
101.68,103.31107460056171
66.0,95.45059022099571
65.0,105.81996289599299
99.0,110.59837046367855
91.54,104.72667806559662
211.3,139.50596659665652
107.95,105.44173198003764
112.67,100.16502821987413
121.9,150.91842236887408
108.83,107.5810347797244
137.0,137.04733896699867
44.0,100.93806447941387
36.1,100.51818328699287
55.0,100.45958341102926
120.0,119.34595343666729
179.0,105.65690894593327
212.29,111.65899646086257
90.0,76.19400881036555
89.0,99.62460783344243
0.0,99.56597364090709
124.5,103.77839566560992
61.0,82.10115693311174
80.0,105.10249806247285
126.86,118.51119387426095
171.0,99.56597364090709
81.0,100.61591885629656
155.0,105.80036073275123
65.0,89.01645638140498
123.0,112.98981736251791
116.0,82.10115693311174
88.5,100.15934720618633
78.3,89.63273723543773
109.34,87.93137206624928
118.0,107.89432765453793
197.0,125.77661463567516
118.0,105.93096246336023
75.0,100.66166939038256
73.8,110.71750191314304
79.2,91.99376249429127
66.0,101.29424799647663
117.0,94.76534003004909
85.0,100.30944815032193
120.0,100.0029774443473
59.5,100.53110197634527
60.0,80.96615247877496
178.08,122.13726704849756
101.65,133.1789372814893
161.0,119.02019953234654
127.82,87.84648583882321
101.0,119.4310206483708
89.0,102.12260873331753
139.0,118.65481795826884
80.39,105.85276042415487
120.0,106.42250020171545
130.5,138.35787115577742
120.0,106.70303057927013
117.0,105.63086495346683
127.8,104.59390706057319
76.5,104.60675640245083
116.1,99.26818267171498
0.0,545.8489139612701
160.67,108.38993133394175
164.0,104.86999115746505
125.1,106.86174191271351
90.67,104.83502506922008
74.0,107.02032004765752
161.0,101.07920901119921
142.2,131.75672338485532
99.0,97.38743148383378
95.7,116.61303542703659
80.0,99.05720962748617
111.0,81.56631389632136
149.5,107.57462726707143
108.9,106.47231667685006
92.5,105.82650838926415
54.8,105.931031810835
109.0,100.45958341102926
262.0,143.56425676707818
48.0,101.63179186116886
62.0,105.17439696740308
110.0,109.33531317843007
137.75,109.6524296352962
153.3,107.02896546786833
70.2,81.40977112296108
98.1,106.57677075094614
35.0,106.88334512096728
144.0,111.91124422406165
219.0,107.21813275786924
177.3,188.82346293498637
143.0,172.22104719797503
186.25,82.89668582521905
72.0,98.2223033973741
105.0,81.66415312967153
171.0,117.07626420722069
58.0,105.7288421674352
155.0,105.63079560599208
85.0,106.25042120616203
74.0,78.08537143256652
54.0,102.63271114380991
154.1,138.892852173186
130.0,109.39343383285183
85.5,104.73077832321695
93.5,99.48115676095578
98.8,87.27240344464629
76.95,81.03126353143801
72.64,106.76583437690059
182.0,104.39147577250871
88.0,113.86802889106514
45.0,82.04245339310164
101.4,103.83716855309478
112.5,111.36968268247887
164.0,113.97237930111476
106.86,100.92221726508129
65.0,83.14527752143661
75.6,84.30136686379474
58.0,106.681051813521
46.0,82.35788051142654
211.0,112.50468713681565
161.0,99.1092289792756
136.67,107.00064853694099
88.4,114.81369304387977
146.8,110.63912686241642
190.0,100.44001556435921
95.4,107.00075220098748
100.0,99.7224470667926
72.0,94.91747155364959
90.0,91.36053470946302
212.86,188.0780567280343
127.5,100.72037293039266
121.0,100.10295092120884
56.98,105.12875009736356
45.0,101.80118397640678
77.35,107.21579118626491
101.58,115.38008807530316
105.3,97.53074457570222
161.5,151.96854059578482
91.0,107.00075220098748
73.25,100.27675428620654
30.0,81.66415312967153
91.25,88.42697574565311
74.37,106.78540222357061
108.0,176.36061226029037
93.0,177.7328761103184
76.0,101.47035861650694
139.0,100.45958341102926
91.2,100.36815169033203
37.8,98.1699380225422
160.0,106.45274883018001
129.0,107.14423830437715
50.0,99.90496519947587
98.0,113.38524023696722
95.0,78.73548730586575
74.7,99.32444097607427
60.0,100.45958341102926
119.0,103.8199765946008
68.45,112.61368565917091
154.0,112.58523074762537
180.0,107.00726337768691
93.65,102.79579941044136
135.33,151.38798134148016
84.2,106.37027352183307
79.2,98.26788091993885
76.0,120.67897792930876
88.0,113.48311378688912
156.67,121.21382096609914
147.87,144.91199295165978
79.43,112.55036832342688
193.5,114.94994944436108
57.8,110.58056130302452
84.51,87.13556721290556
112.45,98.22860724598058
85.5,85.40694683429354
158.95,174.31908006081034
100.0,82.35788051142654
63.75,97.68084551983782
189.0,97.3156019263783
83.93,107.43765234038119
170.0,105.61787691663967
139.0,114.01806048772599
106.2,96.32422227038073
67.0,94.86623936121254
115.5,105.98312051009918
63.0,100.45958341102926
138.0,100.89658721446946
209.0,106.13301412614183
73.88,101.8052762612709
58.57,101.02029814309614
135.33,99.05937818756928
107.1,97.19164935308694
85.0,100.942026756416
126.0,99.95081939760834
104.55,113.24140882486637
127.33,103.04794350959395
129.0,86.94877581108071
71.04,111.67832266286793
142.2,130.17827329785365
108.0,106.10531439737456
142.0,143.44440445140714
147.5,125.08512516147802
78.0,106.80507373428713
65.0,101.06579834542991
148.5,104.99177517067332
35.1,81.81415040976066
180.0,99.76158276013267
53.0,89.01645638140498
119.0,130.69361783544878
97.93,107.60711380309388
119.0,124.57625748401063
109.0,106.64842729688036
144.9,107.37488285932248
193.0,105.135261274063
120.0,138.50793706900998
25.0,87.8855178681168
95.7,98.71149956412498
68.0,100.4072873836721
126.9,99.85298016425817
79.0,82.29917697141643
139.0,112.11980634921136
61.0,79.68342368280994
112.2,99.74198059689091
156.0,99.1483997035187
74.0,81.55325722635077
80.2,100.78772189061358
113.0,113.58105668428578
148.5,99.59849449350122
135.0,99.51360826607518
168.3,130.75886686873002
32.0,82.73607711081016
271.0,117.43082701888565
70.0,100.13995237103754
200.0,97.77203559587035
127.93,126.46145495255466
117.5,107.1638061510472
37.8,117.55211905567703
110.0,95.85927709350858
29.0,105.92441697008908
108.0,105.42877897411353
36.0,81.91829349171731
0.0,81.56631389632136
104.49,100.10970374257296
60.0,100.44001556435921
85.0,94.76605855625803
87.0,104.46978147576058
187.0,100.1812566244607
105.61,112.94172525682758
139.0,81.9469557313558
61.8,106.65728004518414
48.0,99.76158276013267
78.0,100.34196900291607
198.0,80.45077362460813
125.0,105.93754298753444
30.0,101.62690138986721
81.0,97.71333205586023
96.0,100.44001556435921
81.0,110.14572677399873
156.6,183.35201453518061
171.71,102.19905208650692
75.0,105.36339124588275
90.0,90.77983747454017
115.0,98.50813373467109
146.0,107.88588478030124
99.0,106.49849936426601
176.42,171.6193663990797
246.0,98.86793867343877
119.0,129.9304718153174
46.0,97.7656280832174
132.3,98.61345300268185
268.5,144.14247373544714
161.6,120.24439301770386
55.8,95.046312258245
67.0,94.68778716957789
169.0,175.72768834548512
100.3,97.1590248364463
99.0,103.62199158719915
99.0,99.85931832943636
30.0,80.7704740120746
135.0,105.08299956327758
128.0,101.235648120513
126.0,106.58982742091675
110.0,87.27257645616753
75.0,98.42435434582438
76.25,101.98463063209442
58.93,100.7659161363857
144.0,105.84590393874424
108.3,100.70741992446855
45.0,81.46847466297119
36.04,111.95037991740172
91.38,113.47649894614321
133.3,107.37233395962518
90.0,114.97023581724005
71.25,152.36868093001453
56.82,98.92653854940241
92.0,88.2248897662998
88.57,98.0851211425909
130.0,186.6643849605366
159.0,108.2529564072515
60.0,113.3658103709154
120.6,105.23950802006613
63.47,101.07900168310624
91.73,99.80061478942626
130.5,96.70245318633607
37.8,106.57890499445753
270.0,107.7659981480585
90.95,94.56294305855634
58.0,90.99652952741594
101.5,100.1334411943381
37.6,88.55988473129473
149.57,107.15054215298363
55.68,98.86793867343877
199.67,110.12385167229607
114.3,99.42245322094567
125.1,112.37232600585934
71.0,100.44001556435921
126.0,110.90012370987279
193.5,104.39812492982635
189.0,147.96360817422408
78.4,100.28347279099893
170.6,117.06299223640092
79.2,100.25735945105774
83.9,105.75474817928344
73.44,100.47239843633517
80.0,81.30531704886499
78.0,132.61732032596643
189.0,116.94600778532285
68.85,81.60544958966143
88.4,117.52610937978231
99.9,81.16179662890359
208.0,106.17879897679953
124.7,96.51972772555983
62.0,99.4094308675468
132.0,137.45768086148104
150.3,131.56104491815498
141.3,118.26997220156758
101.18,87.01168327275764
93.38,120.63657481006246
224.0,157.66861094382722
155.0,100.87701936779942
50.0,100.961801931179
125.4,87.27250710869276
42.0,99.53334912426645
54.0,107.02032004765752
58.52,86.35932949190057
133.0,107.02032004765752
108.0,101.15748039787934
86.4,101.47046228055342
64.8,101.15727306978638
87.0,100.51818328699287
68.0,114.26641053927887
50.03,113.43967050783576
108.0,98.10472330583266
26.64,79.85691676999951
183.0,177.1914182327821
48.0,103.87223830538623
110.5,82.83391634416033
55.68,109.26297008286102
121.5,98.33950314930135
154.93,131.28702571729974
117.0,111.6438055473806
110.0,104.31341171392154
112.5,149.07253360519138
258.0,177.84246225611366
122.0,137.97967455639377
124.0,107.35948461774754
65.0,94.5891257459723
187.0,124.60237082395182
139.0,99.76158276013267
181.18,140.47781343688712
64.68,99.58536847605588
80.08,106.25717402752616
60.0,100.17901871690285
48.0,106.3941489542164
42.0,106.69407416691988
107.1,136.53144657471825
108.0,118.79795006585982
95.4,100.01603411431788
77.03,102.61745088285318
160.0,88.52074903795466
80.0,113.56148883761574
128.57,106.09387843280174
126.3,86.60961124099069
205.63,81.2532283496008
61.2,97.85264855415483
88.2,98.32014263072429
141.0,97.29834133474088
112.58,104.76326485923937
87.0,96.03063522285544
71.67,107.19632700364134
136.14,105.54597872604077
0.0,88.25975219049829
42.95,103.13913358562648
90.78,103.93511145049143
100.0,114.01806048772599
90.78,107.4945971943753
118.0,110.80893363384027
121.5,135.91192463859477
129.0,102.33688618872677
234.62,107.39817133832997
35.0,81.66415312967153
43.0,81.66415312967153
214.0,177.43680951057055
125.1,133.72032581155088
174.0,112.35475920420129
110.0,109.80676953200165
121.59,143.63377906950103
4.0,88.08791483960955
99.51,163.79974208229805
122.4,98.86938073455674
134.5,81.2750341038287
40.5,93.95295808037386
98.0,98.49604592266164
65.0,94.78135313378648
111.0,79.82477554268826
125.0,99.278967117556
144.0,124.41337654547215
89.0,112.21006259818579
37.8,112.983202521772
149.5,106.79201706431652
70.88,107.67887401307458
112.25,113.06557416607248
90.0,81.43168054123547
70.0,80.80550944779435
120.0,106.25062853425499
120.0,100.45958341102926
121.5,118.53843598745017
245.0,137.61001971317452
86.23,96.81321110903863
116.5,117.78038772244629
189.0,108.29209210059157
66.0,104.49827141820916
81.08,105.94398481675911
119.71,87.53326231148445
95.0,81.54247278050975
222.5,82.55824212133557
109.8,97.88313882728409
194.0,99.6963337268514
142.0,113.5419209909457
85.07,88.2574799663687
72.25,111.72211125063245
115.0,97.86573954069715
71.0,79.93797870104164
130.5,97.23722687565169
65.0,106.45926000687945
109.0,100.16606571097873
75.0,88.62275787639993
149.4,113.07208534277191
104.0,100.53130930443822
87.32,103.51095698892887
148.0,113.40484240020898
159.3,131.17612981397895
43.0,99.76158276013267
110.11,94.74649070958799
73.15,106.26998905283207
153.23,87.93126840220279
162.98,129.5827607069442
189.0,117.9046249440616
69.0,106.47893151759598
78.35,105.1154860993
95.66,98.53518161600171
296.33,145.74924075337617
157.5,104.80260788067241
115.0,106.68756299022044
67.15,107.90083883123737
93.6,112.48515360671735
129.0,100.89658721446946
123.5,122.37814748026727
42.0,88.31845573050839
76.08,150.9837407496301
106.2,100.32495005594335
116.5,113.66583924766536
60.0,101.25115002613443
208.5,105.46784531997884
99.9,106.61580278023973
85.0,99.70287922012255
84.47,101.50949430984701
58.5,77.57026925396742
72.9,80.9009034454937
180.0,107.39862031108761
78.0,99.93765906359127
92.82,98.17462116575089
162.3,176.68272356683593
99.0,80.28127784532373
194.0,106.50483752944422
50.0,81.53368937968074
72.25,105.9049184708938
57.0,98.7504279293721
80.75,96.30448141218946
159.2,107.38545997707052
162.5,101.18989758642701
88.0,100.47904759365281
116.18,104.99787169118683
75.0,107.31617931931237
88.0,106.64842729688036
74.8,98.82218813935279
108.0,94.62908362956779
121.0,113.66583924766536
108.0,107.00075220098748
85.0,107.11140645964358
41.65,82.4531708450794
55.0,81.76657184218391
99.0,103.14578274294412
140.76,117.66326529075002
46.0,100.38131202434911
162.0,117.07643721874194
106.0,97.06762743232082
90.0,81.61196076636087
41.11,106.9029129676373
76.0,99.58547214010235
131.0,100.61602252034305
36.45,106.42022797758587
75.93,106.52457838763547
105.0,99.81381015434638
58.0,113.26135629681929
89.0,81.66415312967153
67.0,81.44890681630116
39.1,106.05722229168421
75.9,112.86345387014744
180.5,136.05744132144935
96.3,104.88732109657722
140.0,114.29852151780591
62.0,93.1541617623603
68.0,107.02032004765752
38.5,81.07711772957049
177.3,176.38035311848165
90.78,100.77246162965685
54.0,107.45732385109773
152.0,119.56109608599118
93.6,99.05720962748617
151.2,130.28916920117445
85.0,96.8524847829969
127.8,99.72902759096681
142.0,98.0722024532385
57.9,100.21822375771768
95.0,105.0177505299963
137.33,105.9746776358625
152.0,113.58105668428578
164.0,153.7877354739356
139.5,97.7135393839532
90.0,98.11774565923153
117.0,116.73688433628148
85.0,99.74208426093739
65.0,101.3267951928863
48.0,107.00075220098748
59.5,98.9526518893436
76.5,104.79171977078491
123.38,97.10131405609167
89.0,93.69626881863078
41.84,108.60090437817055
153.0,99.37029517420673
142.33,106.32221573271445
112.0,100.85745152112938
70.0,101.25115002613443
53.37,107.81584893976483
61.0,88.23140094299924
81.0,100.3095518143684
140.0,106.34185292685925
142.2,98.80282762077573
150.0,106.32231939676093
87.0,100.45947974698277
84.05,124.94269919819291
26.1,119.24156871004595
108.24,102.80648019223588
86.4,80.15742893607884
207.0,100.12031517689273
114.3,131.535069558832
159.07,82.06202123977167
89.0,114.72718611105591
39.0,88.49863229158733
182.85,183.90642541864105
29.11,105.37662092737457
80.1,95.14346728195795
140.4,99.10285649752569
112.8,100.16606571097873
90.0,112.8830560333892
62.16,106.76580006032886
99.0,100.37459351955671
43.0,93.3178648911542
130.5,103.62853708047032
60.0,100.2898803036519
74.25,101.98463063209442
85.0,97.97436321988833
101.0,106.76593804094706
61.0,97.62854949248066
55.0,100.79457837602419
37.0,99.3637839975073
126.0,100.56393382107886
159.3,138.14779123067797
32.0,99.98995509094841
115.0,100.54436597440883
112.0,106.78550588761709
209.0,105.83953074266302
74.8,99.7484224261156
72.25,105.96344899938268
62.0,105.85920225337952
47.0,102.90031772118854
230.84,223.0569860027967
189.9,176.1390277817418
146.67,111.84582217925914
103.5,100.57695617447774
90.0,98.2484167373153
99.0,82.97516453999215
135.0,99.68989189762672
121.5,142.16191730010684
79.0,100.22476925098883
100.0,76.7092840004859
191.0,124.92196754737182
125.1,117.62416391398166
116.1,105.35043823995863
80.0,81.54674604965132
64.44,119.5806296160895
125.0,110.88069384382095
78.3,99.23566181912082
67.0,81.76850353972115
130.0,81.66415312967153
72.08,79.83111370786645
122.25,142.61604371456622
76.5,99.17461670750639
126.0,107.69864918783757
66.4,99.17444369598515
80.0,107.18337399771724
168.0,177.2804397487315
108.57,107.02683122435695
108.0,106.30264788604441
96.8,101.1010147654271
56.0,100.83788367445935
64.0,99.55284762346173
155.0,176.56114688172065
96.3,110.95875790240814
89.0,100.21171258101823
45.89,106.06783372600401
96.9,125.30044082232317
165.0,100.12682635359218
150.0,81.50761035631126
104.72,159.968855011759
144.0,99.20052271935461
101.0,95.16392666635817
76.0,100.43322842642337
85.0,99.85287650021169
90.6,80.03574858691707
135.9,105.87866643600309
126.0,151.68818322975136
230.0,119.45720333578674
125.1,136.06202558273037
35.0,80.7704740120746
57.6,108.05972317620198
65.0,81.5858817429914
168.3,124.79822230217341
134.0,105.9788472409576
140.4,82.15148694635994
40.23,106.204878000169
90.95,106.641743822991
101.45,108.1943565312879
88.0,100.57688682700297
42.5,101.33989486651615
79.0,81.5858817429914
226.14,100.62894120969544
52.4,101.07900168310624
148.5,137.3404467929821
42.0,95.65963400980847
73.0,99.0311306041167
95.0,81.48804250964122
319.05999999999995,81.66415312967153
118.5,186.81438224062572
151.0,107.56167426114733
95.0,88.10748268627958
63.75,96.06560131110041
75.86,96.14790432225746
118.8,99.31810281089606
48.0,146.57780881831002
230.0,105.95039232941207
127.5,103.2891308657156
154.5,106.28959121607383
160.0,106.86377727429723
90.0,96.1284401396339
123.25,151.63822877399855
81.75,100.33545782621664
65.7,97.40689566645733
142.2,124.9417084055631
90.7,112.57461931330559
106.2,102.93942349444924
106.0,79.12257097012485
40.0,100.32250482029252
0.0,75.98293210209026
89.1,105.37641359928162
58.7,98.92633122130944
84.24,97.38743148383378
218.1,175.9976759218635
100.3,96.63710048900833
166.08,100.4203440536427
0.0,95.57719301803323
57.05,82.4011858098617
87.0,113.74400697029901
72.36,106.71364201358992
60.0,72.99559705484607
70.0,99.52022310682109
121.8,98.53538894409468
0.0,107.00075220098748
128.44,106.7724492176465
202.0,107.28762074372037
56.7,101.84765570540418
150.5,137.74937052804083
170.0,106.58972375687026
78.88,97.38722415574081
40.0,88.18575407295972
90.95,104.80911905737184
38.83,102.04226766848194
86.0,100.77918013444925
98.55,98.66802125416858
87.0,80.10523657276818
79.2,104.71121047654691
142.19,106.36135142605453
170.0,184.35627856395888
37.0,87.22672225803505
72.0,99.40274667932613
74.25,94.83045108271216
85.0,106.82464158095716
98.4,98.90697070273237
86.63,103.07402253296343
224.0,176.34755559031976
84.0,100.89658721446946
113.4,101.39759523199338
89.0,105.93096246336023
76.5,80.8551529114077
177.0,131.86772295222258
170.0,81.16406885303317
84.6,110.76311375227951
74.38,81.37042810152805
81.0,106.28308003937438
186.88,137.84252661818232
86.0,74.01536298924574
40.0,100.44001556435921
111.0,104.85714181558743
75.0,105.27216685327849
133.0,88.34219318227353
104.25,183.6008068103467
73.8,111.36327516982591
42.0,105.49402800739479
79.9,111.69141364941024
54.0,81.30531704886499
147.06,104.39802126577987
37.0,81.9641820064215
57.6,98.0136025772749
124.0,107.7899429279166
75.0,80.30074202794728
118.08,98.1112344825321
229.0,126.25275413245544
140.7,125.6941393273282
99.45,98.52233227412407
61.0,127.0443207475606
86.4,105.85269107668009
243.17,146.3821303516097
114.0,101.11834470453928
111.0,106.32883057346038
67.52,100.60541108602328
43.2,105.32810853273973
140.0,100.95101748533799
62.18,93.77043994769059
77.23,106.02876738013869
119.0,104.95243214924028
139.5,91.79153853431976
109.5,96.74165822715091
119.07,99.76816328430687
79.57,77.82444393258491
63.0,81.6445852830015
98.1,79.07743763819894
112.0,96.56781983125016
95.0,88.58362218305987
140.0,113.70497494100542
140.4,99.65302842841623
131.4,106.8244342528642
101.7,89.01645638140498
244.0,134.4444054858169
140.0,106.37454679097465
94.5,100.27675428620654
119.0,79.53115417859125
78.19,119.6560068386283
45.0,100.45958341102926
95.63,105.7937458920053
112.2,100.44001556435921
68.0,99.53864979834006
26.1,101.11813737644631
118.0,100.45958341102926
31.0,81.54002754485893
36.0,81.52707453893481
123.12,105.88751918430687
0.0,100.81414622269422
70.75,113.359091866123
77.03,104.73077832321695
101.0,98.5680134607353
109.0,99.44856656088687
72.45,95.00625071060301
117.04,100.19858656357287
65.0,93.8723794386611
74.88,106.78774379517495
121.5,150.6772006961807
119.0,112.11987569668611
54.5,82.57587859917322
140.4,98.37216198251372
29.0,106.9616165076474
78.0,113.0097257357803
168.3,172.02977998103444
65.29,96.57860427709119
122.4,105.91697196633153
90.68,113.0591323368478
76.13,102.00520165329732
36.0,81.62501743633146
160.0,176.41928148372875
96.3,102.21296793200713
74.0,80.24221149945842
62.0,95.5576251713632
119.0,106.46814707175496
229.0,106.9029129676373
108.54,103.26312047548957
38.33,114.05292291192447
139.0,113.32667467757533
166.5,107.24838138633382
151.5,104.5477769012043
43.92,81.02492536625982
119.0,81.66415312967153
230.0,112.66770605597233
178.75,148.46162277270702
62.0,99.18095487268458
89.1,95.94592200695062
126.0,81.66415312967153
119.85,98.22209606928115
148.5,100.53347786452133
180.0,98.43754971074449
94.5,104.248196997212
184.0,117.91778527807867
126.0,104.17622945913834
139.0,99.6637435267825
163.0,120.68914240216365
80.0,79.79204736200114
75.0,82.12306635138611
29.0,98.75063525746506
132.6,113.69836010025949
240.0,180.66460470063993
80.0,94.62908362956779
147.67,113.90716458440521
118.5,157.92973301702676
123.5,119.93939634942129
305.0,106.85072060432664
96.3,96.44162935040094
147.25,104.82200271582121
248.0,194.20341026662015
46.4,111.46772924392201
96.25,98.98527640598422
75.0,107.20294184438727
98.0,87.44861772872308
80.75,101.07910534715273
90.0,99.3553068066989
160.0,105.90477977594429
93.6,108.79974927543313
120.1,94.31090262345023
286.6,176.65233695775316
252.0,131.36547011550113
92.71,101.58776569652716
89.0,81.37714660632045
37.8,80.8419582608189
145.25,147.38308395082245
40.5,106.94204866097738
69.0,100.98126611380255
80.0,106.9029129676373
130.0,119.2158779990469
120.6,99.95061206951539
82.45,99.01797027009962
122.0,106.91593532103619
149.4,98.81567696265336
90.1,88.32802967372358
125.1,161.05907177158588
100.0,80.7704740120746
170.0,82.14263419805616
90.96,109.18556389009555
164.0,98.75718075073621
61.0,100.19858656357287
79.2,113.1634827468974
80.1,96.8523468023787
56.0,107.83135084538624
91.0,106.98118435431743
50.4,81.7839017812961
89.0,107.21406681682063
160.0,104.64596144326565
60.0,87.48775342206315
159.68,125.28066564756017
65.0,99.40515759840522
70.0,79.42036193931696
123.2,100.68123723705258
90.9,117.61099560720838
169.5,132.73511571835706
46.22,109.55714564873324
122.45,139.70794891196334
52.0,98.30701661327893
80.61,105.95039232941207
48.0,105.8069405425941
98.1,113.42447959435378
105.3,102.74129979209806
105.3,106.44213739586024
62.0,99.16149069006102
96.9,114.42243977452556
81.43,105.8222701510256
89.0,100.45958341102926
81.0,80.86421298780445
30.0,81.6445852830015
70.0,105.5527315474049
101.7,173.2949371932226
110.0,81.02475235473858
75.0,81.54674604965132
68.77,101.11813737644631
35.1,81.66415312967153
77.76,106.23750251680963
175.65,151.87083934305286
70.99,106.15258197281186
115.0,106.32883057346038
25.0,81.56631389632136
311.5,164.7130233631367
25.0,82.06202123977167
188.0,100.38782320104855
96.0,99.5005859126763
56.0,100.16606571097873
89.1,106.08757458419527
121.88,113.11376993580927
128.0,105.80700989006885
159.0,181.39512620413066
147.46,106.02218685596449
108.9,103.66749976228914
162.0,100.21812009367119
140.0,117.40256668055807
93.57,157.77285768983035
130.0,81.64038136133468
88.2,86.5420549526768
54.0,88.66189356974
76.1,112.47202758927199
100.8,106.38091927272455
90.0,88.10737902223312
146.7,117.00471132533295
65.0,88.52491864304976
94.37,99.23962409612297
141.56,131.7239952041682
98.0,100.50523028106875
106.0,107.98789361874651
145.8,112.34166750332766
104.42,107.24848505038028
141.3,95.64578946615418
51.0,100.86213466433807
214.0,176.67162812885547
51.0,81.77480738832762
51.4,72.5064008880952
126.0,96.30458507623592
109.0,98.90066685412589
78.0,114.01806048772599
150.3,131.09152026212064
96.3,112.77877497081434
90.0,100.45958341102926
130.0,107.68776107795009
135.0,104.49606782722302
48.0,99.74201491346264
162.0,107.00071788441576
163.78,145.21215980902792
86.46,99.9070308098438
115.0,98.97883457675955
30.0,95.80877406873914
76.5,104.78286702248113
138.6,118.56359356566459
157.0,133.15265533917375
108.0,156.69021861032547
59.0,97.6809491838843
92.48,80.33994706876211
50.4,113.26125263277282
96.3,97.46559920646743
169.0,101.17025241952601
146.0,98.62898922487499
38.0,81.75771909388013
146.7,117.87861526816688
139.5,96.23926669547991
113.4,92.74395550849852
37.8,113.11793954090437
89.0,97.10672880908916
128.0,112.04811548670541
98.5,106.03507122874517
75.0,98.42435434582438
49.0,105.46367571488373
131.67,104.80240055257946
123.0,99.76158276013267
81.25,104.39168310060168
93.17,88.40751156302954
160.0,106.36135142605453
95.6,109.97382007563523
72.0,98.38118774233874
0.0,80.96615247877496
56.0,106.47242034089653
108.0,106.84420942762719
77.35,94.62164659856646
107.0,99.9375897161165
206.0,174.801695703387
87.04,107.4963558803913
189.55,82.21735351050611
105.0,107.37905246441758
40.0,88.06834699293952
131.35,107.93997452457742
48.0,81.35106758295098
86.0,81.60544958966143
69.9,97.73310723062323
107.1,122.19517240207016
133.8,101.00083396047259
182.2,150.3897795166437
79.85,99.38944836469084
137.0,97.70699389068204
93.6,106.60284977431562
78.43,112.9285649228105
126.0,80.8618714162001
104.0,106.40710196014051
204.0,129.7021338010734
85.5,100.06822647762854
146.0,101.6685859829046
140.0,96.39666668999864
140.0,106.44623765348058
125.0,80.31379869791789
81.51,114.1026357230126
90.95,99.27235227681007
193.5,118.45262831486906
58.0,106.681051813521
109.8,101.7368977827016
190.0,170.2756961555467
76.43,100.06147365626444
162.0,99.91809121692123
65.0,82.43615189810667
65.0,80.90744893876486
92.53,101.79250423962424
89.0,80.88788109209482
75.0,100.19858656357287
79.2,117.16086578632282
134.73,115.23044479101273
125.0,113.52734249750497
101.52,101.61873519119827
99.9,113.15697157019795
121.2,100.33563083773788
134.0,101.13791255120931
147.0,112.76564895336898
107.1,107.70415719000414
75.0,98.54827260254402
186.26,124.55899689237322
45.0,87.46174374616844
50.0,81.50761035631126
185.0,111.4023071991195
144.0,111.90462938331572
110.0,108.6498556593905
96.0,102.88488955953423
125.0,102.17589752033014
89.5,106.65731436175587
164.0,99.34421615083727
144.0,104.73067465917046
108.0,99.23962409612297
68.0,94.75879453677794
234.36,173.30148268649376
225.0,131.117793858708
172.0,112.4456726046661
83.01,110.78081924888707
106.0,100.45958341102926
61.5,105.5001508717238
0.0,106.55069172757668
150.71,119.8595472610026
108.0,106.6768822084259
63.0,99.37012216268549
80.75,100.04200947364087
169.0,107.06596691769701
159.84,124.67426972888205
174.67,107.81605626785779
65.0,80.90744893876486
106.25,176.51295111198382
123.3,113.30056133763412
126.0,150.18779720133688
61.0,113.48311378688912
92.0,100.62894120969544
89.1,104.5807467265561
65.0,99.70287922012255
78.35,103.10003220885812
68.0,106.94204866097738
128.0,100.45958341102926
79.92,82.20540367911488
157.67,99.83971616619462
87.0,106.84655099923154
99.45,99.93765906359127
79.2,113.5548396802981
31.2,82.44032150320177
132.33,102.28566268337725
117.9,119.44368900597098
85.5,117.50295481360553
0.0,72.33897000484743
81.0,114.17039933941945
109.16,106.15258197281186
125.1,113.09837169423434
119.22,106.0547770560334
60.0,100.44001556435921
50.0,94.72692286291796
65.0,82.19472289732033
89.25,106.20477433612253
89.1,115.96100061107518
77.35,99.20052271935461
287.0,176.47154319451417
153.9,123.28495261530958
44.5,105.04376020589103
27.0,81.24017167963021
89.46,100.0159304502714
130.0,106.9616165076474
56.7,96.70865337089606
174.0,177.5544239186837
318.82,131.82162710942544
99.0,80.96622182624972
30.0,82.06202123977167
189.0,117.20028612798683
98.0,100.67717129600398
34.0,98.82229180339928
108.8,139.41977061170496
85.0,99.19401154265518
41.0,81.66415312967153
169.38,81.94461415975147
108.0,112.13954720740263
48.5,88.32269468307825
160.0,105.84607623593418
70.03,112.64176572755238
195.95,141.27461137859115
137.57,99.70925241620381
42.0,93.78745889466332
131.85,123.79319033574185
249.0,99.8137408068716
50.0,101.9881827063246
135.0,118.43284516734984
105.3,105.2200781540143
67.83,81.46427074130438
118.15,100.21160891697176
60.0,106.10052759011938
54.0,102.72183560947451
87.0,99.76809393683212
36.0,81.34445274220506
114.3,105.06332805256106
93.0,99.64407201606599
55.2,106.61152951109815
240.3,182.71257944367596
36.0,83.68174126362479
96.3,96.42850333295559
94.0,150.26627591610998
127.3,107.13762346363123
58.9,107.15694966563659
241.0,190.53892226525
143.1,151.60340066637178
52.2,97.06996900392515
118.0,183.21483228039745
115.0,81.35340915455532
70.66,109.46526339030729
72.25,107.32034892440748
174.95,144.54488700813778
128.85,110.93936306725934
59.0,126.8625860794142
93.3,97.78512658241266
68.0,99.46141590276451
90.64,104.88067193925959
73.0,107.18313235305254
166.5,122.32612812847786
144.0,100.89658721446946
72.0,106.0547770560334
87.0,106.9616165076474
108.0,136.10753375782036
128.0,106.98769553101688
141.3,119.0135503750289
111.35,101.09877685786924
130.0,81.30348901537424
120.0,100.44001556435921
71.0,79.93797870104164
101.15,95.50219969871802
151.5,122.8804696644635
112.5,111.66981522327531
152.0,105.63065762537387
248.0,125.60680786425132
180.0,100.45114053679256
123.0,137.51641871806288
73.8,111.128357345739
79.0,81.62501743633146
30.6,107.52253856780726
105.3,98.0983157931797
90.05,140.04448960212272
94.0,81.66415312967153
78.0,100.34747700508265
110.7,105.2460535133373
155.0,114.20068228445574
34.4,88.83790052572384
175.17,107.594091449695
117.0,96.46102418554973
97.02,94.14622562799511
79.0,100.45958341102926
116.85,119.965648384312
134.75,88.38794371635952
92.0,81.85552401065858
71.2,96.30692664784027
110.7,115.58928087181928
65.0,97.63526799727306
58.52,87.29214430283756
97.0,105.54842396169158
127.8,99.74208426093739
52.8,81.62501743633146
114.69,123.84590899204115
79.0,88.40334195793446
118.2,144.93820995564744
282.5,162.7095667168922
126.9,98.28744876660889
42.6,112.9156462334581
99.0,107.02032004765752
96.25,134.81067418847795
27.5,105.50043552004774
164.71,101.11813737644631
139.0,99.94420455686242
184.0,107.1138860118661
66.0,111.66988457075007
204.0,120.92455019137469
110.0,81.54674604965132
85.0,99.93776272763775
72.0,100.15300904100813
188.1,101.67082389046246
101.0,105.98966600337033
52.36,87.16805303459667
52.2,105.36986810601046
116.1,105.49402800739479
85.0,99.25268076609356
116.67,105.0765577340529
61.0,80.51609200536416
114.0,100.50523028106875
69.01,100.45958341102926
72.0,104.28733269055206
36.0,81.60544958966143
92.0,77.72019718658179
83.0,80.75090616540457
88.0,100.81414622269422
65.0,79.79866220274707
105.3,105.13519192658825
60.1,99.87244434688172
195.0,130.56318840202968
135.9,106.91827689264052
59.4,120.23298339694657
72.8,81.97530697885486
87.0,106.74637019427703
146.7,116.20232594781504
120.78,105.87229395425317
52.2,105.78733837935235
80.1,106.0614955608258
193.0,110.75656825900836
140.4,106.1877553891498
85.75,100.30304063766897
165.33,106.69224613342911
72.0,105.91129095264372
100.0,82.08158908644171
105.9,105.1939648140731
85.0,101.17704824454938
0.0,100.44001556435921
114.3,106.49185020694836
112.0,96.29797023549001
214.0,98.99178758268367
99.0,106.91176571594107
136.0,95.1247909730181
66.24,106.10938033842316
74.75,98.98527640598422
130.0,80.61400058618909
125.1,104.39819427730112
92.0,106.94204866097738
75.0,125.21613748048546
0.0,80.2054173777227
103.7,151.77530736473528
89.67,101.31402317123963
136.0,80.50947716461823
82.0,112.84392034004912
46.8,119.61342714425138
113.0,100.62263736108898
199.0,127.43956263773246
85.5,100.46006263257112
51.85,98.2244376408855
147.0,107.63333080708155
72.0,100.60958069111837
116.75,106.93767172778931
101.33,102.94600401862343
71.33,106.56371408097556
135.0,105.31788307079276
68.0,111.83934531913144
178.0,111.57421389748299
120.0,105.51342284254358
70.0,81.08352524222344
50.0,94.1194280784167
90.0,103.2045899470007
63.95,86.45678909996785
56.7,98.75046224594382
77.23,99.72885457944557
90.0,104.69791216191163
103.5,106.89636747436614
73.28,104.17622945913834
102.6,136.30806837925064
102.73,100.78548398305571
169.88,193.9686997706262
49.4,101.39442880143115
88.77,97.85051431064345
98.0,107.36599579444697
114.8,171.17602443046127
154.0,96.87205262966694
140.0,106.9616165076474
6.0,80.90734527471837
115.5,81.69674332974044
108.0,106.76583437690059
75.0,77.19606924815766
135.0,99.91802186944648
134.0,146.1212371681998
121.63,120.00044146103573
305.0,106.85072060432664
160.0,106.22448016341076
85.0,107.39851664704113
61.2,98.88109900745586
60.0,99.08973048008032
36.0,82.5207271333933
73.92,113.87691595594063
68.74,96.61987421394264
180.8,156.568219296268
129.44,122.58051013518832
0.0,88.2248897662998
170.0,82.74903011673427
52.2,111.34377667063063
271.0,118.42241471730753
82.71,110.44344839571608
95.5,106.14861969580971
80.0,108.70194435865469
130.5,103.5305248355989
83.0,107.00075220098748
118.29,106.19171766615193
80.75,98.54834195001878
103.22,104.15903750064436
231.0,120.10265762757396
104.0,99.38335184417733
62.0,99.23321658347001
75.0,107.02032004765752
192.0,98.97890392423432
201.0,99.46162323085747
68.0,99.59187965275532
159.3,81.4293046530594
110.0,81.78145654564527
164.25,113.71778996631133
105.31,145.4754639115169
64.0,100.1921447343482
74.8,99.66370921021078
85.5,100.41390222441802
82.0,99.49414408345162
60.0,82.01871594133651
120.0,88.06824332889303
121.0,102.1283583801488
150.0,106.5920653284746
139.0,88.00964345292942
63.3,94.2238821525128
108.0,97.53074457570222
113.05,112.59591152941991
115.0,88.30550272458427
161.7,119.25304767827801
109.8,108.46058470534311
90.95,104.37190792583868
124.0,106.98769553101688
34.0,98.98758366101686
106.2,96.57860427709119
203.73,112.97434977346822
114.0,108.2488904662029
288.0,117.25488941037659
150.0,113.88108556103575
142.0,100.45958341102926
93.0,112.60917552748347
59.0,107.61600086796938
142.33,106.4004871193946
97.3,127.24213345777234
82.45,98.8549163200399
106.0,108.17478868461785
171.0,99.58554148757712
66.0,100.97475493710311
74.8,100.15934720618633
85.0,100.81414622269422
44.88,77.2285901007518
63.0,100.75961228777922
108.0,105.72222732668928
177.17,99.61141318285362
114.32,97.45895004914979
85.0,81.97958024799644
80.0,107.99867806458754
0.0,113.58105668428578
153.0,100.961801931179
97.0,99.58536847605588
159.33,107.48340287446719
150.0,105.98312051009918
111.0,106.42005496606463
63.72,127.57226429528113
98.6,99.45490472606508
52.0,98.3003674559613
32.4,112.43306490745316
96.0,81.57916323819899
135.9,80.6987138020939
207.9,183.6911791052707
195.0,99.55281330689
74.8,119.65900466681612
191.0,112.56986682262216
74.0,81.89049009890356
43.0,93.88540179205998
206.0,99.79427662424806
126.33,112.47202758927199
80.75,99.57231180608528
62.0,93.10858423979556
156.54,119.30696441103294
166.0,110.52171978239622
108.0,100.13333753029161
92.0,99.76158276013267
114.0,94.62908362956779
119.0,99.64407201606599
60.0,105.47428714920352
143.1,106.10049327354767
41.0,81.66415312967153
94.5,103.25006380551898
130.0,99.76158276013267
119.0,138.59282329643605
244.0,113.67462264849436
109.0,100.45958341102926
116.85,107.30057374964449
160.0,113.58095302023929
99.0,95.79589041028979
96.33,107.19632700364134
135.9,112.32209965665763
62.37,112.17206805999677
80.0,100.66177305442903
65.0,80.88788109209482
138.0,100.8573478570829
99.0,98.28734510256241
53.55,87.98308114023057
203.29,88.14220712985988
137.7,130.9608835006086
69.9,100.74655561780861
88.4,99.59839082945476
62.0,104.18287861645597
105.3,107.24676068093602
82.33,82.10766810981119
137.7,116.63943341530174
157.27,125.75704678900513
235.0,175.38883476753455
31.0,100.4332627429951
168.0,104.05902970721108
0.0,100.42695889438862
134.1,138.01870658568737
136.0,102.83280086027004
79.2,105.5396748774343
65.0,100.18563355764877
137.7,117.69599347143713
219.0,106.90270563954434
58.0,81.99914809466647
193.9,100.07921346944372
43.0,88.21824060898216
149.1,113.6265998902788
149.12,111.61986076752251
150.22,99.87468225443959
62.0,100.93134597462146
121.1,105.96344899938268
63.0,118.36222170337336
143.55,142.58996469119677
220.0,165.3578408580928
115.12,108.01152740646518
63.22,88.2705366363393
48.0,106.72018750686107
128.0,108.91715635545336
100.3,99.9572269102613
114.33,97.65466283242186
8.0,120.37223054776639
149.4,101.42488475798868
237.0,191.08633868268163
37.8,110.28053242627456
182.34,183.20832110369798
176.8,104.55477136723312
168.3,124.6611437114367
74.8,99.82025198357105
42.0,80.70997746947678
48.0,88.2248897662998
8.0,107.60966270279118
120.0,103.50444581222942
68.0,99.63752652279481
112.0,107.00075220098748
134.58,98.13555481988557
140.0,99.0050172641755
92.1,99.35913110308283
137.25,98.6984428941544
132.5,100.10064366617623
75.0,99.79427662424806
196.0,126.19405059244534
68.42,99.653097775891
95.0,101.08551285980568
93.6,112.36123534999768
250.0,81.27279619627083
67.5,113.07463424246922
130.6,106.69417783096637
76.0,82.22507518983139
86.4,95.52173322881633
109.0,100.0420437902126
79.43,80.99209352152623
102.79,115.22940463120567
147.9,189.74297871695677
140.0,107.02032004765752
141.0,152.23191333141725
76.0,79.90528483692626
89.1,94.41525303349985
79.2,107.62037780115745
228.0,184.10671768107534
64.37,103.06086219894634
137.7,116.04161356935967
75.0,81.66415312967153
43.0,100.3616405136326
117.0,102.63057690029854
68.0,95.46792016010787
96.3,102.69572226953332
45.0,82.62294329993152
87.78,106.26361585675082
134.0,104.0850393831058
115.89,145.32967055309462
140.0,113.50278529760564
158.77,151.77279278160972
169.0,113.5419209909457
135.0,114.41582493377963
200.0,96.8068379129574
38.0,82.19889250241543
123.3,125.5939585223737
120.0,99.08328865085565
160.0,107.45077835782655
180.0,106.34829475608393
240.0,118.06116771742187
200.0,151.89040718972288
175.0,175.18244120246794
155.25,157.4987268521724
139.28,100.48555877035224
30.0,81.50761035631126
78.5,106.88985629766671
132.0,102.72266648681746
58.0,100.42044771768917
58.0,100.45958341102926
84.9,106.15278930090483
174.9,120.02417891280086
80.1,99.32454464012073
0.0,144.10864312532755
190.0,113.50257796951269
108.0,97.26330589902116
79.2,104.75696101063289
50.0,81.66415312967153
65.0,81.10302374141872
155.0,108.11608514460775
162.0,143.3532143753746
95.0,96.58504610631586
69.0,100.43980823626626
176.0,119.87914942424436
48.0,106.10042392607292
85.5,105.8392547814266
55.2,108.31145261916865
154.8,104.99828634737275
0.0,81.9600124013264
78.85,99.95078508103663
25.0,81.66415312967153
80.0,106.56364473350078
217.5,151.20112130651188
87.0,106.84410576358071
65.8,100.85644834659652
91.0,81.62501743633146
156.95,189.37790813501852
87.0,82.10115693311174
136.0,100.45958341102926
64.0,98.48963841000868
120.0,82.06202123977167
134.37,105.95042664598378
70.0,100.89658721446946
88.4,99.58543782353064
71.55,101.8735617172524
93.5,99.9312515509383
134.3,101.43122292316687
75.95,106.63537062690978
36.0,79.9680886345567
77.0,100.79874798111928
129.9,87.35949326305848
84.0,101.52327184602416
89.13,97.30902211653543
60.0,100.81414622269422
115.25,123.31747346790371
72.25,98.26126607919295
109.8,96.0957119589468
130.0,82.73618077485663
136.5,179.71873321973234
179.0,100.77918013444925
65.0,81.54674604965132
93.6,110.76328676380075
107.0,99.6064134147469
82.3,105.3961544574729
131.0,99.62694940504676
136.5,102.290963028746
94.5,105.95059965750502
89.1,95.78927556954386
65.0,89.00105813983004
60.0,111.6957905825983
250.0,98.13080232920214
212.0,107.80913043497242
111.0,106.06793739005047
74.8,105.63079560599208
72.8,106.18524080602421
107.0,110.18910070557735
61.16,100.38771953700206
130.33,119.81593575254682
108.0,112.32216900413238
156.6,134.87351900755743
96.0,105.53946754934134
168.0,113.44642332919987
104.85,99.43530256282332
139.0,112.62857036263227
99.63,104.6523689559186
173.0,119.82870777419348
117.0,106.68112116099576
134.73,115.23044479101273
33.3,99.76809393683212
78.0,106.66382553845531
224.0,176.47801934031057
68.0,107.67897767712105
112.5,134.78587659660826
134.1,101.24105245863309
284.0,184.3718841336268
39.4,106.05474273946169
112.0,81.28157959709986
155.67,126.38934074677526
140.0,100.68134090109908
96.3,95.76319654617438
87.3,104.18932044568065
145.0,100.44001556435921
51.22,99.22005624945294
85.59,108.4337501704905
88.33,100.83778001041287
47.44,79.02276572266572
191.0,120.6569648469879
107.1,104.61988241989617
109.65,112.97441912094297
96.0,113.93958177295289
35.11,107.13762346363123
103.5,98.50924057325044
180.0,174.85385375012595
140.0,137.63389514555786
108.0,145.59056373650452
46.8,125.03485174082955
190.0,105.69604463927334
125.1,105.32425555254267
123.0,116.99867937017538
146.1,100.12682635359218
199.0,156.33138252951892
93.2,100.05709672307637
6.0,146.1785899292354
80.75,96.58504610631586
86.4,85.0287159183382
152.1,122.75644774369738
177.0,106.26361585675082
194.0,100.94223408450895
159.3,176.6892690601071
60.0,95.91973931953467
111.6,106.57656342285318
139.0,100.0420437902126
77.62,99.44856656088687
172.8,95.63914030883655
78.0,119.72687992002565
80.0,104.35898923648628
45.0,80.96615247877496
160.0,100.02909078428848
91.0,100.87701936779942
162.45,183.46942161520082
68.0,82.10115693311174
65.0,82.10115693311174
48.0,81.66415312967153
102.55,83.57545915603794
98.0,106.95317363341073
95.76,99.59849449350122
121.1,112.47850444939971
65.49,104.09806173650466
78.0,99.2006263834011
72.0,95.3570242567871
107.1,96.93082551715182
126.0,99.74838810954387
74.8,120.59826130697779
59.94,101.77059482134987
179.0,117.9134003721344
170.0,81.38593000714947
65.0,81.94461415975147
43.0,88.06834699293952
58.0,99.71600523756793
128.0,100.85634468255003
96.6,106.77896039434594
153.57,177.44332068727
88.0,120.99623308112442
65.0,82.06202123977167
45.5,99.54630213019055
73.9,88.14661837961967
121.0,106.98118435431743
95.0,81.84677492640128
35.0,81.60544958966143
45.0,81.15538911625063
159.0,138.78850176313637
79.0,107.02032004765752
114.0,106.19185564677012
72.0,99.59418690778793
100.3,101.62690138986721
114.13,145.30999904237808
117.9,106.11358426009
89.1,99.66381287425726
72.25,98.88743717263407
42.0,83.3318615951685
74.48,100.44001556435921
127.0,82.01871594133651
101.0,119.30681774332722
56.0,106.10707308339055
163.62,118.66797829228592
90.0,82.08158908644171
140.0,113.44642332919987
44.0,82.69459984586575
114.3,110.0457876137089
52.0,82.22486786173843
135.9,106.37926425075504
152.1,116.46332279527141
93.6,79.43565651684543
224.0,105.39605079342641
115.76,108.15094756880623
114.0,82.63172670076054
73.0,79.51151698444646
139.5,111.6438055473806
112.9,156.6376722512161
85.07,107.05291024772643
54.0,85.70907563798315
0.0,81.66415312967153
100.1,107.43775600442768
78.0,103.22395046557779
42.0,97.97425955584185
115.0,79.49201848525118
76.55,106.70086358415813
89.1,104.39809061325462
81.0,114.27061446094568
89.1,100.79874798111928
198.0,177.65205582394094
74.8,105.81996289599299
168.3,130.90217996059846
108.0,107.43775600442768
43.5,99.94410089281595
66.6,85.00494415000134
105.74,105.16350885751558
86.43,120.46146736456501
65.0,88.40089672228363
72.43,107.38535631302406
109.0,99.18750036595574
58.0,99.35723850423614
71.0,100.91849663274382
156.67,98.97876522928479
202.28,138.22744172235832
80.0,100.06812281358206
65.0,80.5943633920443
48.0,107.41818815775764
139.2,87.6574222128688
104.0,105.38313210407402
117.5,113.70497494100542
76.5,105.10256740994761
148.0,183.2737431485005
262.0,107.60060262639445
89.54,106.88964896957376
130.5,98.97239274753488
190.0,99.08328865085565
150.3,117.3697819072712
159.0,112.94834009757349
90.95,103.95457563311498
148.0,107.0379561967903
87.78,105.52010703076427
190.0,125.80258999499816
71.2,82.43615189810667
60.0,97.36131814389257
110.0,112.09372732584188
117.0,107.45732385109773
140.0,112.86348818671917
156.9,183.0517783303377
58.95,103.432651285677
107.0,99.12225133267448
132.6,106.32869259284217
88.0,112.96122375602286
99.0,97.94828419651887
174.4,107.09194227702001
253.0,107.67253584789638
116.56,113.38517088949246
95.38,106.79852824101597
115.0,100.15934720618633
93.6,112.67428658014653
54.0,81.66415312967153
319.05999999999995,183.8214355271685
155.0,177.11742011524353
66.0,78.84452085912403
48.0,99.97038724427838
27.0,81.54674604965132
91.2,80.86831324542479
123.3,106.34195659090574
180.0,113.43102508762493
107.1,108.83258112016674
78.0,113.82351309000414
100.0,118.58280741653591
152.98,100.53998904122076
55.0,98.60277222088732
88.12,99.19397722608346
66.29,82.1335398050877
103.69,97.41351050720324
60.0,113.58105668428578
156.0,106.94204866097738
86.4,111.58492899584925
67.26,102.8740707971215
114.3,112.15832718038897
119.0,81.60544958966143
64.9,98.55450781800705
112.5,88.00292494813701
67.0,88.10748268627958
134.0,96.3893676396155
101.27,113.6525752496018
65.0,80.7117704720645
67.0,80.37911707867391
84.47,85.03091950932432
153.3,99.78773113097691
156.0,103.77185017233876
98.0,100.79202947632689
247.67,101.05292265973677
12.0,98.75718075073621
103.2,151.28176858136808
120.7,81.39020327629105
61.0,106.9964789318459
104.5,107.41818815775764
72.72,105.01110137267867
190.0,81.66415312967153
72.25,112.92866858685699
55.6,80.90744893876486
109.65,99.6505488761937
76.5,105.57209206598196
98.1,98.50269507997928
93.5,82.97233333196853
92.94,142.47917245192247
77.5,177.4043923220229
88.4,110.63916117898813
73.8,87.7030690829083
58.0,89.19019111325923
132.0,87.91180421957924
75.0,99.78121995427747
90.1,105.64381795939096
113.0,81.8426053213062
90.67,82.30334657651153
98.0,100.73349894783802
94.05,98.10472330583266
148.7,99.00477561951082
107.1,102.48037229211646
123.2,100.95518709043307
48.0,107.8575335328022
137.67,97.73193104456914
93.22,112.21726595727864
48.0,106.73975535353111
137.0,112.39392921411309
154.0,118.98757501570591
75.0,99.87888617610639
71.83,163.88035504058251
137.7,129.93684429706732
48.71,106.79807926825832
95.0,84.4315196216461
67.0,80.94658463210493
66.0,88.66189356974
29.0,83.11031143319164
42.0,82.54928570898531
107.0,100.7554426826841
83.7,95.9400950398884
132.0,96.89813165303642
85.28,112.7482846976851
129.6,110.6195933323181
118.8,119.17631967676468
171.9,174.36703347155117
91.0,76.5960808421325
80.0,100.38488832897843
15.0,150.9989316631121
62.0,103.57245335260336
90.0,98.26788091993885
136.25,118.66184267308186
90.0,81.6445852830015
57.0,98.45691022932158
129.0,112.39375620259185
167.45,175.42793614430286
156.0,132.7547872290736
158.43,104.90023978592961
73.0,108.51202155717064
48.0,100.56383015703238
52.23,113.42430658283254
140.8,107.2639869560017
63.0,81.25973952630024
108.0,98.8679729900105
95.0,82.1793246557454
114.67,105.61133142336851
99.0,96.23926669547991
38.4,88.10748268627958
130.5,97.38071297904136
95.0,81.60544958966143
60.0,73.98694239427194
87.6,98.0394742725514
149.0,107.45732385109773
60.0,97.64170982649773
89.4,108.80650209679726
107.0,101.68536328521265
52.2,111.13493786991322
231.0,189.96494353511957
113.4,96.24595088370059
55.8,102.68907311221568
107.1,102.14771889872586
72.5,106.40045280282288
122.0,113.58105668428578
108.0,87.52688911540322
126.0,79.43799808844976
114.48,108.92390917681746
90.0,113.30049199015937
98.0,100.14649786430869
63.75,105.71557816937165
68.61,103.45893763713944
45.0,81.94461415975147
80.1,98.27442641321002
160.0,100.81414622269422
108.0,83.25613910818566
42.0,81.95746350162909
126.0,143.45098426125003
72.42,80.21602881204248
96.8,87.29210998626584
125.0,99.88140075923198
75.0,99.97923999258217
106.2,100.29639148035133
69.0,94.06795424131496
111.0,177.8263384104805
132.3,99.32454464012073
58.0,78.46787561766345
92.0,81.62501743633146
65.0,81.6445852830015
170.0,113.72454278767546
137.7,122.86734364701815
101.15,99.9661139751368
58.5,80.96615247877496
60.0,87.74864660547304
80.0,80.63349908538436
127.15,100.04435104524521
123.84,144.01841749810933
114.0,106.66809880759689
236.5,157.97476268490618
75.0,99.84636532351225
79.0,85.09744361058736
136.0,177.11742011524353
120.0,107.58124210781736
124.0,106.18534447007069
90.33,101.23575178455948
85.85,106.22444584683905
265.0,119.10301608161717
43.2,98.90697070273237
85.0,99.7550372668615
147.0,106.2309913401102
104.85,112.61547937608995
89.1,106.34185292685925
93.0,100.81831582778932
42.28,98.60043064928297
132.44,99.76158276013267
144.6,136.83157911551467
160.0,107.6008099544874
133.0,106.83745660626309
94.5,106.57677075094614
96.0,107.37905246441758
71.0,95.0479353036404
52.4,107.56146693305436
62.0,97.45257685306855
84.33,104.59380339652671
80.1,101.93919109014789
126.9,110.92206744471889
160.0,99.9312515509383
129.0,80.73133831873454
135.9,105.82006656003946
128.0,113.7986445692605
187.2,116.87424757534214
59.4,105.03084151653863
108.0,99.56163102429075
110.4,99.42238387347092
88.0,112.02214012738241
90.0,75.86779724619963
93.0,100.98136977784904
72.25,81.76429961805434
120.0,100.45958341102926
319.05999999999995,183.6194532118617
65.0,88.20532191962977
57.0,83.30578257179903
70.5,99.01387001247929
167.0,106.52457838763547
68.0,99.50055159610457
110.15,106.98097702622448
112.0,118.15900695077204
107.1,100.86278651177471
65.0,81.86634277307132
186.3,150.65091434471827
252.0,118.17825583254643
86.0,114.37024741121489
192.0,113.93978910104585
48.0,107.2812132310674
151.0,84.52646308161673
85.29,99.68320770940605
121.5,80.64652143878324
57.34,97.14586450242923
118.15,100.5246944636923
150.6,79.47241632200942
179.0,107.98851082090658
114.5,155.1710745435933
112.0,106.66148396685097
100.7,102.05008699346865
203.02,131.84805144150607
85.0,100.45958341102926
88.4,126.04615323929586
125.51,132.73793651150328
116.1,99.12242434419571
162.9,173.6080570565149
117.8,106.49185020694836
189.0,186.96668606141617
105.4,107.639841983781
138.0,99.0637208041856
116.45,117.72168418243619
147.0,158.00605114447296
89.1,95.16138010665847
41.0,88.94235459981994
166.67,104.96555816668564
46.4,103.17826927896655
72.0,99.3178954828031
159.0,106.82453791691069
135.9,112.20476192411218
87.71,98.4177745359815
90.95,100.04200947364087
170.36,175.68221448696687
120.6,134.8509533326996
37.0,106.62885945021033
92.0,100.55066982301531
99.95,103.21743928887835
130.0,94.0288185479749
82.45,99.46141590276451
104.0,81.60544958966143
78.0,99.54633644676228
152.5,162.40412112011907
150.0,99.91802186944648
78.0,104.2872633430773
106.86,100.15907124494991
92.02,107.0332387370099
38.4,138.52736693506182
52.2,119.74368356614922
170.0,80.8095060413682
94.35,105.49382067930182
129.6,119.20933250577573
88.2,107.79231881609266
82.0,182.92131458034692
76.64,104.11752591912823
46.8,99.61123219857618
70.75,96.89151681229049
221.3,181.45393340818725
98.4,106.79852824101597
110.0,146.05836402309458
116.1,146.54835073223163
96.0,100.4748779885577
34.0,100.25952801114084
171.0,100.04211313768735
29.0,99.46145021933623
179.0,94.76605855625803
200.0,106.48120374172555
65.0,81.66415312967153
173.0,98.0851211425909
43.2,100.15280171291516
70.0,99.3049767934507
110.0,80.32272079369642
96.0,87.82691799215318
192.0,94.95416201133884
288.03,218.46088360694284
78.03,81.7423208523052
60.0,100.62914853778841
134.1,107.30729225443687
41.6,96.96975388239892
45.0,81.66415312967153
144.0,105.18090814410252
89.25,112.11336451998667
105.0,105.9960735160233
97.75,98.19612070995815
119.85,105.87863211943136
43.2,81.30531704886499
40.0,81.66415312967153
70.0,78.45485326426457
75.0,94.15873678327802
79.2,100.22476925098883
79.31,106.7137456776364
57.6,98.8352448093234
57.28,111.1698002941117
35.0,81.30531704886499
68.0,99.8071259661257
156.6,182.41926907171842
140.0,113.56148883761574
99.9,78.42222874762393
137.0,101.50284515252937
132.96,105.13505394597004
68.5,93.26567252784353
120.24,136.73367053468976
70.67,98.20273555070408
90.0,108.35079564060169
108.2,102.58152195503212
105.3,108.72161586937119
107.0,106.08750523672052
65.0,88.20532191962977
140.0,93.98978651868131
79.0,88.54448648971979
98.2,96.1543118349104
156.67,88.5314298197492
0.0,76.7092840004859
85.5,96.5654439430741
130.5,99.07677747415622
122.0,113.8615177143657
86.0,81.86634277307132
109.8,79.12680992269472
209.0,106.53742772951313
74.0,94.75879453677794
249.5,174.19509245661592
36.0,102.74223433348749
80.1,110.9783600656499
107.1,148.66150516107416
215.0,174.74316517489814
51.0,107.02032004765752
93.93,100.37459351955671
123.0,175.88454211098485
54.0,95.07167275540553
82.33,99.9375897161165
90.33,101.31402317123963
101.75,98.48126488324677
68.4,99.259191942793
63.5,104.33748969227901
60.87,107.02032004765752
48.0,112.15260387737322
60.0,106.66155331432573
101.15,97.15895548897154
94.5,100.15934720618633
186.0,185.52197583739905
57.5,77.42023765730659
236.0,101.63596146626396
134.0,98.90025219793996
95.0,113.32667467757533
48.0,106.68766665426692
168.0,106.04826587933397
144.0,156.61166257532136
63.57,105.70227985473636
159.3,117.3568289013471
93.6,143.4575647854242
132.0,100.55087715110827
185.0,99.27879410603475
78.3,105.63089927003855
162.3,175.20845087836267
62.9,105.66338580606099
70.0,86.76605035030448
72.9,103.53049051902718
132.33,105.0917829641066
90.71,89.27490432916404
99.0,109.84152829215367
60.0,106.55709924022963
85.0,88.40751156302954
102.0,119.90311576579916
125.0,105.02439968731395
38.86,104.522043186546
81.0,80.63349908538436
187.85,181.94946774011632
100.25,78.71398776165847
120.0,106.01581437421457
220.5,118.23961990905653
95.0,84.4315196216461
130.0,81.92504631308142
159.0,100.42044771768917
37.8,105.59186724074496
220.0,118.87647178429218
84.0,81.2532283496008
146.7,124.67416606483556
116.1,99.07026629745677
192.0,106.07444856674991
195.0,119.5026428777333
0.0,157.5839320444941
144.0,149.8030551086821
62.0,78.29407225266576
174.0,113.64627140099532
221.25,150.94677361637315
186.0,111.68931372247059
141.3,124.0349032705208
126.0,134.26646683229586
83.43,97.3611108157996
155.0,100.20060917028157
169.0,106.51806721093604
177.0,107.34866585533481
54.0,110.09794566044783
100.3,126.61109823684508
249.0,100.45958341102926
126.0,101.25511230313657
60.0,99.71600523756793
102.8,106.99396506305163
121.1,117.5000997038876
118.15,100.93561924376304
118.0,106.92248081430733
150.0,87.8335328328991
191.0,118.36123091074356
113.0,110.44578996732042
6.0,81.94461415975147
75.0,79.96826164607793
38.13,83.15747534458245
159.3,117.45456447065078
105.25,100.57023766968534
98.1,97.77213925991683
130.5,86.63569026436015
72.42,103.27614282888845
160.0,107.20283818034079
227.22,107.00702173302224
79.85,97.86987482922052
172.1,145.78613853915837
201.0,100.44652674105865
29.0,99.97038724427838
100.0,99.526837947567
72.1,81.5858817429914
121.6,100.38131202434911
199.0,119.26834225580646
175.5,122.56738411774296
56.7,97.38067866246965
45.0,100.45958341102926
75.0,80.99884634289035
183.86,106.74430051612158
118.75,98.73757858749445
119.5,107.59419511374148
179.0,100.48555877035224
78.52,100.25301683444141
87.68,96.9043318375964
77.0,119.57461041580697
93.5,106.6549384735798
140.0,87.80735014548316
69.5,105.5590697125831
129.0,152.8197684796525
109.0,113.31361800760473
159.0,106.47893151759598
163.33,112.94165590935282
51.84,101.51845072219727
104.0,113.92673243107524
162.75,119.968308920812
48.0,106.32231939676093
41.0,88.20532191962977
180.0,100.15300904100813
88.0,100.0420437902126
72.0,98.6786677193914
86.0,100.93144963866794
106.0,95.48935035684039
99.45,103.5305248355989
120.0,112.07433249069308
62.0,82.8340200082068
90.9,80.13786108940882
87.0,99.74201491346264
132.0,105.78744204339884
113.9,132.22635170493618
85.0,100.97465127305664
180.0,82.01871594133651
120.6,107.1638061510472
209.5,136.44900558294302
65.0,82.04062535961089
68.0,118.68701984596733
89.38,98.86146181331105
91.93,105.48730950260239
75.6,80.06837310355769
118.0,104.35234007916864
90.0,76.74190851712652
117.29,104.71110681250043
112.33,81.48793884559474
75.0,100.59645467367301
90.0,105.3634605933575
75.0,106.21128551282196
52.2,99.00491360012902
130.05,138.29789217481357
150.0,113.43736325280312
98.6,95.96128593195385
30.0,81.56631389632136
39.33,99.63101534609538
78.0,94.88253978197633
99.0,111.51337611396151
61.56,100.3402446334718
173.25,137.82268281027586
76.0,98.3289260315533
76.5,109.81080044214724
75.0,100.45958341102926
60.0,103.92205478052084
122.4,77.69177659160798
130.0,107.44385252494119
160.0,100.81414622269422
153.0,105.69614830331982
117.0,110.40452003046897
30.0,94.04784087995725
136.0,107.79648842118775
208.0,101.45333966953422
109.8,120.23141651332246
90.0,109.15872333685789
112.5,96.08272392211963
112.67,104.56661753457789
85.67,107.89432765453793
102.0,98.63302084935188
137.7,116.56098901710034
97.02,100.40087987101914
115.0,82.40803751315349
0.0,80.57703345293211
94.5,79.91606928276727
48.0,98.07044376722251
164.25,149.3731796841014
242.0,133.70279295349258
65.0,107.72944567098745
168.25,138.36665455660645
108.8,158.43798349233407
105.0,96.48720687296569
104.0,107.39862031108761
103.5,104.41118159979695
75.2,113.83523136290327
155.0,95.22263020636827
110.0,103.88946458045193
139.5,153.51991645764036
79.0,80.63356843285912
48.4,106.98118435431743
84.58,106.70720018436523
134.0,111.57841781914982
153.5,112.64379630701728
122.4,151.5903439964012
150.0,94.51167654954757
43.2,107.6397383197345
97.0,107.69030997764739
189.5,118.38044547594622
39.0,81.62501743633146
56.72,100.3743175583203
144.0,99.93776272763775
92.35,88.1202977115855
94.5,99.83320498949517
40.0,80.96615247877496
112.67,105.03073785249215
107.1,107.37905246441758
156.42,87.53329662805618
102.6,117.643620123849
141.0,99.76158276013267
0.0,82.31457521299137
70.0,100.45303791775808
137.7,130.64797096540926
140.0,100.45958341102926
65.0,88.20532191962977
200.0,100.87701936779942
61.0,100.13988302356276
121.5,156.49435915934765
42.5,100.4332627429951
129.0,113.18532281769703
60.0,106.53763505760608
74.8,82.2770602250491
108.0,99.61806234017126
50.0,82.01871594133651
35.0,81.92087670798634
29.16,104.22194496232129
175.5,118.29849646058787
66.0,96.02650064866339
83.84,124.02181228397849
98.1,96.87866747041286
130.9,118.66107880321606
125.0,81.60544958966143
80.0,81.27279619627083
67.32,99.18763906090527
183.0,107.75735272784769
99.33,107.43775600442768
126.0,118.95466585074135
33.11,88.62275787639993
88.0,177.53485607201372
261.0,101.07920901119921
46.0,81.66415312967153
140.0,100.3095518143684
88.0,82.01871594133651
123.0,112.62036984739159
222.0,110.93264456246695
97.2,111.48068224984613
149.0,105.9113946166902
41.0,94.92473557312968
117.0,99.83341231758814
75.0,98.59409248410478
86.5,113.52876065692863
93.6,103.53049051902718
159.3,129.95641214373734
0.0,178.42415825642257
33.0,82.4360482340602
150.0,107.13118163440657
30.0,84.2205465774173
127.67,113.27665087434775
56.63,99.9244987295742
88.0,100.19858656357287
50.4,99.67011672286372
111.6,100.9943921312479
73.95,81.56631389632136
97.4,106.02215253939278
0.0,81.99914809466647
136.0,99.47037231511476
50.0,88.3813288756136
114.9,125.86238799168456
114.3,104.13712808236998
177.3,188.6993716667455
140.0,113.04573035816603
114.3,96.25893820619642
75.0,80.68558778464855
144.0,100.36174417767907
93.6,104.93289861914198
76.0,79.68342368280994
132.0,87.72907875880301
233.33,118.65474861079407
220.0,193.58388833049668
70.0,106.70024003490815
75.0,100.65088494454153
147.0,105.39608510999813
89.1,97.60257413315767
113.8,118.82033870567608
319.05999999999995,119.90543577570679
87.32,106.79852824101597
72.0,99.88133141175722
141.33,89.03815847158639
104.0,78.46377536004312
65.75,106.63537062690978
89.0,88.06834699293952
93.8,100.29632213287657
194.67,176.9216379844967
80.86,103.3152442056568
225.08,150.96630714647148
78.33,98.1960513624834
38.0,81.66415312967153
138.6,103.6633995046688
180.0,100.45958341102926
81.0,107.00075220098748
105.3,99.3049767934507
108.0,99.0180739341461
115.0,94.46592601546158
275.0,229.73767861914246
137.0,121.17213637306176
156.6,99.67676588018136
85.0,82.01871594133651
58.0,106.3027515500909
117.0,109.77166474880717
105.3,95.53482421535865
72.26,112.15880406193322
98.0,99.40925785602556
38.5,81.26201175042982
113.0,197.2494488538744
75.0,80.68558778464855
128.0,107.30078107773744
180.0,113.46354594021909
80.75,103.5631150356678
173.7,117.00450399724
45.0,82.02288554643161
45.0,81.66415312967153
215.33,99.02926825405422
112.96,124.48075982226479
125.6,114.84549537026498
71.1,99.99646626764785
96.0,100.44001556435921
160.0,126.05155528168547
80.0,107.37905246441758
130.0,96.35012828222895
190.7,149.02003024974124
45.0,81.66415312967153
79.2,104.4135231714013
51.05,82.60805859647017
48.0,108.07033461052175
90.0,107.02032004765752
116.1,108.30414559602931
81.0,114.25938582446584
124.5,151.95551824238595
56.7,112.76154869574864
161.0,107.99430113139948
60.0,78.58352401166766
79.2,105.931031810835
106.2,111.8767223264555
139.0,138.78850176313637
64.0,104.26125366718259
117.0,142.3942862244964
187.85,152.22302626654175
40.95,111.03513262245409
30.24,95.95226017212883
93.6,112.30904298668702
183.43,107.22881353966378
69.0,106.85288916440973
140.0,106.85723178102607
319.05999999999995,151.3285249586894
130.0,107.13762346363123
48.0,107.00075220098748
114.3,105.60488959414384
205.06,188.99306237831723
43.0,99.76158276013267
135.9,97.9547953732183
29.0,100.16606571097873
114.09,137.6426785463869
93.38,107.13000544835245
204.0,152.60370241814792
81.71,136.75137603129733
138.57,108.12893448648538
90.95,112.7264789434572
25.92,109.86974790612443
102.5,102.382567375338
209.57,108.01152740646518
174.0,157.77922219882402
88.2,104.74593492012721
170.0,82.95559669332212
102.0,144.79696175981564
105.0,125.23095283647204
80.0,107.13762346363123
107.0,107.57462726707143
165.75,123.04996544374791
209.0,100.1984828995264
70.99,112.83072568946034
68.0,81.94461415975147
148.28,81.65099279565446
100.08,97.77868475318797
135.0,100.89658721446946
123.3,117.1089923879078
135.0,177.53485607201372
150.45,131.40450214479472
100.8,104.35247805978685
181.0,181.63638219339578
1.0,80.42466028466694
119.17,111.90276703325326
58.0,100.19858656357287
125.1,104.97213797652853
295.0,183.63902105853174
85.33,101.45333966953422
78.0,106.10042392607292
58.9,98.6461118358942
50.0,107.32034892440748
84.0,125.12016059719775
91.8,106.38088495615284
54.0,96.57839694899822
128.0,138.52750491568003
75.0,99.95956848186563
130.0,97.46794077807176
112.67,105.29731204958986
111.6,135.72286101264035
150.3,118.19173513145915
93.6,99.17461670750639
245.0,107.32014159631451
48.5,81.62501743633146
164.0,100.77897280635628
270.0,101.60988244289449
97.1,124.31536430060073
108.0,104.86785691395367
165.0,99.50055159610457
99.0,99.2072069075753
149.2,99.55281330689
77.78,105.65697829340803
137.52,100.48555877035224
126.0,104.92656045396379
116.33,107.73778488117765
80.2,81.02709392634293
135.0,111.72679439384115
158.0,119.45282640259869
130.5,117.02662074360734
266.75,88.13325071750961
74.8,99.70284490355084
68.0,87.81396498622907
201.43,116.84141573060855
54.05,86.4506575485513
101.7,98.89412136085474
102.0,108.27262791796802
105.0,100.44001556435921
29.0,106.80497007024064
85.77,100.5767831629565
75.0,81.66415312967153
81.67,106.0795415840257
99.0,102.72841613364871
130.0,138.81681869406373
66.3,88.20532191962977
142.2,97.87876189409602
34.0,101.21597660979648
48.0,107.43775600442768
180.0,175.78005372031703
105.0,118.38097176893484
0.0,105.89833794671961
53.72,100.21171258101823
77.0,113.30809959056074
94.0,101.23554445646653
116.1,98.00054590730429
159.0,102.09862963688772
115.6,120.38991448267727
87.0,100.11614557179763
126.9,105.04620544154184
109.0,101.07259417045329
90.0,81.08597047787427
140.0,81.33384130788528
116.17,150.54008778887226
114.69,105.4024926226511
206.51,137.50201797399507
70.0,82.06202123977167
114.5,114.77466101458619
66.0,81.41845085974361
80.0,95.85452460282512
89.0,100.10722419035042
160.0,100.0876906602521
93.77,103.36068374760333
78.0,112.32209965665763
186.5,177.65450105959178
160.0,87.85299701552266
116.18,142.06383642209198
110.0,95.51525636868863
70.0,100.34868750770848
108.0,109.73270206698834
183.5,117.60469973135811
100.3,96.64381899380072
138.0,106.74637019427703
70.2,113.14381123618088
90.0,99.94427390433718
227.1,100.89227962875616
108.0,106.04192771415578
96.0,87.85310067956914
102.8,106.80486640619417
133.07,143.7639668582554
36.0,105.4937863627301
85.0,100.44001556435921
60.0,99.40932720350031
74.0,113.6592937543942
119.72,100.3616405136326
79.0,112.5700398341434
82.88,98.30708596075368
37.0,113.56148883761574
139.0,80.96615247877496
54.0,95.48259753547626
74.8,90.12269493205677
122.0,106.57015591020023
244.0,113.26786747351873
55.0,126.44814795083185
91.0,106.98118435431743
54.0,81.28147593305337
79.2,105.92452063413556
80.1,109.46526339030729
55.0,105.748237002584
96.3,99.76158276013267
64.0,100.1921447343482
88.4,101.37233839887932
75.0,99.72234340274612
227.15,145.26994190388297
67.0,82.2796091247464
159.0,80.28127784532373
184.55,124.55899689237322
63.36,99.0113554293537
89.1,98.25482424996827
74.8,107.4116426644865
90.0,93.33034172986538
123.3,130.52398336121485
115.0,99.76158276013267
236.0,111.39579602242006
125.1,141.7420017911141
90.0,97.13938764230151
226.0,99.76158276013267
83.0,102.58709859034212
124.0,112.46551641257255
80.94,97.08950253402347
106.0,97.06762743232082
168.0,102.98262512883792
108.38,105.95927939428756
102.5,98.20266620322931
45.0,81.98374985309152
65.0,81.07284446042891
177.3,181.78658680157787
85.0,100.11614557179763
225.0,118.30900423086116
107.1,108.43471301006659
103.5,97.99403473060485
87.78,106.12664093006057
130.05,116.7044408039183
136.0,113.88108556103575
46.0,100.51818328699287
283.0,125.79618248234519
117.0,112.45914393082262
105.84,99.51378127759642
107.0,98.5234976596743
155.0,100.81414622269422
148.5,144.71469377956163
109.93,106.38760346094523
134.0,104.20895763982544
46.0,101.25115002613443
197.0,100.75260913466288
126.0,105.272063189232
81.05,99.87220270221704
99.45,97.31556760980658
170.0,106.48120374172555
112.5,104.80236623600773
102.6,81.17485329887418
37.8,114.0267059079368
140.0,112.54209846071146
129.0,100.45958341102926
75.0,98.34615230661899
130.0,81.79041295799553
54.71,106.84400209953424
90.0,114.75509316791616
105.0,125.67222990905383
116.1,97.13949130634799
164.0,107.02032004765752
99.3,106.21149284091493
115.5,98.98544941750546
46.5,98.71780341273146
147.67,114.13526023965323
113.0,100.21160891697176
99.0,100.42044771768917
73.95,84.82239170074635
58.0,99.9375897161165
77.0,107.2225096910573
101.25,106.12660661348886
129.0,99.56580062938585
126.9,99.65058319276542
95.0,106.70723450093695
89.0,81.55325722635077
50.19,108.31775646777513
139.5,100.11387334766806
91.0,100.04865863095851
85.0,81.40977112296108
90.95,98.93956090280128
158.0,100.20499407622583
115.0,99.76158276013267
74.25,111.46772924392201
139.0,151.89040718972288
95.0,83.84234997803368
54.5,77.90285329988326
101.0,104.82217572734245
162.0,118.33518691827712
52.0,97.0546744263967
77.25,99.32447529264599
119.0,135.5779614876787
233.0,106.42666980681054
67.0,91.73883497289313
212.5,100.42930046599295
120.0,81.6445852830015
264.5,176.6694938853441
55.43,98.84826716272227
153.0,159.68419043298422
196.0,137.87508250167951
96.3,103.06761502031046
109.67,76.41321740073806
225.0,177.30004191197327
166.0,107.13751979958477
36.1,106.26351219270435
62.0,92.88021190897982
166.0,100.34448358604166
85.0,100.92266623783892
73.35,105.29173469994852
107.78,106.19826315942308
104.98,99.06354779266437
52.85,113.34620820767364
108.9,105.76125935598287
109.25,87.25293926202274
191.0,120.50031840958114
137.7,124.23726592544185
75.44,113.60703204360877
80.0,99.6505488761937
76.5,81.8010243923153
224.67,100.66828423112847
85.25,98.20924672740352
99.68,105.51569578100448
79.2,98.58096646665942
89.4,191.11265935071577
47.0,100.81831582778932
167.95,180.21678213478697
125.0,119.64598231341724
99.67,113.12010810098748
236.0,133.03107865405843
126.0,104.88732109657722
130.0,105.93096246336023
137.0,100.2052014043188
68.0,95.09127491864729
242.57,164.82279049320948
35.0,81.21409265626073
90.95,97.4786215598663
114.9,97.55699661059293
117.0,105.83301956596358
183.0,100.63559036701308
182.26,174.84079708015537
48.0,100.32911966103845
88.4,119.49591640018468
168.0,177.73032721062108
95.0,81.3119318896109
105.12,113.09165318944194
198.0,123.36790714519839
61.2,80.96184489306165
156.73,100.35499135631495
131.4,106.30282089756565
85.0,106.80507373428713
119.0,100.45958341102926
85.0,96.54163714383421
72.0,106.97698043265063
243.0,114.55107549102561
117.0,91.69390662906255
39.0,87.92475722550336
120.0,81.37053176557453
38.7,88.23140094299924
88.4,113.11122103611197
135.9,103.24348399567609
50.2,112.2373864407528
82.0,100.80505182972576
89.1,97.94835354399362
161.1,116.60029772196165
73.1,182.25600779356571
149.4,106.28976422759507
72.0,108.05738160459765
96.0,106.98118435431743
72.25,105.72880785086349
230.0,174.09091505808755
90.0,92.07365692636682
170.0,81.38593000714947
209.0,81.6248101082385
105.0,99.21375240084646
43.93,99.3178954828031
125.0,100.05744203178753
47.0,101.55117890288439
78.3,105.6764767926033
79.85,112.6937507627701
70.0,138.71023037645625
248.75,176.21939909536158
58.0,138.18888891460662
39.0,81.66415312967153
170.0,81.68606254794591
63.88,101.45089443388338
95.0,113.04600631940244
55.25,100.70403575093594
155.0,100.81831582778932
50.85,96.73493972235849
35.0,94.78562640292806
37.8,112.41993889000778
182.5,106.70061966019102
71.0,98.54844561406526
161.67,100.06812281358206
99.0,106.6289631142568
94.5,98.12446416402395
175.5,145.68423336475956
103.5,98.93980254746597
176.75,101.49643763987642
105.33,100.68785207779851
169.0,99.76158276013267
88.4,105.54608239008725
65.0,80.08559937862339
235.0,100.25074461031181
48.0,107.29406257294504
126.0,103.94806445641555
115.5,105.72873850338873
160.0,101.08572018789864
88.0,105.84624924745542
73.75,99.80943322115832
52.0,114.67682178123601
207.9,182.06036364343709
110.46,107.73778488117765
100.3,102.41515757540691
137.0,78.14662387227393
65.0,87.44861772872308
77.25,113.83778026260057
109.8,149.97909638123764
110.0,80.8618714162001
25.0,87.46818557539312
179.0,125.75704678900513
12.0,99.14843402009043
206.1,100.79457837602419
173.0,161.07892426657986
94.5,113.45048927024848
68.88,81.60658065863994
79.2,111.00461210054061
151.2,138.00437447476304
118.0,99.40936152007204
45.0,107.37905246441758
48.0,107.00075220098748
98.4,97.55654763783528
92.65,139.83740948742127
130.05,129.26499201701498
94.78,148.90286481438574
39.0,87.74447700037794
80.0,97.78519592988742
118.0,101.27488747789955
98.1,78.03748665496916
43.5,98.00688407248248
84.0,113.81087904897569
168.3,118.49837884895504
74.8,99.33746332947314
85.0,96.6176706229565
88.0,105.03091086401339
170.0,81.93789565495906
168.3,173.02774016120622
156.5,100.1119073335591
74.48,81.5858817429914
78.5,114.6113997364335
63.0,145.7471065098648
156.6,134.22771071997153
144.4,88.14885628717752
148.75,99.33105581682018
68.23,93.47485891657453
88.83,100.30300632109726
66.29,90.2463365132087
48.0,81.84016008565537
62.0,100.5246944636923
216.5,139.1125399851004
188.29,114.74837466312374
148.05,97.14586450242923
188.0,191.14776341957895
80.0,88.62275787639993
150.45,114.87160871020617
35.33,99.89845402277643
84.5,108.44198571663422
43.43,99.90493088290415
69.0,99.76158276013267
319.05999999999995,177.02588473049983
91.8,102.41533058692815
100.0,96.93726734637649
80.0,99.61816600421776
230.0,113.69836010025949
144.0,117.75258432963254
85.5,98.32014263072429
123.3,113.88993830933953
68.0,110.85905631899548
89.0,81.23366050293077
191.0,119.07879940831018
116.1,99.78121995427747
58.52,107.73571520302221
92.29,99.79220694609262
48.0,100.11614557179763
97.02,99.81381015434638
184.0,118.33529058232361
37.8,107.18978151037018
244.0,99.5005859126763
99.0,103.72620330229925
152.0,113.58105668428578
134.33,107.0593520769511
98.1,92.15933102747657
105.0,100.43991190031272
89.25,105.14821427998712
139.5,96.78716640224089
109.8,95.56107625024936
121.55,129.65224869279535
96.3,103.73274879557042
168.6,160.88334946392598
226.0,103.83076104044181
75.0,100.45958341102926
100.0,81.54898395720919
61.2,106.25031754211554
58.0,101.27488747789955
170.0,99.74201491346264
246.0,113.29405016093469
132.67,82.22507518983139
103.0,107.68776107795009
107.0,92.45623045893849
100.3,99.8071259661257
59.0,100.89658721446946
41.98,77.35247404089974
25.0,81.02058274964348
58.0,106.96140917955445
127.8,103.90892876307548
35.11,100.45958341102926
99.45,105.2180427924306
144.0,111.56556847727218
87.5,105.27202887266029
162.0,176.1455389584412
112.0,106.83104909361012
148.58,189.34552119525506
71.2,117.61953736337271
104.4,101.71798780185327
65.75,100.07036072113993
137.21,104.30672752570086
210.0,113.38771978918976
119.0,107.43775600442768
75.0,101.88362496818202
189.0,175.91716662762548
35.28,80.41163793126806
54.0,103.19153327703012
102.33,98.18316770403405
86.0,82.06019320628091
26.0,99.42892936674207
149.5,100.38330828724229
48.75,97.73289990253028
150.3,118.1134294282073
123.04,103.72616898572753
109.0,113.75062181104494
78.2,106.28959121607383
80.1,97.20460235901106
126.0,113.18308491013916
80.0,100.99015317867804
60.0,100.55314937523784
34.57,101.31381584314667
30.0,100.44001556435921
135.0,121.03760668202234
48.0,106.35490959682984
95.91,82.49881771511892
75.0,94.76605855625803
211.0,99.23983142421594
241.0,99.735365756145
52.2,86.1947257488889
133.2,106.02235986748573
86.36,141.06370696750577
63.0,94.52462955547169
138.0,99.278967117556
83.03,177.11742011524353
140.4,99.26594476415713
30.0,93.36385934920727
177.41,121.86072529176053
101.33,100.08124883102744
90.0,80.63580634041699
135.15,150.0769012980161
64.0,81.6445852830015
60.0,99.50292748428063
72.0,109.79130194295196
90.1,107.48329921042071
149.0,95.16392666635817
158.67,106.43962281273465
122.86,99.9832022695843
115.05,99.1415432181081
90.6,77.4244415789734
65.0,107.39862031108761
121.33,107.52253856780726
114.3,107.3902467843257
108.0,100.28998396769838
292.0,174.60598292011494
47.6,82.48596837324128
108.0,99.2068529117766
133.17,98.6288512442568
125.0,115.07617424178203
67.0,87.96389291884343
62.5,99.30504614092547
90.0,81.54674604965132
34.2,80.81598290149591
48.0,104.82200271582121
83.0,106.73975535353111
102.6,106.60284977431562
125.1,140.73105357411515
207.33,106.90280930359083
121.5,106.8050394177154
79.2,99.28540894678068
48.0,79.31566622055618
185.0,94.76605855625803
42.5,84.20672837757851
78.4,108.01814224721109
90.84,112.9677349327223
44.5,99.14808871137926
99.0,107.71711019592826
8.0,96.74778906423613
41.35,80.77684720815584
62.0,94.49790135336804
79.0,81.54674604965132
71.0,80.51880913446388
150.0,100.45958341102926
198.0,184.07592119792542
224.33,176.26277302694018
127.22,124.43270274747749
98.6,98.15505331908085
126.0,98.69826988263316
113.0,115.77889072679272
74.8,113.58102236771406
80.0,81.78145654564527
45.0,81.54674604965132
96.3,133.55023880094993
72.22,96.17412132624511
129.5,106.90942414433674
156.6,106.74898365933026
126.0,98.09404252403813
72.25,97.80069783550884
87.0,188.27539021670418
68.0,99.17461670750639
80.1,97.4002808257114
27.0,80.82917755208472
97.2,111.14141401570961
126.67,114.06370735776548
65.33,82.81445216153678
95.0,78.89426798678389
59.0,107.55750465605223
149.81,109.64584982545333
81.81,95.58932383370194
224.1,190.12799748517926
86.0,96.70889501556076
124.0,100.79874798111928
118.0,107.1507494810766
0.0,105.86140584436568
137.0,101.49003012722346
122.0,107.36396043286327
119.0,124.94160474151661
94.0,100.66166939038256
76.5,105.22641631919251
200.0,107.22881353966378
65.0,95.13712911677976
62.0,100.17901871690285
109.0,100.07700987845757
120.0,97.68084551983782
83.0,98.76369192743564
84.15,103.74577114896928
82.35,98.06555329592086
109.8,150.01823207457772
75.0,107.86821431459673
64.83,79.72231773148533
87.12,106.15247830876538
106.0,100.08117948355266
0.0,100.95763232608391
80.0,101.22895595953611
125.0,81.42933896963112
66.0,81.62501743633146
85.0,107.40513148778706
158.4,124.53722545471703
185.44,99.02671935435691
79.84,96.05240666051162
79.8,106.84420942762719
96.3,109.90453941787707
88.0,100.44001556435921
125.0,117.78739087556264
100.0,99.526837947567
76.7,101.84765570540418
119.85,103.97414347978503
74.8,90.17467996727447
109.0,105.77441968999995
88.4,106.84417511105548
73.95,107.85508829715137
68.0,105.2200781540143
141.53,94.0744654180144
88.4,106.13962896688773
198.0,151.31622113149945
138.29,112.57196674956181
99.0,102.90435374215778
140.0,119.93285085615013
51.0,100.53365087604257
89.0,105.82647407269242
140.0,106.91410728754542
65.0,100.27692729772778
78.87,106.58307459955262
140.4,99.43550989091628
138.02,152.1969472431723
131.51,119.6326146513072
97.75,106.33530743358808
75.0,98.99189124673015
78.0,88.64232572306997
120.0,101.21201433279435
48.0,108.08325329987414
58.0,106.25045552273374
112.5,112.16545321925086
130.0,99.52676860009225
71.64,80.3594455679574
109.0,112.77877497081434
128.4,104.63934660251974
126.0,105.10267107399409
138.9,98.87448416670995
96.25,97.90270667395411
77.23,107.1049989469906
300.0,181.05830320564496
70.4,100.3615025330144
155.5,178.28535529624156
85.0,100.42044771768917
164.0,100.16606571097873
85.0,81.6445852830015
80.0,107.33137023279436
107.53,105.43522080333821
128.0,102.56216143645504
95.2,86.98773849289954
152.67,107.62037780115745
109.0,107.4963558803913
90.78,100.38771953700206
111.67,119.50239254598108
94.48,117.52649769215273
149.0,100.44001556435921
79.0,107.00064853694099
140.0,106.01564136269334
119.0,132.5067090709696
88.0,106.21803833418608
105.0,107.81188666276269
129.0,107.00075220098748
94.5,88.69031416471381
116.33,95.93286533698003
48.75,103.24327666758313
99.7,178.36297516418992
135.0,98.8549163200399
90.0,77.44635099724778
145.25,139.4992480918641
65.0,82.19472289732033
30.0,88.38794371635952
92.0,99.51360826607518
89.1,105.2003029792513
55.0,96.93719799890172
90.0,88.66657671294868
95.0,96.89932940078722
120.6,100.47911694112756
53.46,99.23325090004172
59.0,97.04165207299782
182.75,100.31595932702136
100.0,98.70498838742554
176.33,81.84677492640128
221.0,105.03073785249215
120.0,87.55947931547213
154.79,123.77628302557181
206.0,107.56157059710085
161.8,131.28048022402857
180.0,99.35055431601546
59.4,87.52688911540322
170.0,106.22448016341076
143.54,106.17869531275305
90.0,114.04413951109545
104.53,100.8833232164059
117.0,121.51726589083222
67.0,89.02062598650008
94.0,95.53048231307363
135.0,105.30468770587264
120.0,105.27216685327849
75.0,98.45043336919386
184.0,152.6329215282641
99.0,101.95858592529667
139.33,107.81605626785779
85.0,100.15300904100813
250.0,96.91780316375294
40.0,88.10748268627958
0.0,100.89658721446946
93.0,99.9312515509383
135.0,100.1723695595852
152.67,107.58124210781736
75.75,103.87640791048133
96.0,105.91790579338964
135.9,152.6208943766419
31.67,82.89272354821692
222.33,108.26408137968488
48.0,100.19858656357287
88.5,98.22857292940887
87.67,119.47645221756113
116.0,119.44214562080415
141.0,120.14168965686756
147.3,145.6492672765146
139.05,189.3452836183779
35.0,82.10115693311174
113.0,100.51818328699287
227.25,182.38013337837833
82.0,94.81729074869509
120.0,99.3637839975073
72.75,96.96334636974595
79.0,80.58792156281962
129.67,87.29197129131632
83.3,107.60269386624657
126.0,98.09828147660798
68.72,113.41786475360786
119.7,144.03378142311254
104.0,105.89182677002017
96.9,105.78082720265292
105.0,100.37459351955671
115.0,113.18959608683859
89.0,98.12439481654917
114.0,99.76158276013267
113.57,103.52387567828126
153.0,99.18112788420582
118.0,107.00726337768691
56.52,112.30893932264055
48.0,100.45958341102926
119.0,81.66415312967153
116.1,105.65515025991726
96.5,100.85745152112938
54.0,106.23760618085612
108.9,96.23933604295466
107.1,106.27674187419619
74.8,100.2898803036519
122.7,102.95654610546845
169.0,176.27600270843203
87.0,181.1080160167331
87.0,114.53984685454577
68.0,93.59839526870888
45.0,108.14850233315542
62.0,105.99617718006978
80.0,88.18575407295972
153.0,99.84622734289405
56.0,94.66821932290785
0.0,113.4832174509356
77.85,79.20314961183762
49.0,86.19627554184085
90.0,91.30183116945292
90.0,100.45958341102926
68.4,96.00428023824956
62.0,100.50523028106875
134.0,112.37019176234796
95.0,81.76188869897523
91.8,107.78343175121715
120.0,113.84835738034863
162.0,98.80926945000039
71.0,79.85553770926641
61.33,100.69398291488375
90.0,104.10460722977584
85.0,100.30304063766897
89.0,150.13146954950284
98.4,101.15727306978638
160.0,107.56818543784678
88.39,100.32257416776729
99.2,107.03985357775582
133.8,138.9189311965555
36.0,81.78807138639118
108.0,110.65883268970465
273.9,176.73481226610014
207.9,182.3866788716495
212.0,181.40907670756192
42.28,107.22881353966378
96.94,99.5808455894934
178.2,98.72438322257435
130.66,106.8244342528642
37.4,98.2831411808956
175.0,107.52243490376077
310.0,156.05088718286726
81.5,150.58679408468504
132.18,117.91123978480752
84.15,107.100933005942
118.16,100.25074461031181
76.5,112.07412516260013
76.76,101.71891599615279
119.44,105.66806894926967
195.0,174.4560893040723
73.33,102.37619489358809
107.0,99.4875292427057
89.1,107.84095910517314
96.39,151.87714319165934
89.1,104.15669592904001
52.4,100.88576845205671
34.0,107.5223312397143
116.1,79.38773742267634
43.43,105.89168878940197
168.3,133.00262374251287
162.0,156.12285472094095
26.1,99.57227748951357
175.5,81.43585014633055
108.11,81.53358571563425
102.0,100.942026756416
122.86,108.5617686848305
76.0,99.76158276013267
60.64,106.52440537611425
125.0,105.32432490001743
29.34,101.53567699726297
58.36,103.432651285677
142.67,105.04382955336578
95.4,99.28533959930591
137.0,132.2590798856233
99.3,99.6703240509567
140.0,84.03885297498707
94.3,81.27279619627083
68.4,99.59160369151891
74.8,99.77450144948506
50.05,106.84410576358071
118.0,113.4832174509356
110.0,91.07480091409609
45.0,100.45958341102926
82.45,106.42663549023882
37.8,106.09859589258215
166.5,124.22648147960082
125.0,98.87448416670995
85.0,106.20491231674072
71.28,105.29834954069445
70.0,100.42695889438862
72.0,94.04849005869141
75.0,77.63307305159786
96.75,112.88946354604215
76.0,101.3593590491397
80.0,99.76158276013267
40.5,100.47239843633517
140.0,99.74201491346264
48.0,81.62501743633146
124.0,104.15686894056125
67.5,81.46192916970003
79.0,87.46818557539312
143.0,107.39862031108761
31.5,100.00290809687252
52.2,103.68655000305807
78.3,99.9702835802319
319.05999999999995,177.42375284059995
136.2,102.10868686943226
159.3,131.6523729748057
35.0,83.04916265753072
207.0,106.88372067846265
119.0,106.62224460946442
139.5,124.66124737548317
116.0,107.81605626785779
93.84,123.0826593078633
130.5,173.97343863059257
65.0,82.81445216153678
139.5,98.00695341995724
124.0,114.20068228445574
239.0,105.6895334625739
91.0,104.86768390243243
44.0,100.45958341102926
136.73,105.50663570460773
65.0,88.10748268627958
88.0,103.74584206141513
80.1,98.7635189159144
38.0,81.66415312967153
220.0,81.66415312967153
134.0,144.683827948937
62.0,99.54640579423705
143.41,143.18351126799723
106.2,81.52951977458564
42.0,88.10748268627958
86.0,81.62491377228498
52.0,100.79437104793122
191.0,113.56148883761574
140.4,98.84840514334047
142.2,119.25501369238697
137.75,105.09591825262997
130.0,100.44001556435921
149.4,136.21074742186573
0.0,107.02032004765752
46.0,107.5550594204014
113.0,98.98527640598422
118.15,105.95042664598378
94.14,122.31300211103249
65.0,82.8559294264812
40.0,81.66415312967153
94.0,119.54152823932115
73.95,95.88711480289405
118.0,151.89040718972288
74.15,95.08476374194785
99.0,110.09122715565545
44.0,101.50949430984701
126.0,107.78343175121715
55.8,110.94573554900927
82.0,138.78850176313637
150.3,118.6092404357041
65.0,81.6445852830015
88.2,98.19615502652988
90.95,100.76612346447865
123.0,125.25462094076241
82.44,96.20009668556813
113.01,96.55882910232819
46.2,107.02255795521538
139.0,120.04892187909648
48.0,99.15084493916953
100.3,137.43156752153988
183.67,133.86178096250367
48.0,107.79231881609266
144.0,99.76165210760743
71.21,100.45937608293629
95.0,97.81599241303729
114.0,107.30057374964449
86.43,104.33280654907034
162.0,99.08328865085565
126.0,99.23983142421594
72.0,96.26117611375429
61.2,126.80026552684599
124.1,126.63756557258498
201.8,105.83746106450758
63.46,82.67726990675357
87.13,105.54601304261249
107.0,107.43775600442768
52.85,104.74373132914107
68.75,144.91213093227796
189.0,177.1367806338206
65.0,80.90744893876486
39.0,80.88788109209482
98.1,96.66975932222067
160.0,100.642205207759
99.9,80.99884634289035
117.0,97.1133779664068
168.3,123.0760787836891
114.8,151.64253635971187
0.0,107.01838835012028
71.3,106.92888832696029
93.6,112.67022063909792
94.0,168.3637055465711
195.0,98.93980254746597
95.0,89.39220774513777
131.4,105.9569035061115
142.2,112.83675998461553
83.43,97.3611108157996
79.0,106.22437649936428
80.75,111.2328114198351
105.0,106.49198818756656
215.0,105.98966600337033
48.0,106.92237715026086
129.6,94.98692450859767
130.0,87.54886788115236
93.0,101.05547155943407
116.4,114.31798570042946
41.4,99.90493088290415
126.0,110.6913535422988
54.0,94.98692450859767
200.0,126.02069141808646
49.9,104.88721743253075
125.0,106.02235986748573
136.08,99.72871659882736
130.5,81.74883202900463
153.0,99.57475704173609
167.0,99.28344293267172
135.0,81.66415312967153
75.09,97.46363319235847
50.0,107.21813275786924
290.0,100.45958341102926
30.0,81.62501743633146
68.0,107.02032004765752
90.0,104.36539674913925
66.0,97.38739716726205
85.0,100.64850905636547
42.83,99.96363442291425
72.0,97.0155044164849
126.0,119.36559063081208
85.5,110.88065952724924
207.9,189.6908900176926
103.32,99.69623006280493
125.0,86.14632108608804
99.0,112.36767717922237
183.0,99.02671935435691
71.1,99.24637691748708
90.0,100.89658721446946
79.0,98.75053159341857
141.3,134.8930175067527
90.95,111.68945241742011
139.0,108.1729606511271
85.0,96.06977091619551
79.2,105.36349490992922
131.4,113.18966543431335
58.0,113.50278529760564
67.5,81.54674604965132
229.0,190.5322037604576
164.0,100.3158899795466
124.5,119.56155374583636
180.0,100.77918013444925
55.0,81.56631389632136
67.5,87.47459308804608
96.9,105.37475857731211
108.0,98.072306117285
65.0,100.17901871690285
80.0,96.74169254372262
132.3,112.88230319060854
48.0,107.69864918783757
110.0,80.56414979448276
80.0,99.86593317018227
151.0,107.02032004765752
50.93,100.39412704965503
191.1,108.59073713448961
103.0,87.80735014548316
152.3,104.76967237189234
98.6,102.87172922551716
84.0,98.26784660336713
108.0,120.06838606172003
155.0,113.3658103709154
159.7,132.21556725909517
88.9,182.63451538508878
144.0,113.17013190421504
80.75,96.73497403893022
130.5,106.19192499424489
55.8,96.49605962126947
149.0,100.70741992446855
48.0,107.00075220098748
119.0,100.45958341102926
52.86,120.0176334195297
65.0,89.02062598650008
89.1,104.99177517067332
72.76,97.62224564387418
96.3,103.51767549372127
62.0,93.51950901986629
70.5,107.75735272784769
90.9,99.72882026287384
210.0,182.47790326425374
108.85,100.04865863095851
129.0,99.76158276013267
187.0,137.2934901654171
89.0,100.60306951441893
103.7,105.62428442929263
69.0,106.22437649936428
122.0,107.75318312275257
89.1,105.29824587664797
305.0,200.54270837807422
146.0,100.0420437902126
180.0,202.3946856895143
70.0,81.6445852830015
30.0,100.12693001763866
85.0,112.59591152941991
68.0,101.20312726791886
95.0,107.03978423028107
112.75,143.71838862135934
72.75,108.44863487395185
65.0,81.29935444118217
189.0,108.49011213889627
114.0,100.44001556435921
38.67,99.03102694007022
135.9,119.87914942424436
88.0,87.69655790620885
0.0,100.45958341102926
38.88,100.3682553543785
158.0,183.2737431485005
112.8,105.6177732525932
62.0,100.06150797283615
186.3,175.45415314829057
6.0,146.04378356262822
154.0,100.44001556435921
37.8,106.98328428125711
97.33,97.96774837914242
79.88,82.97495721189918
62.37,81.50761035631126
61.0,81.9600124013264
97.71,107.42459567041061
54.21,106.68756299022044
121.5,97.07413860902025
72.0,99.52022310682109
108.0,101.09223136459809
126.0,98.48974207405516
83.71,106.34839842013041
56.0,115.87589908279995
53.44,107.44416351708064
154.8,103.64393532204525
38.4,99.74201491346264
172.0,131.78273306075005
29.0,100.21822375771768
71.66,101.02005649843144
117.0,109.21088138359684
118.2,107.38556364111702
60.0,110.32604131569586
191.0,143.63377906950103
101.7,100.01603411431788
107.0,108.84295058111697
82.39,106.66809880759689
65.19,106.49178085947361
79.2,106.02887104418517
107.1,109.89575601704806
180.0,106.83983249443915
69.5,100.25735945105774
297.0,100.52042119455074
66.8,98.02645191915252
39.0,81.66415312967153
183.59,104.66518398122452
134.25,111.4764783281793
89.0,157.29646786129786
48.0,100.30809933837304
44.0,100.10736217096863
113.5,100.23128042768826
80.3,105.72222732668928
116.1,98.1309059932486
112.5,98.73072210208386
98.0,177.07828442190345
129.6,140.90719922504854
96.3,101.3912913833869
130.0,150.5537616610029
106.89,105.63076128942035
216.0,177.93923535881328
110.7,99.25268076609356
64.8,114.71488495256845
99.0,106.14620877673062
85.0,113.12438137012904
131.75,125.39803841100866
140.0,106.46587484762537
119.0,132.2786134157216
262.0,171.55339883958948
156.6,128.67161845173575
30.0,81.6445852830015
144.0,100.06819216105683
60.0,107.46383502779716
84.0,100.53775113366291
230.0,176.08032424173166
89.0,88.56222630289908
110.0,87.35718600802586
218.0,113.47880620117581
93.9,80.45728480130757
129.0,94.28981539543128
75.0,100.04194012616611
35.0,82.08158908644171
142.5,87.36607307290136
73.0,81.47498583967062
162.0,130.22381650384668
9.0,138.42966568232984
109.0,87.8335328328991
91.0,81.52717820298129
120.0,98.67219085926368
38.0,81.62501743633146
95.0,106.27012703345027
222.0,106.58317826359911
51.0,100.36174417767907
132.0,96.85899595969634
87.0,107.73361527608255
129.0,100.41390222441802
120.33,107.07891992362113
113.53,105.67003496337861
43.0,81.62501743633146
72.0,105.53292205607018
38.81,105.78557969333636
200.0,112.0023306360477
82.45,99.91809121692123
22.5,82.45571974477672
56.0,106.51145237019011
101.41,131.1696186372795
75.0,100.45303791775808
80.1,99.20713756010053
270.0,107.67222485575694
35.0,81.6445852830015
90.0,107.0593520769511
75.0,80.0594860386822
132.33,89.31648525815494
30.0,81.01166136819626
73.05,114.02918546015934
130.0,81.48611081210399
111.6,106.41371680088643
130.05,97.96141021396423
96.9,121.5848221791461
238.0,182.75171513701605
130.5,97.49167822983691
108.0,105.8265777367389
87.0,102.1512366563843
98.0,99.6855492810104
109.0,106.08750523672052
52.0,99.74191124941615
87.67,112.85701204092277
70.26,100.94178511175132
48.0,99.78111629023098
74.8,107.639841983781
66.0,78.40751705568383
107.75,113.83540437442451
42.0,81.85307877500776
220.0,131.83092883048687
108.67,101.67092755450894
80.44,178.35646398749049
74.7,93.68941233322018
166.5,116.37843656784536
107.42,151.49905025632216
130.5,97.77858108914151
143.1,97.56567634737547
138.83,104.01327917312508
143.0,112.64824187334878
105.3,106.3680356142752
219.43,112.83072568946034
190.0,130.74563718723817
66.88,81.89459035652389
170.0,107.02032004765752
150.0,104.31320438582858
169.0,112.51764014273976
38.0,100.37459351955671
122.0,106.32231939676093
71.18,104.89999814126493
94.5,99.82913904844655
132.6,99.79424230767634
73.0,100.642205207759
97.0,99.6637435267825
126.0,104.2742066731067
93.08,98.43737669922325
42.0,81.62501743633146
89.0,87.44861772872308
125.7,97.85051431064345
119.17,138.918827532509
135.0,109.98470307469906
132.0,99.07894603423931
52.95,99.67245829446807
126.0,110.76962492897894
72.25,98.92908744909971
249.0,108.17061907952275
209.0,112.64820755677705
48.88,137.5317826430661
112.05,98.82873363262395
94.67,111.01756510646473
112.67,107.4661765994015
172.67,98.77664493335976
68.5,106.80507373428713
114.0,100.45958341102926
29.0,106.75932320020114
94.0,112.02214012738241
153.0,106.44623765348058
134.3,118.8765061008639
87.0,100.2571864395365
90.0,106.38091927272455
106.25,88.28348964226342
107.53,85.25288432748712
121.7,99.0242741187061
0.0,81.54674604965132
121.8,131.98509571567106
170.36,182.2429511235951
59.0,73.7391752283074
128.0,99.24637691748708
100.35,113.70476761291246
85.5,81.54674604965132
100.0,96.0307045703302
104.0,99.85938767691113
186.22,166.74773410810917
135.0,100.25735945105774
160.2,98.18296037594108
177.0,82.14680380315124
164.25,117.16868672054773
146.7,130.79793321459533
65.45,99.11584382002152
95.0,101.31402317123963
77.25,113.58105668428578
93.8,100.21777478496003
167.0,145.31010270642457
90.0,101.43122292316687
105.3,99.00494791670074
199.2,185.4469395144246
166.0,105.21983650934962
89.1,101.53694604685968
140.0,106.13304844271354
69.11,100.42919680194647
71.55,105.95704148672971
92.31,97.83783085817062
53.57,108.41073391363679
109.0,106.19847048751605
127.0,113.9789247943859
40.0,82.60154741977074
46.8,105.97650566935326
62.0,81.66415312967153
118.0,106.66148396685097
72.0,100.47260576442812
117.0,104.24802398569076
56.0,99.61795867612479
116.1,104.44380611643757
154.21,132.91763385104034
69.0,125.55475348155886
45.0,107.72269284962333
94.5,80.74436067213341
99.46,108.35079564060169
151.0,119.25501369238697
171.0,107.43775600442768
75.0,79.96826164607793
228.76,183.22799261441452
117.0,99.27228292933532
126.9,105.36986810601046
178.5,149.92707702944824
130.15,105.49385499587355
90.0,107.52253856780726
102.85,97.27643191646652
102.68,99.27235227681007
44.8,81.95746350162909
70.0,98.72455623409559
88.77,109.42595468544599
140.0,99.74201491346264
200.67,107.44395618898767
106.02,114.10273938705907
94.5,99.55946246420764
78.35,105.9827408848163
225.0,99.76158276013267
117.73,100.27675428620654
132.44,107.02032004765752
71.67,104.23496731572016
174.25,113.43092142357845
39.0,81.66415312967153
65.1,101.37251938315677
141.05,99.37005352954205
171.0,123.64361568459486
46.8,108.22580486187441
95.0,82.02288554643161
177.0,118.8765061008639
79.2,95.8806036261946
66.0,113.4832174509356
75.0,98.50913690920396
95.0,99.55274395941524
77.93,98.57431730934178
65.0,80.83141545964257
85.5,105.45489231405472
89.1,110.75023009383015
188.4,176.39985161767692
86.62,96.6918417520163
79.0,87.57253598544273
44.8,106.81158491098657
106.55,99.35678953147848
42.0,107.67215550828217
155.0,106.54393890621256
100.8,118.46343432240675
130.5,107.50196754660436
58.65,101.41165507649684
135.0,107.1963963511161
126.9,98.95930104666124
87.5,80.77288493115371
58.52,106.4004871193946
66.0,100.55731898033294
128.6,131.3089351355741
75.0,99.77470877757803
127.0,138.78850176313637
48.0,107.12039718856555
179.1,174.13879983568492
118.67,88.05745888305202
121.0,100.19858656357287
108.0,101.17287863945428
115.0,99.90544442101773
93.0,114.29018230761571
161.66,126.43537592918518
138.5,145.13399208639424
30.8,78.88344922437113
115.0,98.50813373467109
103.84,107.51592372706133
63.0,98.26126607919295
55.0,100.45958341102926
132.8,99.58536847605588
68.07,106.65066520443824
144.0,97.99386171908361
213.0,100.55077348706178
34.0,100.63559036701308
96.9,120.48736540365702
213.8,106.96140917955445
66.0,80.62033875136729
0.0,113.58105668428578
35.0,80.52246520144539
65.75,106.1461744601589
163.0,100.1593128896146
81.0,106.59633859761618
76.5,101.75092331063334
192.5,105.96348331595439
190.0,107.1638061510472
45.0,82.10115693311174
155.0,107.31617931931237
120.0,105.32435921658916
3.0,102.51682077643616
81.0,80.26711433677379
139.0,113.28078616287112
145.0,100.45958341102926
178.0,112.44594856590251
176.0,107.43775600442768
105.0,106.6679951435504
120.0,111.06321197650422
57.8,103.79792919570824
74.15,101.24770161595073
85.0,99.74201491346264
115.37,107.2614380563044
190.0,131.90685864556264
138.0,113.039495142703
221.0,105.98956233932387
78.0,101.32704552463849
96.3,120.17438352098294
70.0,99.61813168764603
88.91,106.10042392607292
48.0,113.9789247943859
130.05,118.22439467900284
106.0,79.17893293853062
45.0,113.39819324289135
126.9,111.33065065318527
118.2,103.83065737639534
104.0,101.23554445646653
68.0,112.81770333606146
105.0,104.78948186322705
120.0,98.6591685058648
105.0,101.4575092746293
90.93,102.7216976288563
171.33,107.7182170345076
87.3,107.78394528933075
66.0,81.09668557624053
197.4,105.04851269657446
44.5,95.81118498781824
231.69,87.96375493822522
64.0,104.80915337394356
175.0,81.40315628221516
162.2,126.06572108596589
121.0,99.07660446263498
109.8,106.68112116099576
65.0,80.10106696767309
192.0,107.93335968383151
38.0,81.66415312967153
51.9,82.53633270306119
107.1,122.71055125623698
71.76,99.50706277280402
110.36,103.21716332764194
130.5,103.59591256382969
54.0,176.3411480776668
132.3,99.6505488761937
150.0,80.62688424463845
97.2,98.97876522928479
103.5,104.71782531729284
89.25,107.56167426114733
57.0,81.54674604965132
94.25,92.11134258583272
133.0,107.48319554637423
212.73,108.45318003654234
146.0,100.30304063766897
80.4,97.63716059611976
156.75,89.21609712510745
65.0,82.06191757572519
79.27,97.67430002656664
126.0,98.45053703324032
274.0,113.9202212543758
125.28,121.41932299343557
52.56,99.03743445272318
156.0,100.10736217096863
58.0,82.42075365653173
62.0,95.43715799352972
79.0,88.2248897662998
26.1,101.26183080792896
81.0,107.4963558803913
96.3,102.71529011620335
130.5,99.18753539685878
66.0,81.82303747463615
54.0,99.31159163419663
55.0,111.80679014996556
99.0,110.7696942764537
130.0,98.80282762077573
130.5,97.06762743232082
30.0,82.43615189810667
105.9,106.95507101437624
135.9,111.68941738651706
96.98,132.51342757576202
54.0,107.73778488117765
65.0,82.10115693311174
201.66,181.37593391495602
155.0,107.53549157373138
77.0,107.32034892440748
91.0,100.89658721446946
89.0,107.37250697114642
247.0,123.44786787041977
160.0,106.37458110754636
135.0,79.3354757118909
153.9,137.40566150969164
80.1,97.75911690651795
110.0,79.53115417859125
185.0,99.83341231758814
40.67,88.08781117556308
101.25,135.8999624253005
89.0,100.45958341102926
82.08,106.42012431353939
141.4,101.05302632378326
123.2,81.94461415975147
55.0,81.41200903051894
159.3,123.94357521387008
56.0,94.5899479362277
68.0,97.67423067909189
65.0,80.66601993797852
104.0,95.0488611579423
119.33,112.68727390264237
48.0,105.9373699760132
127.0,107.87475980786789
120.0,98.06569127653907
40.95,98.45928611749764
45.0,81.9641820064215
129.0,88.87059438983923
0.0,94.68778716957789
102.73,100.63559036701308
93.6,112.50482511743385
99.0,96.84604295377224
189.0,171.5665934901783
90.0,101.62690138986721
80.0,100.028987120242
123.0,100.1006093496045
76.0,107.43775600442768
147.67,112.68727390264237
104.55,119.01943159469323
70.0,98.32658445994896
56.0,88.20532191962977
158.0,81.66415312967153
59.33,102.89460750175267
199.73,157.99453785966918
54.0,106.87662661617486
119.0,118.4591394915685
72.0,102.61080172553554
130.0,98.48305788583448
258.0,138.60801420991803
31.0,108.50144443942258
113.7,125.1786568091149
81.6,83.83493929084786
119.0,106.55069172757668
111.78,106.13973263093422
146.67,104.59349240438726
71.55,98.57431730934178
83.1,98.02662493067376
112.0,103.79152168305527
91.6,112.2201601656871
114.75,142.70737177121697
89.7,106.1461744601589
111.0,88.24910643960679
80.0,80.88378083447448
169.5,131.41111698554062
111.6,100.45958341102926
70.85,105.31767574269979
110.75,154.01586544575537
79.5,81.66415312967153
74.84,111.40241086316598
85.0,81.5858817429914
65.13,105.19379180255187
79.0,100.45958341102926
95.0,79.15526483424026
108.3,100.02254529101732
39.0,88.4816133446146
99.0,99.46806506008215
99.0,80.28127784532373
89.1,103.47833247228823
89.25,107.32265617944009
90.95,98.73089439927378
25.0,82.42054632843877
129.0,113.18315425761392
96.3,119.51562222747292
60.0,112.88946354604215
125.0,106.74195894451725
93.5,107.76386390454712
154.0,100.27671996963483
68.0,94.8303817352374
79.2,113.43753626432436
54.0,140.60706668425206
105.84,100.28326546290597
78.2,107.89422399049144
89.89,119.95896419609133
50.0,100.85745152112938
116.1,100.42930046599295
88.0,88.6488368997694
151.2,92.23526084255236
76.5,105.61133142336851
55.8,111.25899410725106
146.7,113.03305331347832
58.0,105.95276821758813
82.8,112.68727390264237
91.81,106.0157107101681
123.2,107.11161378773653
150.2,107.17665549292482
89.0,99.07670812668144
111.0,107.28772440776685
95.2,108.15522083794781
98.0,81.52717820298129
80.0,81.54674604965132
114.0,82.53816073655194
175.5,123.39574485458385
83.7,161.90634409851333
213.0,140.71765126672858
134.0,99.59839082945476
89.1,103.6609885855897
55.4,107.55078615125984
107.1,105.37644791585333
109.8,106.73982470100586
76.5,87.6573185488223
56.0,79.92244176451719
86.0,98.15057750396514
68.0,101.37262304720325
96.3,110.59358365642339
76.0,82.93420081316133
86.5,97.99368942189369
160.0,78.63103323176965
99.0,106.92899199100677
78.3,102.76338222189369
89.1,107.87358362181378
206.0,97.96781772661717
108.57,98.98544941750546
139.5,105.4481394926906
135.0,100.14646354773697
78.54,99.68338072092729
141.0,101.27488747789955
155.67,81.05568753283798
129.0,107.62688897785688
77.23,107.94875792540645
105.0,100.45958341102926
79.2,96.6763741629666
115.6,124.89839669934281
95.0,88.18575407295972
49.0,79.7529459852328
96.0,174.50814368676475
179.0,106.88985629766671
90.0,108.2316641911372
94.5,106.57677075094614
169.2,131.5741015881256
107.95,98.6984428941544
110.77,101.00720715655382
56.1,107.48340287446719
0.0,80.11157473794637
148.0,106.02218685596449
38.0,80.96615247877496
117.0,101.15748039787934
125.0,188.6602359734054
60.0,100.60958069111837
78.8,80.82917755208472
108.0,106.33544541420629
35.0,81.66415312967153
97.1,164.99992622244133
123.0,106.10696941934407
170.0,82.41220711824857
73.15,106.88334512096728
250.0,116.54362476141645
68.25,101.72377176525626
71.91,107.26043488177154
140.4,105.08944139250227
66.76,85.7722597752278
96.8,98.48319658078401
120.36,120.21985737950122
270.0,129.77842609006467
105.3,106.3223887442357
30.0,82.48596837324128
76.0,82.51859288988192
117.04,107.07891992362113
189.0,107.44405985303416
57.5,80.2054173777227
40.0,80.96615247877496
63.14,105.04376020589103
97.5,106.26361585675082
38.0,82.10115693311174
84.8,108.87802066211327
156.6,96.36315063562783
94.5,81.86217316797622
95.0,81.32488489553502
79.0,100.44001556435921
163.97,183.47572546380732
106.55,99.23962409612297
12.0,101.05943383643621
141.3,112.40033672676604
106.2,99.38986302087676
91.2,99.2723865933818
0.0,100.45958341102926
40.0,80.96615247877496
120.12,126.253571913564
160.0,106.5115560342366
131.75,88.66413147729787
89.75,98.99189124673015
75.0,100.4203440536427
60.0,95.63927828945475
99.0,102.48040660868818
153.0,113.91605164928072
107.1,96.68298900371252
99.0,102.49339464551534
96.9,131.28922930828588
79.0,81.69901555387003
72.0,94.6935798200684
108.9,100.66828423112847
115.0,99.11387780591257
212.0,155.69842429814196
319.05999999999995,182.99962028359874
141.56,105.75467954614
164.8,195.13003286575338
80.75,98.94614071264417
93.0,100.98116244975607
95.0,107.00075220098748
115.2,113.78324632768556
150.0,112.71345659005831
127.0,128.808386050333
76.5,99.59205266427657
43.0,100.40087987101914
170.0,110.68480804902765
169.0,88.56405433638983
115.0,106.98118435431743
37.0,107.12467045770713
95.0,106.4136824843147
140.0,107.75735272784769
109.8,97.15895548897154
95.0,100.12693001763866
152.0,196.06249368089163
108.0,118.1848356423893
218.8,110.8959541047777
138.0,117.87203474399269
42.0,99.78755811945567
101.0,86.79626394786601
71.0,108.16152468655429
95.4,105.62679901241822
111.0,157.79217520474816
143.2,100.85745152112938
105.83,104.37662538561909
174.0,174.03865334730213
114.0,95.1247909730181
150.33,120.08988560592731
160.0,145.07525422981246
177.3,131.16979164880075
138.0,101.49003012722346
72.0,80.36196015108297
136.67,114.06370735776548
126.36,99.2072069075753
156.6,97.53725575240165
222.0,150.39236273291272
125.8,107.21579118626491
219.0,119.17674230570682
170.0,81.2465098448084
110.0,80.32272079369642
119.7,106.42022797758587
25.0,82.1793246557454
35.1,80.96615247877496
66.0,113.40494606425545
149.1,125.14389804896288
89.1,104.82210637986768
209.0,173.71895295983563
48.0,81.66415312967153
112.5,101.20281627577941
112.0,107.64635316048043
75.0,99.37663333938494
71.0,108.0269256480401
160.0,106.88334512096728
100.0,99.63990241097088
170.0,104.76323054266766
118.8,106.66155331432573
106.0,120.30484727097375
95.0,87.27250710869276
116.36,106.75918521958295
117.0,100.17901871690285
43.38,106.5505880635302
102.25,96.60695552459023
69.0,99.04408361004081
189.2,98.4853651408671
140.0,106.32231939676093
89.0,101.33359101790967
173.39,139.02648198076707
137.7,128.41055225680458
95.33,108.03364415283251
45.0,80.96615247877496
59.07,94.67462683556082
131.4,106.09401641341995
62.0,81.23366050293077
96.3,99.63118835761662
112.88,80.75090616540457
144.0,107.39862031108761
53.1,109.19089888074087
140.0,104.35895491991457
46.0,105.69187503417824
140.0,159.1881765065413
128.0,88.6488368997694
160.0,88.08781117556308
50.0,81.66415312967153
53.0,107.35531501265245
60.0,87.88145192706818
65.0,80.96615247877496
158.1,132.69191408396838
74.8,111.47413675657496
72.0,94.96091483270295
32.83,100.49217361109817
90.95,79.72693630933809
67.0,82.06202123977167
46.0,93.85450398486122
78.0,94.88253978197633
188.71,100.76825770799003
100.0,87.95093991291931
74.0,82.41658405143664
68.43,97.6937642091902
37.8,106.2179346701396
117.0,106.04843889085521
37.8,101.39208722982681
111.35,100.24433709765887
135.0,87.16168055284676
108.0,81.57099703953004
81.25,81.76429961805434
132.56,109.37189997207284
74.8,105.62428442929263
99.45,103.85673639976481
174.0,118.85021177664525
90.93,103.71965780902809
151.5,120.21351921432301
66.0,76.30059712797302
107.61,104.93947914331616
121.68,115.44562175690835
72.8,87.72904444223128
72.0,100.76612346447865
133.0,100.11614557179763
212.71,101.62924296147156
31.0,100.01603411431788
137.7,119.10487843167965
117.0,116.97180216036838
170.1,99.98985142690194
122.0,113.01358913085477
140.0,113.38537821758543
115.5,108.9857158183001
116.0,108.3117636113081
74.0,96.14804230287565
113.4,98.63960065919477
42.0,80.33998138533384
91.8,99.82669381279572
45.5,100.18559924107704
36.12,100.98116244975607
188.75,99.5615623911473
98.75,114.26568967307232
36.0,98.33971047739432
88.01,88.06180149966836
101.0,113.5419209909457
139.0,99.0486287726313
160.98,122.82796630901339
151.75,125.01797874723124
57.5,78.1442823006696
98.0,100.89658721446946
138.3,188.03423789148553
71.56,76.55253389903265
75.0,99.4288257026956
88.0,99.01138974592543
75.0,99.76158276013267
130.05,116.4436512845549
160.0,107.40513148778706
90.0,104.9591506540327
74.0,151.6164573363424
189.0,119.19631015237687
12.0,100.45958341102926
50.0,107.93335968383151
97.7,112.53741531750276
36.26,106.16539699811776
179.0,99.55946246420764
114.0,107.32034892440748
69.0,90.41848485623689
96.25,99.64417568011245
92.43,143.8187424378351
117.0,95.24792135605404
64.0,99.66598143434035
132.5,100.60286218632598
286.0,157.55771504050642
216.86,126.80695768782287
90.9,98.61355666672833
61.0,80.7704740120746
160.0,106.7095760725413
140.0,113.21567511020807
67.8,119.73727605349626
120.0,87.4291192295278
44.8,82.08158908644171
51.0,81.98374985309152
89.25,98.4308312059521
118.71,100.8246196763958
153.0,99.94420455686242
48.0,106.78550588761709
75.0,99.526837947567
319.05999999999995,104.95263947733325
58.0,99.16617383326971
200.75,145.3557495764641
71.25,158.41200813301106
99.0,98.86783500939231
137.7,116.55454718787567
72.12,105.94388115271263
157.5,88.89016223650927
85.87,86.94643423947637
90.0,100.3574709085375
86.5,101.40586476600396
121.5,150.7032797195502
120.0,106.24394434603431
180.0,99.45045915973355
212.67,106.79180973622357
116.1,105.67010431085339
62.0,107.07247809439646
63.75,95.94581834290415
103.05,119.89392249090302
135.9,106.07444856674991
156.0,100.08779432429859
60.0,101.05964116452918
89.25,112.98086095016765
66.0,98.64666040491082
45.2,106.38739613285227
148.9,144.33791055748281
106.2,105.5983784174444
65.0,80.99884634289035
187.0,119.2417496943234
96.3,109.69339336212703
165.0,98.55054554100494
156.0,99.26553010797119
199.0,98.4308312059521
65.0,80.19639161789767
74.8,99.97679475693133
96.3,99.8184239500803
107.95,98.96577790678896
72.25,98.20252822261111
91.8,96.35336139156348
37.8,122.0843108153211
86.25,100.03360091597592
71.0,100.19858656357287
145.0,157.75686385205915
79.0,100.48566243439872
163.0,177.43284723356845
117.0,111.64373619990585
101.25,100.25542775352051
85.0,99.46803074351043
116.0,104.14363925906943
59.0,98.56794411326054
79.0,82.31202631329407
117.0,99.4744725727351
78.0,100.81414622269422
93.0,81.35106758295098
111.73,106.01560704612162
240.0,107.41818815775764
194.73,118.55046754821922
164.0,100.34207266696257
155.0,99.1443337624701
161.0,119.13760661236677
70.0,113.22883544422515
58.0,118.94153983329599
91.33,80.02913374617114
65.0,113.56148883761574
152.0,117.23935247385212
82.45,105.95049599345855
107.1,80.56173887540366
115.2,96.5719200888705
181.5,98.46352507006748
125.0,98.15708868066457
75.0,100.42044771768917
162.0,100.49851177627636
149.77,119.40472632415215
90.95,110.5284382871886
95.0,81.94461415975147
80.0,100.89658721446946
0.0,139.4822291448914
95.0,81.93789565495906
95.93,144.30538970488868
45.0,101.25115002613443
87.0,110.0129557689753
38.0,81.36402058887509
157.0,82.3383126647565
36.0,94.80447572338916
44.8,82.69266814832851
162.0,99.3570654927149
108.0,82.85775745997194
160.0,81.70318515896513
136.0,113.33952401945297
86.72,106.49839570021953
62.75,113.45693109947317
287.0,120.89257719346584
118.15,106.07444856674991
59.0,106.3027515500909
127.5,125.4568105841622
198.0,99.94003495176733
144.5,80.88788109209482
115.5,112.50472145338738
174.0,106.34839842013041
130.05,130.00205901377686
98.98,114.32460054117539
135.0,119.32211232085567
109.8,104.75696101063289
114.3,112.31565782743294
32.34,107.8486464679267
60.0,79.72273238767127
121.0,106.98108069027096
77.14,106.68094814947452
80.0,113.4832174509356
128.0,137.93385467483307
34.0,89.87089614161535
116.1,98.67215654269195
95.0,96.58504610631586
67.5,99.20724122414703
180.0,113.31361800760473
134.0,106.65731436175587
56.89,103.56962621236725
61.56,112.563321329351
137.0,138.141383718025
111.0,100.0876906602521
110.0,81.7629157752024
125.1,135.91199398606955
93.6,106.79852824101597
126.9,98.77013375666033
172.5,106.2309913401102
70.4,99.05049112269378
73.0,106.64839298030864
149.0,143.1901261087432
104.4,87.71846732448324
58.0,81.99914809466647
72.8,100.38131202434911
151.0,101.11834470453928
100.3,119.30016858600958
99.3,143.48456525394874
42.23,81.65740030830742
241.0,105.12206590914289
50.0,88.64222205902348
139.0,108.20975477286282
290.67,174.72328633608868
68.0,106.86377727429723
121.5,98.84837082676874
175.0,113.82238202102563
99.0,99.74201491346264
80.0,95.85452460282512
52.4,100.27258468111144
31.45,85.22401475975565
149.0,107.00075220098748
79.0,100.44001556435921
260.0,125.95262159165898
111.78,99.12872819280219
164.7,97.36786363716374
46.0,95.45561633291793
84.8,82.22080192068981
117.0,119.15685549414113
70.0,100.84418752306583
235.0,174.80841420817939
166.0,111.55884997247978
126.0,112.20476192411218
72.9,87.29214430283756
104.0,105.95704148672971
53.84,97.10907038069351
103.67,106.92237715026086
135.0,107.56797810975381
120.0,106.86377727429723
76.5,117.75448171059806
95.69,99.10499074103706
115.0,105.38292477598105
180.0,106.83115275765661
102.6,104.85462723246184
109.75,118.62880828237414
91.0,100.79457837602419
120.0,98.82890664414519
130.0,99.48108741348102
89.71,107.12467045770713
170.0,113.99849264105595
68.72,100.50736452458014
106.0,107.0291727959613
74.69,106.32231939676093
120.0,99.44188237266619
133.5,107.45722018705123
94.5,105.4679146674536
129.0,99.50065526015106
49.0,105.35701876413282
116.1,106.77051752010925
88.4,93.07650523784262
83.0,79.77258317937759
138.38,103.62178425910619
68.0,81.41845085974361
85.0,82.30568814811588
130.05,99.93986265457741
146.4,100.45923810231808
0.0,151.65364206617903
144.5,100.87701936779942
100.0,138.36452031309506
177.3,175.7541820250405
208.0,177.0978522685735
165.33,99.9375897161165
167.2,118.64169194082348
110.0,88.55733583159743
40.0,82.45571974477672
89.25,99.48749492613399
126.9,112.20469257663741
65.0,112.20476192411218
140.4,124.73941509811684
54.0,84.10488743983082
55.8,115.08040678656677
88.0,101.27488747789955
95.0,81.23600207453511
37.8,109.54336176546619
208.0,104.84167422653772
145.0,99.6963337268514
96.23,99.51594983767951
99.0,96.58511545379062
133.33,94.88336197223175
89.7,103.5677981788765
56.96,97.43938220247975
59.4,96.9242449929776
149.0,94.32895108877133
77.58,98.69172438936198
164.4,144.60786381728946
130.0,81.9469557313558
125.62,99.19401154265518
161.0,107.85498463310489
89.0,100.1334411943381
135.0,105.86560976603249
108.0,104.32639903641737
161.0,120.07021409521079
67.0,88.18575407295972
215.0,201.4818190648615
135.0,104.86131142068251
98.33,101.33359101790967
121.5,118.49805988405939
128.59,107.5550594204014
42.12,113.72450847110375
131.0,113.95935694771588
72.25,105.55252421931193
56.21,107.05291024772643
126.9,112.15894204255142
81.82,106.82453791691069
120.0,113.4245139109255
107.95,97.6024704691112
83.3,112.8503278527021
48.0,106.25717402752616
157.53,106.34195659090574
161.86,174.93863631350553
116.1,99.27889777008124
84.0,106.74637019427703
119.0,82.10115693311174
67.0,88.12705053294962
61.0,107.67491173607245
60.0,107.87293177437714
89.1,101.19561291668654
122.4,99.27228292933532
116.27,107.87475980786789
72.07,106.72008384281459
104.4,105.93099749426327
0.0,125.70439676584928
120.0,106.2439100294626
121.5,97.75246774920032
105.0,101.49664496796939
55.0,106.15258197281186
65.0,80.90744893876486
99.0,93.66292577578122
155.25,143.86204773627026
88.0,102.73561949274156
105.4,123.17398736451403
48.0,80.96615247877496
179.5,139.20593771990656
120.0,89.39709821643942
139.0,113.27448231426466
65.0,99.65730169755781
70.95,96.83277895570868
48.0,100.18563355764877
89.1,106.17201183886368
30.0,81.62501743633146
124.1,131.65226931075924
108.0,99.72902759096681
123.1,82.72529266496915
161.0,88.2248897662998
213.75,100.89658721446946
106.0,99.76158276013267
95.0,100.5117414577682
93.6,95.9720010303201
149.0,82.01871594133651
226.95,189.6517543243525
66.0,95.90716187110593
43.0,81.6445852830015
145.0,87.38991418871298
56.0,81.66415312967153
102.88,99.94410089281595
0.0,100.23768794034123
62.0,95.66542666029898
80.75,104.67207478320684
130.0,86.75730126604718
77.86,106.62926932427743
96.0,109.15938120267958
196.0,152.64101007799724
203.19,103.95681354067285
136.0,106.9616165076474
80.75,102.78691234556585
165.9,173.3016900145867
77.78,96.93061818905885
54.84,98.54172710927287
99.0,106.10696941934407
88.2,99.32464830416723
119.0,100.44235713596356
116.1,111.48695178188088
156.6,113.89332004075092
149.4,80.4118109427893
141.0,100.34203835039084
150.98,158.74441988173697
38.0,88.2248897662998
100.75,103.79159103053004
68.0,88.54448648971979
98.0,80.69227197286924
132.0,100.04211313768735
63.0,81.42279347635996
78.4,81.66415312967153
43.0,100.81831582778932
106.67,98.71794139334966
140.0,86.8747083460674
125.1,135.9315961493113
85.98,101.69232343466973
75.0,81.54674604965132
82.0,106.00906155285045
134.0,86.85730905948046
74.7,83.21628254863904
74.8,107.20283818034079
64.67,107.77692057451772
121.37,99.57227748951357
127.0,103.0284793269704
143.1,99.5984601769295
87.78,81.32071529043992
82.0,88.20532191962977
120.0,81.66415312967153
37.8,103.85246313062325
67.0,81.08345589474868
120.8,112.90910074018694
110.5,124.53067996144588
104.0,100.10736217096863
71.0,88.20532191962977
126.72,112.30893932264055
75.2,81.66415312967153
110.0,97.0285610864555
146.0,107.37905246441758
37.0,88.41371174758955
160.0,87.01812510198232
68.6,103.88271175908781
79.33,175.81271255352937
81.9,106.49849936426601
35.11,107.41808449371116
134.14,106.34826043951222
46.0,99.65075620428667
39.0,81.66415312967153
129.0,107.74429605787708
125.0,94.68778716957789
66.0,101.66837865481163
110.53,110.26809930555393
206.0,176.64779179516268
59.0,105.93733565944147
111.42,107.42459567041061
65.0,81.49038408124557
85.2,177.26090621863318
87.5,80.95971064955029
90.51,101.13770522311634
57.0,81.66415312967153
47.67,95.9946289748034
96.3,105.8265777367389
75.0,120.32806644677362
185.0,101.29400635181194
188.0,113.01985866288952
90.4,190.2629370502858
136.0,100.62263736108898
88.2,81.9013088613163
108.8,82.19461923327385
0.0,113.87688163936892
100.47,125.25462094076241
75.0,100.11614557179763
181.0,100.73332593631677
99.0,93.71583666530083
101.15,105.41554929262169
112.5,148.84433428589688
121.5,99.04394562942261
108.88,114.8920680946064
80.75,96.78713208566916
119.0,94.17902315615697
88.29,100.34214201443731
30.6,81.50761035631126
207.0,99.76158276013267
143.0,112.27645278661811
142.5,173.02098733984212
94.63,96.87191464904873
95.0,88.64232572306997
72.25,100.93561924376304
193.0,177.6958746604897
90.0,80.06603153195336
49.5,100.31819723457923
148.5,136.50547121539526
97.02,96.7610530622997
49.0,81.66415312967153
112.67,98.00588089794962
186.84,137.5097352441735
121.5,97.04154840895134
45.0,100.85745152112938
100.0,106.23750251680963
64.9,105.62659168432526
76.5,103.64803557966559
120.0,105.99624652754454
81.0,100.85745152112938
79.5,105.95704148672971
56.0,112.36113168595122
129.0,113.65267891364827
149.4,105.97660933339975
112.0,105.36349490992922
72.1,81.46847466297119
121.5,137.45134269630285
189.0,107.71404742941252
160.0,113.35275370094479
95.0,99.92470605766715
174.0,163.4075323368857
120.0,113.38537821758543
108.3,115.25710435997294
230.0,106.01564136269334
75.0,105.9373699760132
144.0,112.1330360307032
49.0,88.08791483960955
301.43,156.14872641621741
109.53,105.15462179264009
81.0,88.10748268627958
119.0,100.64210154371253
146.7,137.15889112690292
170.0,81.14450100636313
140.7,161.29388593162628
164.33,119.23534218167045
48.0,106.92899199100677
89.8,81.52717820298129
69.22,106.49849936426601
91.2,100.32911966103845
150.0,106.96151284360093
108.0,112.73963927747428
89.0,99.76158276013267
236.67,183.82815403196093
100.0,112.45893660272966
65.0,101.96027564946436
126.67,113.44397809354905
125.1,143.11175105801655
82.0,175.9496874802196
117.0,104.0262321790492
199.0,106.6549384735798
78.0,107.39862031108761
1.8,105.24574252119785
89.0,88.62275787639993
46.0,81.6445852830015
99.45,104.84825475071192
109.0,85.69870584832806
82.66,105.92434762261432
99.45,99.42896439764512
65.0,81.46847466297119
98.1,99.8725480109282
246.67,126.51364731586533
75.0,145.2195581143107
121.1,105.42857164602057
56.0,99.3570654927149
107.0,103.67418395050981
118.8,98.16997233911393
103.09,98.73086008270207
139.5,102.83496942035315
123.3,131.83509843558195
113.4,100.68134090109908
94.5,99.57892664683119
72.38,99.82679747684222
115.0,106.5115560342366
86.53,99.78104694275623
98.0,100.87701936779942
150.0,106.98118435431743
144.0,93.8723794386611
164.0,113.84194986769566
186.3,181.77353013160723
65.0,88.76207437469452
140.7,114.23778261621209
100.8,103.64393532204525
78.35,130.47285113800876
220.0,99.11574015597503
66.0,97.37895429302537
110.4,97.47200671912039
72.38,87.50087943950851
102.6,98.78308676258445
102.15,81.50750669226477
182.14,118.4395022974237
140.0,119.94611485421369
124.0,81.52717820298129
40.0,86.47194536817325
79.2,106.04182405010928
134.0,99.72241275022088
72.25,105.64402528748391
158.0,81.6445852830015
104.6,105.13739551757439
82.45,98.03306675989845
90.9,106.7593925476759
35.0,81.6445852830015
152.55,155.89416342522952
34.0,101.00307186803045
86.35,100.83788367445935
107.1,108.8130132734967
88.0,102.00103204820223
78.2,78.83332653921592
100.54,114.45485696307323
93.96,97.60233248849299
60.0,100.81831582778932
124.5,118.9158148057252
112.67,107.25409671659335
34.0,77.24812363085012
91.5,98.01994074245309
175.5,122.9131635285789
0.0,81.60544958966143
33.3,100.6941902429767
95.0,78.34413037246505
29.75,82.06832508837815
85.0,100.45958341102926
88.0,94.72692286291796
55.44,105.07635040595994
260.0,177.4524150802385
91.48,105.05282028228777
141.0,99.68320770940605
104.0,82.19889250241543
103.0,99.76158276013267
88.0,126.30810584847902
69.5,98.97876522928479
91.0,114.15737698602057
105.0,99.21375240084646
101.15,106.62217597632097
205.2,99.72241275022088
109.0,106.74637019427703
29.73,83.76418225540002
106.0,113.93978910104585
108.0,106.28976422759507
55.24,106.0547770560334
97.5,107.09204594106649
85.5,81.29236404294087
131.0,100.45958341102926
68.47,105.58532174747381
144.0,99.3398392176492
81.0,81.75771909388013
160.6,117.51385089624924
116.5,84.04037001633837
120.6,107.91365385654328
0.0,94.78562640292806
143.1,151.2903151196512
134.0,96.4283996689091
73.0,100.18563355764877
117.0,102.99585481032976
49.5,100.942026756416
104.66,99.28110136106739
129.0,106.28308003937438
82.45,99.0180739341461
127.5,99.40271236275441
124.25,123.63710450789543
95.76,97.19158000561218
73.95,98.69175870593371
89.96,95.7589232770328
126.0,97.55048543389348
140.0,99.97038724427838
72.5,79.12667122774519
107.1,110.19578489379802
108.0,93.59842958528061
126.0,98.41147068737502
49.17,113.48962496358855
145.0,87.31153913798636
105.3,104.88732109657722
130.67,151.2510064147899
117.0,104.78304003400237
66.53,102.83259353217709
31.88,115.81719554278983
87.13,98.98527640598422
84.0,119.28977245253897
162.0,100.49031126103569
79.2,100.09385652824037
19.0,81.70318515896513
68.0,97.37895429302537
40.24,98.59391947258354
111.78,99.12872819280219
157.1,109.98642744414333
89.0,98.95268620591531
90.0,80.88788109209482
127.65,112.96118943945115
306.5,191.35422633212033
45.9,119.19631015237687
170.0,113.56138517356925
65.0,82.37327875300147
0.0,82.6579093881765
126.0,100.89658721446946
134.0,99.10268348600445
63.75,95.9262504962341
54.0,98.10703056086528
107.1,122.19517240207016
60.0,107.02032004765752
68.5,102.16087923274293
75.0,99.53979095349112
52.8,80.90744893876486
194.0,106.9616165076474
159.0,88.54448648971979
91.48,104.22191064574956
86.67,107.03978423028107
132.6,89.90703396250046
186.3,180.81463629730075
145.0,82.10115693311174
170.0,98.60053431332945
105.0,114.03569663685877
62.8,96.48727622044044
174.0,157.8904720979435
112.5,96.85909962374282
68.0,106.1722878001001
48.0,114.38309675309253
39.0,80.86831324542479
89.0,81.6445852830015
65.66,138.16965962750328
91.0,107.30067741369095
79.0,107.37905246441758
238.75,136.94908985958136
87.3,98.21561920915343
64.6,81.0510043896293
262.0,150.69673422627903
62.0,100.33545782621664
292.0,111.78946021085338
36.0,82.5207271333933
147.0,105.4024926226511
145.8,88.2248897662998
164.0,100.44001556435921
31.0,82.10115693311174
100.0,99.0637208041856
140.57,100.55066982301531
154.0,100.87701936779942
230.0,175.82583857097472
78.56,98.163599857364
102.6,94.08118392280682
155.0,154.30934882923412
110.0,94.31820167383336
120.0,86.9379913652397
78.3,83.42656341047443
95.48,99.52673428352053
76.92,106.04192771415578
99.0,107.39862031108761
145.0,106.64181245613446
130.0,100.86375536973586
78.84,100.17898440033112
69.0,91.73883497289313
80.1,106.3027515500909
95.0,113.37232154761483
209.0,106.45936367092594
29.0,82.75574862152668
89.54,106.88964896957376
119.0,177.45003919206238
95.0,79.67467459855266
29.0,83.3058862358455
73.95,112.66116056270118
44.0,101.08371914288665
191.0,105.24608782990902
85.0,98.47668540408456
79.0,82.10115693311174
132.0,97.87652398653816
73.95,106.81799242363952
79.2,106.29620605681973
143.1,136.63603862943256
154.0,118.71996332750362
201.25,138.80675985228095
99.45,104.84825475071192
102.6,98.63960065919477
126.9,105.97650566935326
266.0,126.37239912003349
145.0,113.56800001431517
159.3,148.25729888579582
50.77,114.21993913898632
96.75,125.16997707233236
92.0,113.82878953367859
140.0,104.88721743253075
42.95,96.48031607098335
78.0,87.03107810790642
65.0,98.60046496585468
112.5,81.47732741127497
55.0,100.45958341102926
87.71,107.1507494810766
70.0,99.70287922012255
108.5,99.70752804675953
85.5,89.05955435174718
154.93,119.63961780442354
50.0,82.68143951184867
150.0,111.63061018246049
290.0,177.03914872856336
33.84,80.96604881472848
107.0,108.06523117836855
35.0,81.87746774550469
80.75,104.41114728322523
35.0,81.6445852830015
25.0,81.5858817429914
140.0,116.80144242343556
110.67,101.29445532456958
80.3,107.28772440776685
36.0,97.42656717717384
128.0,105.80711355411535
116.5,97.12867254393527
100.0,82.25587167298127
100.85,150.50088274805745
89.25,106.8960564822267
171.0,81.24230592314159
140.4,125.450472418984
56.0,100.45958341102926
26.0,82.43615189810667
108.0,104.66545994246093
65.0,105.77441968999995
62.0,94.85012259342867
73.95,100.0419058095944
41.0,80.96615247877496
152.71,99.10499074103706
54.41,97.24607962395547
44.0,100.7009087477691
66.0,98.38118774233874
90.95,97.8046944290827
110.0,94.1194280784167
80.0,81.56631389632136
219.0,107.73340794798959
164.7,104.92642247334558
123.3,105.50053918409424
42.5,100.36815169033203
139.5,98.71129223603202
74.8,82.05547574650052
110.0,100.17901871690285
195.2,99.71600523756793
176.25,99.70928673277552
78.5,96.38271848229786
94.5,103.13927156624467
234.0,177.00703775003635
59.75,107.15719131030127
117.04,107.0593520769511
43.0,87.61828651952871
195.0,123.55872945716881
153.0,100.36174417767907
126.0,94.5115728855011
118.0,106.00923385004037
156.38,115.84348986700849
12.0,101.07259417045329
133.33,107.03334240105639
135.49,102.09690526744345
225.0,124.01343875721658
123.3,105.16788579070364
76.5,79.21799928439593
235.29,106.50480321287249
72.8,100.18552989360228
101.0,100.36174417767907
86.0,88.08791483960955
118.8,105.12213525661764
81.09,88.01615462962886
99.0,95.63917462540826
176.0,100.21805074619644
202.5,159.07056209842813
92.98,100.45958341102926
0.0,100.87701936779942
82.18,116.75999984803485
79.77,107.83562411452782
124.0,106.72008384281459
1.6,102.46432220310487
100.0,100.13988302356276
136.85,98.22206175270944
136.0,118.02868118139943
162.29,114.4352891164032
104.96,118.82533884675478
130.0,88.50769236798406
92.85,99.42879138612388
44.0,100.89658721446946
134.0,80.7704740120746
95.86,99.80709164955397
89.1,100.73380515785864
0.0,81.40315628221516
115.0,105.59169422922372
125.1,106.43552255511432
89.0,99.76158276013267
67.76,100.30293697362248
95.0,81.34445274220506
122.24,101.23575178455948
189.0,101.12464855314576
89.1,100.99986510251144
163.0,97.42219024398578
126.0,107.36599579444697
160.17,174.48833419543004
48.0,99.20713756010053
105.0,177.39788114532342
218.18,135.20858332002717
209.0,99.21375240084646
99.0,107.03334240105639
68.0,98.52867043930227
107.5,106.66148396685097
92.0,95.0588234135279
92.65,118.504786361608
90.0,114.01806048772599
113.0,112.11329517251193
0.0,104.94602463658734
97.0,155.21618828084814
149.4,105.37641359928162
170.0,81.51863166469813
101.09,138.46225588239875
78.0,112.8699993634186
50.0,94.3093832421013
48.0,107.43775600442768
110.0,81.98374985309152
120.48,143.39872326479593
140.0,81.66415312967153
76.16,78.02442998499856
45.0,106.62468984511523
94.86,106.90270563954434
131.0,93.87241446956413
90.1,113.01999664350771
50.0,94.1194280784167
243.9,201.84087044651721
75.0,106.46580550015062
176.9,177.6937404169783
172.0,105.80036073275123
173.79,98.38098041424577
73.0,77.69422182725879
80.24,100.7986443170728
137.14,150.96399989143885
0.0,122.42379435030679
84.8,97.10672880908916
189.0,119.99307148177867
97.0,106.42901137841488
72.42,105.83953074266302
66.29,84.12260368002065
144.67,100.1136660195751
79.0,81.66415312967153
176.0,126.00071369734933
132.0,107.02021638361103
95.0,82.01871594133651
180.0,107.32034892440748
37.0,82.58187590905422
92.0,82.36184278842867
160.5,107.39017743685093
116.5,82.1206211157353
103.57,156.0313193361972
151.3,100.02874547557732
205.0,80.96615247877496
125.0,106.18120989587862
118.8,118.85028112412002
95.0,82.01871594133651
211.0,98.7046773952861
118.0,87.0702138012465
163.08,99.65285613122632
140.0,131.12404111471477
108.91,94.89118520218716
100.75,95.80222857546798
66.8,99.96363442291425
127.14,174.80166138681528
173.25,118.19831565563337
102.76,97.26582048214675
62.0,107.08777267192491
148.0,105.04376020589103
161.33,113.62008871357936
95.0,81.52717820298129
32.4,119.19578385938824
270.0,126.8131842161984
150.0,106.86377727429723
118.1,169.29985272174227
69.0,108.7487674147483
102.9,100.41624379602237
109.0,87.99007560625938
81.0,100.78524233839104
131.0,136.1271016044904
135.9,99.92470605766715
47.74,105.48730950260239
130.0,100.98788095454847
129.0,94.74649070958799
115.0,119.84827562086352
86.4,99.87888617610639
89.1,93.52253480110785
138.0,100.45958341102926
100.0,101.19234282207783
100.0,96.63730781710129
80.0,80.90744893876486
39.5,83.30761060528978
80.0,107.81188666276269
90.0,82.14680380315124
98.0,87.86605368549326
66.0,99.90144782744389
89.1,109.38048082692771
67.5,98.47475370654732
74.8,80.93583521716695
77.89,123.46188101644846
116.1,97.8830351632376
139.5,119.95913720761256
105.3,100.18356387949332
135.0,106.27663821014971
63.0,100.3095518143684
104.6,107.13118163440657
117.0,99.35055431601546
233.0,98.97221973601364
66.53,106.3223887442357
85.85,98.51798965750774
90.0,100.49761226578997
90.0,82.61877369483642
168.0,176.55453204097472
95.0,190.26727966690214
200.0,100.45958341102926
114.3,104.16341443383241
80.0,100.66411462603338
58.0,107.43765234038119
79.0,88.9773206880649
117.0,104.72901963720096
91.0,107.37905246441758
105.3,98.14396266321921
126.0,103.96098314576795
135.9,99.23314723599525
25.0,82.51859288988192
87.72,104.61560915075461
30.0,81.50761035631126
93.0,100.60306951441893
189.49,197.7125659972558
88.23,99.97679475693133
85.0,106.84420942762719
142.2,118.29618920555527
135.15,139.04936062997456
98.0,99.74201491346264
52.2,100.60306951441893
106.0,101.11000549434908
112.63,98.34622165409377
173.7,182.13880804163847
135.0,111.40227288254778
64.0,100.17901871690285
38.0,82.80773365674438
89.0,97.75246774920032
90.9,77.73752712569396
143.4,103.18491843628419
100.3,96.10236111626442
81.08,103.2109281121789
61.0,107.79221515204617
115.6,139.18495645166456
117.0,100.48566243439872
115.0,112.4329955599784
90.0,97.99393106655836
104.55,98.73086008270207
159.3,127.97361780083915
48.0,100.45958341102926
85.5,97.37420180234193
84.33,104.59380339652671
89.0,81.6445852830015
98.0,100.34217633100904
88.4,106.78547157104538
105.0,183.70413211119478
175.29,84.41622504411765
96.36,107.32024526036099
139.0,113.01358913085477
42.69,104.2153651524784
52.98,110.77865068880396
74.0,95.1133573484429
98.87,113.51580765100451
82.44,105.61356933092638
119.7,112.49156111937029
72.75,100.58980551635537
120.0,105.93337338243933
256.0,125.07861398477857
75.0,100.85745152112938
50.03,100.08079985826978
58.76,106.1461744601589
221.0,112.83076000603205
168.73,101.06615234122862
127.0,138.0905011122398
64.0,109.58480471383888
150.0,100.25074461031181
85.5,96.60457963641417
27.0,82.4989213791654
93.0,156.88600074107228
60.82,98.91337821538534
100.8,79.64211942938678
42.0,81.32071529043992
67.9,112.42000823748256
104.4,104.99828634737275
85.0,99.87888617610639
96.9,107.65279498970511
56.4,99.74201491346264
44.0,107.00075220098748
51.0,82.00331769976157
186.0,157.5839320444941
66.0,99.95081939760834
9.0,177.92947602217382
125.9,105.46994524691848
46.0,105.55917337662957
98.1,105.65046711670858
76.5,87.28563312613812
8.0,100.73332593631677
135.5,99.46145021933623
92.86,102.47403412693825
65.0,81.98374985309152
121.5,98.56132927251463
167.76,143.14447923870364
196.0,150.7944347646797
75.0,106.21128551282196
259.0,174.4431362981482
153.77,119.34610010437302
108.71,105.57860324268141
89.0,99.76158276013267
319.05999999999995,106.85072060432664
109.3,146.32332314755308
126.9,109.77183776032841
46.0,99.02692668244988
125.33,101.6139483839431
86.0,93.98978651868131
65.0,101.03907014332627
176.3,118.4028811872092
160.0,99.74208426093739
113.0,133.09395179916362
75.0,81.39009961224457
71.94,107.1309743063136
106.0,113.77018965771497
162.0,125.93966858573488
160.0,106.6289631142568
65.0,81.40977112296108
83.33,106.94194499693089
85.0,98.50269507997928
118.8,113.49207019923938
68.4,100.1984828995264
125.0,114.33348760605088
66.67,112.72637527941072
142.0,126.55249836088146
178.56,97.62844582843418
139.5,93.18747048863816
126.65,122.76530049200116
75.0,99.526837947567
155.45,115.72011783930785
79.2,112.23087526405337
160.0,99.77687733766112
260.0,170.43376271940275
30.0,81.46847466297119
40.0,89.28857820129471
162.0,125.44843705740028
280.0,182.13880804163847
120.0,105.07648838657813
0.0,77.12430903817696
105.0,106.92248081430733
80.0,96.31109625293536
136.5,98.54190012079411
96.3,96.6763741629666
146.11,101.281398654599
103.46,97.28283942911948
130.5,104.38506825985576
91.85,100.67445009911674
44.0,100.45958341102926
39.0,81.8924217964408
125.1,97.88965000398352
71.0,100.77246162965685
79.4,107.06830848930136
76.8,82.14904171070911
200.0,182.11248737360432
133.61,116.28059733449518
37.0,88.20532191962977
56.0,112.45245974260195
154.3,132.4937903816172
128.56,143.0075043120134
155.0,100.45958341102926
81.0,102.50228171039083
66.0,106.32231939676093
135.0,156.61810440454605
96.9,124.62434958970096
83.83,105.33745091746279
68.0,105.53130135067238
161.5,108.01152740646518
40.0,88.66189356974
0.0,88.2248897662998
91.2,118.57647722411394
131.74,123.83919048724874
129.0,100.44001556435921
98.0,81.0468347845342
195.0,99.80037314476158
60.0,97.6091889739036
117.0,105.55731102656709
39.0,81.60544958966143
135.0,98.71794139334966
69.7,98.28741445003718
57.5,81.91433121471518
100.09,105.71812706906896
95.0,81.75771909388013
80.0,106.2049816642155
88.0,106.49188452352008
60.0,101.24180530141375
162.0,100.73332593631677
106.03,155.52378776007083
79.85,101.58752405186246
98.0,125.82687530144858
95.0,81.77084511132549
85.0,82.10115693311174
69.0,176.50420202772654
145.0,100.62263736108898
86.0,113.07229267086487
117.74,100.26369761623593
122.31,106.01581437421457
118.0,106.88802826417594
44.1,89.01645638140498
220.0,173.00817231453618
88.83,105.35033457591214
148.33,175.9757665035891
77.0,114.25500889127778
273.0,156.1552719094886
168.0,125.60050401564484
26.1,107.32686010110692
102.6,110.08475029552773
76.5,98.07864428246319
95.0,101.09450358872766
212.0,174.71054065825751
134.0,81.67066430637098
153.85,101.94070780279432
75.0,107.77692057451772
88.4,100.36804802628555
76.78,82.8772216425955
58.9,106.02232555091402
190.13,117.78739087556264
150.0,124.7067905814762
26.1,104.1567995930865
114.55,97.38739716726205
81.8,97.50449325514282
225.0,182.79749998767375
124.82,100.3158899795466
102.3,97.06111625562137
100.0,101.00093762451907
151.3,176.0214133736286
75.0,106.01574502673981
94.5,98.64618118336895
34.2,80.38549027475514
74.15,112.87640687607156
89.1,96.7937812429868
67.0,82.42075365653173
34.85,78.00058886918694
50.0,100.34217633100904
9.0,88.55988473129473
63.1,82.00331769976157
146.2,118.935209640874
113.5,107.35093807946438
187.0,132.1609990076084
80.1,98.57452463743473
85.0,99.74191124941615
106.14,101.60733354319719
56.47,99.74201491346264
56.0,107.22240602701082
126.1,106.06359548776547
74.0,107.74429605787708
81.0,119.75957378414105
65.45,81.0900707354946
69.5,145.5392928183489
125.0,107.32024526036099
180.0,111.62406468918932
99.0,106.92248081430733
102.7,131.808915748166
87.0,81.71847973649358
161.33,104.07842454235987
155.0,176.28881773373794
144.5,101.90736241994715
123.3,105.53130135067238
135.0,100.0616809843574
175.5,123.26538476863954
77.0,101.09205835307685
0.0,88.2248897662998
43.0,100.7009087477691
242.1,120.17446084121391
95.0,80.75090616540457
74.8,106.17866099618132
67.54,104.00011883910801
163.0,100.4161744485476
79.2,99.83992349428758
75.0,113.46364960426557
58.0,94.64865147623782
213.0,121.34339317835978
69.33,99.84643467098701
67.0,100.77501052935415
121.5,150.52716909951988
82.5,106.74871176588137
94.5,105.55917337662957
85.0,99.52676860009225
192.0,98.57431730934178
99.9,101.7041696020145
41.0,81.54674604965132
205.2,116.83493887048084
86.12,152.21000391314288
116.0,99.66381287425726
157.14,106.34195659090574
140.0,100.62914853778841
150.45,144.57151862404424
80.0,100.85745152112938
75.0,82.22507518983139
97.2,110.86746416232913
48.0,114.01806048772599
104.79,113.5007156194502
89.25,117.66308430647256
82.45,100.58980551635537
41.4,106.13966328345946
94.5,112.99381395609177
85.0,106.9616165076474
149.0,177.37831329865344
133.2,122.28048125843836
101.0,82.10115693311174
50.0,107.02021638361103
82.13,106.33534175015981
85.0,81.85552401065858
67.5,99.43544054344152
59.0,103.09362469620518
75.95,99.44184805609447
49.0,139.14306457480137
38.0,82.19472289732033
123.0,176.75844605381877
117.45,99.3180334634213
120.0,104.76340283985758
274.0,156.6054360469459
209.0,100.22476925098883
109.8,94.27614386329822
111.0,100.19193740625524
208.0,182.74113801926796
48.0,106.82464158095716
127.1,117.94437783956172
125.1,97.88965000398352
77.43,99.84622734289405
35.12,100.60306951441893
61.2,151.2576906030106
39.15,119.23544584571692
118.8,113.7725312293193
121.5,136.87736396617242
118.0,113.93978910104585
65.0,93.63095043787476
132.6,81.06385373150692
75.0,81.30531704886499
65.0,106.17452570765795
62.32,106.27653454610322
163.33,107.44426718112712
44.0,100.19858656357287
150.6,106.79821724887653
0.0,185.69149796049896
58.95,105.99603919945159
82.0,112.9243610011437
37.8,86.68550673949476
90.0,82.42075365653173
230.0,175.98472291593936
60.0,76.49152310398992
205.7,111.29148064327349
128.0,113.68540709433539
150.0,102.13872784109901
99.7,102.83428325634478
115.0,82.00565927136591
40.5,100.1854262295558
71.74,105.62428442929263
38.0,81.34445274220506
110.72,107.53518058159193
108.0,99.05069845078674
70.91,97.6350606691801
157.0,105.52644519594247
65.0,82.08158908644171
108.09,113.7112787896119
140.0,100.18563355764877
94.5,87.7160220888324
75.0,80.90744893876486
121.67,106.25707036347967
109.8,106.1461744601589
150.0,215.1853416198943
68.4,97.84593004936242
100.0,103.26308615891784
195.0,113.58339825589012
240.0,177.16306698528302
87.5,97.21762471240993
110.0,79.28989818932615
132.6,99.85928401286463
138.6,97.02204990975606
65.0,81.36402058887509
148.5,136.62928580806843
60.0,106.48544269429541
152.1,100.05506614361147
99.45,135.4610962717978
112.2,99.14181917934451
88.0,106.09401641341995
126.38,89.42786038301757
83.0,80.8618714162001
102.6,105.57219573002845
90.0,92.43676627631494
35.0,81.21409265626073
65.0,96.58514977036234
83.7,86.80914832064667
92.4,97.21121719975697
144.0,99.75493360281503
104.0,99.52676860009225
110.0,108.03598572443684
135.9,106.94845617363032
79.5,94.62908362956779
61.09,105.57870690672789
98.0,99.68331137345253
109.8,103.01524964547855
98.6,106.09391274937347
90.9,118.47852635396107
212.0,174.11027557666463
105.3,99.10268348600445
98.0,80.65540850365875
80.75,97.65483584394309
138.15,101.05302632378326
122.4,80.86838259289954
33.65,95.30079792900193
161.33,114.39636075115608
95.0,98.97883457675955
65.0,93.2455591664858
89.25,106.51152171766489
91.0,94.66821932290785
170.0,113.14401856427385
0.0,80.58364829367804
60.5,99.98992077437669
69.3,102.7414728036193
69.5,100.42695889438862
109.65,101.86966878772503
182.33,100.60958069111837
62.0,91.73883497289313
248.0,144.01845181468104
38.88,110.9131803798434
170.0,113.40484240020898
119.0,146.64068196341523
170.0,82.00331769976157
81.08,98.80265460925449
89.0,87.70951091213297
88.0,100.32911966103845
93.5,100.6480257670361
94.96,106.58310891612435
68.74,96.26531140227766
77.03,78.37665122505919
109.0,100.19858656357287
99.0,176.51715503365062
88.5,97.15251365974686
85.5,100.68785207779851
70.07,100.68134090109908
60.0,99.33749764604485
103.1,145.74700284581832
97.0,99.86176356508719
46.4,106.99561601723363
108.0,82.053578365535
112.7,150.246500741347
130.0,105.363564257404
106.55,100.39409273308331
126.0,111.96333292332584
55.0,107.3071885903904
75.0,100.0876906602521
80.1,103.41308343900697
85.5,98.1179529873245
50.0,106.32231939676093
87.08,106.94194499693089
85.0,103.98943805731349
143.4,148.36809112507012
142.2,105.65942352905884
105.0,100.4986847877976
56.0,106.13976694750593
203.67,93.5378293786363
195.0,81.6663910372294
70.4,81.99914809466647
89.1,104.76998336403179
94.86,87.96378925479695
67.0,88.98149029316
152.38,100.5823254816948
85.5,105.71571614998985
74.8,106.12660661348886
78.95,80.46376166143529
140.0,113.72454278767546
68.0,100.8443948511588
62.0,97.72652670644904
35.0,82.1793246557454
120.0,99.13131140907122
118.15,81.6445852830015
95.0,107.51592372706133
102.6,104.95246646581201
129.0,100.30283330957602
45.0,81.2074778155148
69.0,99.40932720350031
101.0,100.89658721446946
99.28,136.35547393530612
71.0,98.71105059136733
185.0,125.91593113396975
85.0,99.86176356508719
114.0,100.29215252778147
90.0,99.45507773758631
81.0,111.2196167692463
0.0,100.00108006338178
105.3,97.25045655714354
86.0,106.73975535353111
85.0,99.87244434688172
152.1,117.35689824882186
93.5,104.56128254393255
89.0,104.39151008908044
144.0,107.02032004765752
60.0,81.22694199813836
73.0,82.28377872984149
65.49,123.78158140391494
112.5,146.8808654306727
100.0,107.81584893976483
56.0,107.32034892440748
140.0,100.32260848433901
77.35,101.47590093524524
89.0,81.37714660632045
132.75,106.08747092014879
223.0,106.7137456776364
117.0,80.76403218284993
153.0,99.87244434688172
147.67,99.5943942358809
70.0,81.56204062717978
142.0,100.38782320104855
40.0,94.72692286291796
85.67,98.5874082958841
159.2,107.89432765453793
31.4,101.75092331063334
68.0,107.75714539975472
120.0,106.78781314264972
117.3,127.08644985994167
127.0,81.62501743633146
120.6,105.54618605413373
139.5,111.53928212580975
37.8,98.25492791401474
51.85,105.17418963931011
100.0,104.16575600543676
140.4,111.81984681993615
62.8,94.7522833600785
158.4,131.2544012006591
57.6,107.27466773779625
53.0,107.20294184438727
53.71,114.29831418971295
160.0,82.37327875300147
60.0,99.7940692961551
125.0,151.48826581048115
44.0,113.58105668428578
87.41,96.80707314983697
102.0,98.50276442745404
89.1,98.19612070995815
85.0,125.51561778821878
51.0,89.3781479006343
120.0,157.89662927884424
108.0,98.22874522659879
39.0,82.06202123977167
70.4,95.93265800888707
130.5,118.90339689961138
89.1,95.8609664320498
99.41,106.35490959682984
173.5,100.79199515975516
62.9,94.03505376343793
124.0,100.47070838346261
152.1,157.79875572892234
121.0,83.21232027163691
128.0,138.60563832174194
190.0,105.97650566935326
75.0,81.9231146155442
97.79,107.25492687960497
119.85,105.76777053268232
97.0,81.07050288882456
48.0,99.71600523756793
201.6,145.25119183832152
76.5,98.58751195993057
75.0,100.37476653107795
85.21,102.15891321863398
108.0,100.81414622269422
118.5,88.50535079637973
108.0,82.54701348485573
156.5,119.49623536508034
157.5,100.74655561780861
90.95,104.57433921390316
133.0,97.24384171639761
131.75,99.02437778275258
97.71,99.76799027278562
41.29,96.79832640557728
95.7,105.17422395588184
77.0,81.94461415975147
153.0,98.65913418929307
35.65,107.91368817311499
150.45,117.68286745399178
88.5,106.37016985778658
106.2,102.702164098758
45.0,99.07670812668144
77.45,106.03520920936336
94.5,96.76108737887142
68.0,100.11376968362157
119.7,106.03751646439599
65.75,99.55925513611469
75.33,81.43391844879332
78.03,101.04007331785914
109.0,100.98136977784904
68.0,100.55314937523784
74.0,126.5486134041103
71.0,82.10584007632042
124.2,99.7180015004611
135.0,106.90525453924164
153.0,113.21567511020807
79.66,95.80233223951446
102.3,104.41125094727171
89.34,86.30923705552955
123.3,126.15305254904278
132.0,113.96576446036883
64.8,106.46566751953242
211.25,152.56015547504808
86.49,100.0810758195062
108.0,106.91593532103619
62.81,96.60681754397203
63.75,100.5573883278077
214.67,112.63087761766488
70.66,100.02233796292435
48.0,107.14423830437715
152.33,137.77731190147279
121.5,78.67678376585563
65.0,98.60046496585468
137.0,101.02029814309614
117.9,99.71600523756793
106.2,104.9591506540327
95.0,107.00075220098748
75.0,80.6138969221426
43.0,80.88788109209482
75.0,106.25045552273374
90.0,81.54674604965132
51.0,100.2639049443289
85.0,80.82917755208472
149.4,99.60510933424715
111.2,106.3027515500909
180.0,130.73929902205998
110.33,98.92674587749536
112.5,126.82844447715512
74.8,107.43121051115652
130.0,87.52268519373641
203.33,126.31796884916497
91.35,113.99428871938913
149.0,94.87040896630764
213.4,105.80036073275123
85.0,106.81375347106967
114.0,139.34921649520328
100.3,100.40067254292619
64.4,82.29917697141643
99.95,108.51395325470789
140.4,87.92482657297812
129.0,106.9616165076474
85.0,98.45691022932158
72.25,103.98075832053095
123.0,184.08253603867138
154.0,106.1201991008359
116.71,108.36609021813014
82.88,98.30708596075368
97.0,107.12467045770713
146.5,151.85361306798714
79.0,106.26351219270435
170.0,138.76893391646635
44.8,106.02887104418517
117.2,99.98323658615601
106.35,103.4131177555787
150.0,107.39207481781645
126.13,111.04364412983419
85.5,79.49201848525118
100.0,112.18498674934918
160.0,94.48549386213162
72.0,102.19987694546481
89.1,76.32681413196069
40.0,81.66415312967153
245.0,117.98495325402214
57.8,99.09613799273328
68.0,100.44001556435921
134.0,107.30446104641325
89.0,107.14423830437715
116.1,100.16596204693224
148.0,106.92227348621438
50.0,80.57486489284902
29.0,100.43336640704158
151.0,100.45958341102926
85.0,100.97475493710311
93.0,108.03781375792761
230.0,125.17634955408226
37.0,99.62467718091719
172.8,146.42894260719942
108.0,107.02032004765752
134.1,105.24608782990902
55.08,121.05727819273886
95.63,96.7676679030456
121.5,151.19247588630105
195.0,176.75865338191176
30.0,81.26201175042982
70.0,80.63163673532189
134.8,139.3111469325138
193.0,103.35514142886504
60.06,100.98788095454847
150.3,98.31352778997837
129.0,98.42435434582438
88.0,106.21142349344015
72.25,99.01790092262488
208.0,116.21596550337398
107.1,116.59346758036656
83.03,176.80433456852296
60.83,100.45958341102926
140.0,111.83938035003447
167.25,100.23761859286647
129.45,119.62004995775351
114.0,111.98768757725104
82.0,181.10388072820973
123.3,139.23084055722194
68.0,92.88241549996596
162.0,103.64142073891966
149.14,195.63837425023212
200.0,100.45958341102926
80.3,99.84643467098701
186.0,125.11764601407216
174.0,120.36578871854172
121.0,107.39862031108761
118.1,97.59592497584003
89.88,105.88748486773514
52.8,106.54404257025902
130.5,97.62865315652715
31.0,107.67074213097735
117.0,100.90771218690281
90.0,100.38131202434911
142.0,112.51116328261205
160.0,100.0965777251276
83.0,107.85519196119785
75.9,98.39179917665851
65.4,96.91339191399315
95.33,106.4591906594047
64.9,116.35172758744078
103.62,107.39197115376997
126.9,103.03499050366983
134.0,106.09387843280174
67.15,100.62487526864683
155.0,80.11154042137466
108.0,105.45489231405472
196.0,183.2997528243952
128.7,116.39800441451538
102.43,105.98963168679862
58.71,104.86110409258956
177.0,123.90443952052999
65.45,105.41572230414293
78.0,100.19858656357287
121.5,114.39615342306313
56.4,104.89393593732315
146.3,101.18355942124882
115.0,111.219858413911
125.0,98.92674587749536
154.0,102.76627799527324
93.0,100.42044771768917
186.25,158.79661224504764
146.0,108.80054512187303
98.0,104.61347490724322
92.8,138.02993522216724
79.0,107.02683122435695
101.0,91.8698099209999
208.13,143.79896726307214
159.33,106.57015591020023
124.0,101.08788874798174
75.0,100.58990918040186
67.0,88.20532191962977
70.0,82.01871594133651
151.2,125.27436179895369
128.28,139.08229135663584
102.56,113.30056133763412
125.67,87.3573590195471
90.1,106.01564136269334
126.0,98.7375092400197
114.0,96.80029241968623
60.0,101.14442372790876
87.0,112.9613967675441
75.15,100.94223408450895
69.33,95.93279598950527
149.45,106.78529855952414
38.11,112.30473540097373
92.0,106.04819724619053
68.0,106.32231939676093
138.9,97.7135393839532
36.0,100.44001556435921
87.01,107.37905246441758
51.0,94.5312443962176
160.0,99.23962409612297
134.0,106.74209692513544
119.0,125.85485170578357
68.8,81.6445852830015
113.0,107.73778488117765
80.1,104.37211525393164
109.8,144.33160670887634
105.0,81.56631389632136
102.0,106.3941489542164
116.0,107.75735272784769
55.0,80.88143926287015
90.9,104.24168582051256
83.8,100.8573478570829
85.85,105.61122775932205
136.0,176.05403789026923
107.1,110.25452275037983
80.75,99.54630213019055
70.0,92.88241549996596
183.0,105.57209206598196
118.15,107.32014159631451
106.3,95.36105516693269
112.22,96.48727622044044
65.0,87.42904988205305
68.0,80.13355350369551
121.5,97.64832466724366
119.0,100.54884178952454
114.4,151.54459346231522
62.0,94.79786088264325
90.95,105.38302844002754
167.0,107.02032004765752
0.0,106.05071111498478
26.1,108.08325329987414
107.0,81.0966512596688
151.2,124.18507356213118
60.87,115.21527543922744
166.25,81.34445274220506
137.0,107.37905246441758
59.0,107.02032004765752
130.0,99.2920237875266
63.0,106.14620877673062
110.16,100.38771953700206
214.0,107.43775600442768
85.0,81.66415312967153
100.0,182.88221320357854
171.9,104.998216999898
75.0,99.05059478674025
82.0,100.49861544032284
220.0,104.02643950714217
60.0,75.42852121862984
121.03,105.95042664598378
63.75,100.19204107030171
29.16,102.9198556477792
125.02,106.72008384281459
85.1,100.11614557179763
63.75,87.65087671959763
238.0,177.16306698528302
120.0,88.95764917734839
190.0,127.36108392295937
81.9,99.87244434688172
116.1,124.62855351136778
0.0,107.04639907102698
153.0,184.115160555312
90.95,103.13265672549876
104.0,87.95093991291931
75.0,98.88092599593462
117.0,103.08697553888754
73.0,99.9832022695843
100.3,108.58453727863449
90.34,107.91368817311499
119.57,112.41980090938961
57.2,100.47477432451123
62.0,94.47833350669801
115.0,81.62501743633146
144.0,137.08823334635474
112.0,97.21765902898166
108.0,103.6609885855897
90.9,98.50279874402577
42.95,112.6935091181054
121.33,106.34171494624104
104.85,95.73694522561499
85.0,101.82919469731348
45.0,107.63333080708155
67.0,97.67908683382183
115.0,106.62885945021033
117.0,97.71347003647844
104.67,100.32250482029252
106.25,137.09891412814926
171.34,108.01031690383934
46.63,82.90970817861793
43.2,93.85198940173565
101.38,125.61352636904373
208.86,111.83276550928855
115.0,100.86940135252064
95.0,113.09837169423434
125.1,113.0331569775248
59.5,76.17437161622075
141.0,99.84636532351225
45.51,96.12833647558742
58.95,100.62239571642428
96.3,102.72190495694927
94.91,143.87723864975226
161.0,100.73332593631677
128.7,115.01530214168884
6.0,145.42415796245825
160.0,107.79231881609266
97.33,81.70969633566456
284.0,112.583096504114
230.0,113.26786747351873
89.0,100.60306951441893
139.0,119.9460111901672
88.0,81.50750669226477
238.0,97.68074185579133
114.96,105.01123935329687
73.89,95.41417566384764
78.2,114.62262837291334
50.4,158.85907077823407
138.38,108.0494525971794
120.33,137.6794726681226
85.5,110.95241973722995
99.45,106.54404257025902
149.0,112.58943466929219
88.2,119.60957650405194
139.28,99.78755811945567
116.1,105.94398481675911
129.0,99.76158276013267
135.5,100.7316015668725
54.02,157.4139442887928
120.0,79.16825215673609
78.0,95.4849391070806
108.67,107.44426718112712
219.0,106.681051813521
164.7,105.35284915903773
75.0,73.85003681505646
52.33,105.68295365273102
121.55,121.4845377101451
75.0,94.76605855625803
60.0,98.11777997580326
60.98,97.10025194896144
166.05,128.56782224346136
64.8,99.72234340274612
144.0,106.92248081430733
89.1,110.44355205976255
96.3,111.7894945274251
78.3,106.19175198272364
84.71,113.33948970288124
123.3,101.1694302292706
108.0,106.04192771415578
126.9,104.81549153912177
216.0,117.82645722142794
129.0,100.7009087477691
126.0,99.42889505017035
61.11,106.68745932617395
129.83,97.45481476062642
133.0,107.7182170345076
102.85,102.76737881546754
110.16,99.58116455438906
110.0,81.62501743633146
120.27,107.28100590297444
81.0,106.84655099923154
4.0,82.27716388909558
139.0,100.06161163688263
150.0,107.89422399049144
189.0,118.28964371228409
150.5,107.63567237868588
150.0,157.00340782109248
129.0,183.29982217186995
66.0,88.20532191962977
234.56,148.81150244116327
149.4,100.69436325449794
131.0,88.12033202815722
171.0,125.13321726716835
158.4,124.33493214727076
68.0,101.3333836898167
105.0,99.22670540677058
157.14,126.91802660266491
96.9,116.3522538804294
82.45,104.90027410250134
99.0,100.44652674105865
92.0,98.61341868611012
26.1,101.58776569652716
100.67,106.78540222357061
187.19,106.11999177274295
112.0,101.41420397619414
53.0,80.96615247877496
160.78,130.51078871062606
35.0,82.6886022072799
54.0,93.8391057432863
76.8,97.46363319235847
60.0,81.70979999971104
129.0,108.1900832621463
63.0,119.86773980348707
77.4,116.9782790204961
215.0,106.28966056354858
43.0,88.2248897662998
102.6,99.14199219086575
94.5,97.9678520431889
87.0,158.84905494011053
85.0,98.78977095080512
66.0,81.6445852830015
99.45,103.80447468897938
60.0,100.23779160438771
168.3,130.62189194203978
60.0,105.42209478589285
48.0,107.10744418264143
116.1,104.45017931251883
71.1,106.17890264084602
108.0,80.7444643361799
187.0,138.42322385310518
88.0,99.28533959930591
160.0,100.18563355764877
95.6,110.80035277898538
108.0,99.25288809418652
97.0,107.02032004765752
107.1,105.28529287072385
107.0,88.29010448300934
79.0,81.48804250964122
93.08,144.80774620565663
123.0,178.52616709486784
86.0,81.60544958966143
112.79,105.46774165593236
121.85,124.71967495425687
107.0,106.98118435431743
33.26,101.34695389790087
104.4,106.0353822208846
95.0,83.11031143319164
66.0,107.36823370200483
190.8,120.96943553154601
141.3,131.6524766388522
150.0,82.09688366397016
89.0,103.55005836569723
72.25,113.16989025955036
72.0,97.37895429302537
169.28,135.53348639454646
167.4,99.97689842097782
90.95,98.94610639607245
196.33,131.73708619071053
160.0,113.44408175759554
75.0,99.0637208041856
97.2,105.99624652754454
75.0,98.40495951067558
147.9,137.5478028246528
87.0,105.64932596155752
88.0,94.40305287035639
70.0,96.93737101042296
220.73,176.0671639077146
39.15,132.67651584239346
57.8,106.26578513116525
121.27,106.57015591020023
144.0,144.6447959196434
92.98,100.42044771768917
107.0,113.62670355432527
135.4,81.07274079638242
107.67,106.92237715026086
142.88,111.85863720456506
104.85,100.21147093635355
80.1,100.45958341102926
98.88,126.88625418370457
119.38,107.4703462044966
61.0,99.54206317762072
73.0,97.91559033240347
270.0,104.18932044568065
107.1,100.13333753029161
129.0,107.02032004765752
56.01,95.45651851210678
75.6,98.05893845517495
106.38,144.77512168901598
153.0,183.63891739448525
126.0,79.72693630933809
109.8,101.27388430336669
161.33,178.70055334545387
110.0,104.91980763259966
137.57,106.14610511268414
109.65,100.08776000772687
105.3,110.29999660889811
191.0,120.89839384777424
70.0,106.25717402752616
104.7,105.73511169946997
70.0,80.16394011277829
167.0,99.52917951917135
80.0,79.69882192438489
147.07,106.90280930359083
137.28,97.2111135357105
126.9,106.34829475608393
105.3,98.43754971074449
68.0,99.88536303623411
89.97,106.28959121607383
230.0,99.415769032725
55.43,101.2746801498066
122.0,164.12510083445233
71.0,105.3047570533474
90.0,81.99914809466647
12.0,120.08978194188083
186.3,187.77968287325385
59.0,99.0898341441268
67.31,102.04805163188493
94.5,98.00047655982954
136.8,107.79648842118775
124.0,152.21000391314288
102.85,97.76531709107795
154.0,104.3719422424104
76.1,99.33098646934542
36.1,100.24423343361238
43.2,103.96332471737229
210.0,117.98293064731345
175.5,115.908911911811
235.71,177.66090857224475
100.0,101.17704824454938
114.73,118.60228028624701
118.7,103.88271175908781
190.0,88.55733583159743
132.48,117.85894375745036
90.9,103.43268560224872
94.0,82.00331769976157
65.0,88.30305748893346
44.0,100.45958341102926
180.0,111.5851020073705
119.0,120.04658030749215
48.0,107.02032004765752
107.1,103.6609885855897
105.0,99.85287650021169
199.0,99.96373808696073
228.0,190.21932554183002
126.0,79.48550730855175
100.0,100.55314937523784
177.3,118.30087234876393
39.4,102.5412794231127
65.7,105.3827174478881
78.41,99.87895552358115
100.0,80.326994062838
67.5,101.57770211689268
237.45,132.40886983761942
112.5,101.16870903435918
70.4,85.53734195114089
117.81,88.02910763555298
185.0,119.34857965659556
96.3,99.16789820271399
73.0,98.8091314693822
107.0,88.9186171480548
150.0,88.06834699293952
155.0,111.91124422406165
150.0,111.64373619990585
54.4,107.47678803372128
107.1,105.95059965750502
179.0,113.58095302023929
103.5,99.97035292770666
48.4,106.20480865269425
120.67,106.76583437690059
95.0,118.70284071648442
60.0,91.81049151882735
100.0,100.85745152112938
43.57,94.39006554786054
75.0,99.51371193012164
88.4,113.2352429568781
47.0,82.8901746485196
147.0,96.34606234118034
143.0,106.9616165076474
99.3,98.6615794249439
89.08,134.22905550840005
90.65,106.54397322278427
158.0,124.61549684139717
68.0,92.8873379478417
130.0,81.59239291969084
150.3,117.98961483553413
45.0,98.33950314930135
120.12,106.92899199100677
35.1,87.86829159305111
152.0,113.88108556103575
43.0,94.72692286291796
54.0,145.59290530810887
33.0,81.66415312967153
74.8,81.37711228974874
95.0,100.89658721446946
55.0,107.85508829715137
109.8,106.31628744160335
92.7,81.78145654564527
230.0,108.07674212317471
46.67,99.37012216268549
96.9,98.7306790984246
79.0,106.9029129676373
139.0,106.22454951088552
140.7,98.53538894409468
116.33,107.13762346363123
73.0,81.7839017812961
188.46,126.72868630114274
80.0,94.76595489221154
131.4,106.12671027753535
74.8,100.12672268954569
79.2,110.60019849716932
78.0,105.49402800739479
86.0,88.08791483960955
0.0,81.98374985309152
51.0,99.76158276013267
43.2,104.43295303745313
165.23,104.27410300906023
269.43,119.9941806160885
95.1,105.6177732525932
80.63,110.86088435248624
95.0,78.34413037246505
99.45,110.7043758956977
114.0,100.3095518143684
50.5,94.22853097914975
89.1,98.67890936405607
140.0,106.7526740428835
110.0,79.05508402928574
142.07,106.6809138329028
180.0,106.93533015618497
110.0,81.62501743633146
58.0,113.06553984950075
92.0,105.58152769987409
99.75,106.58310891612435
68.4,98.61321135801717
264.0,156.25321480688524
121.5,80.7314076662093
92.1,118.54402571899456
56.7,103.14150947380254
74.0,107.30078107773744
196.0,125.03303646221383
62.0,80.90744893876486
40.96,100.31585566297488
92.0,110.35029230557458
80.0,112.49159543594202
204.0,151.69707029462685
68.0,100.3682553543785
93.6,106.36152443757577
36.0,81.796716806602
74.0,99.7224470667926
142.0,159.32515143323155
79.0,107.00075220098748
201.0,100.47708157954385
245.0,106.34164559876629
66.64,127.48641560125098
75.0,98.94865529576975
110.7,99.88515570814116
89.1,98.15932658822243
67.0,82.59503624307129
81.0,77.53764473732679
59.0,104.15028841638706
91.67,143.77292255627435
102.0,98.88092599593462
159.0,107.00075220098748
88.4,105.31788307079276
137.7,129.91727645039728
154.0,176.4781923518318
210.0,119.1441177890662
152.1,138.28614526236845
37.0,101.55117890288439
97.0,100.12693001763866
150.45,130.49125518052773
65.0,94.5891257459723
133.0,81.65571025543485
85.0,106.02869803266393
89.25,98.17011103406344
126.9,105.82668140078539
259.0,174.7169824874822
125.0,112.75713744598887
92.0,113.39819324289135
61.5,100.08776000772687
103.05,100.09430550099802
97.29,107.73757755308469
66.83,106.86374295772552
75.0,100.73821640761842
109.8,114.30503269450534
116.85,99.63731919470186
174.0,100.40067254292619
65.0,81.40977112296108
65.0,80.67504569780354
193.16,143.1313532212583
135.0,80.68558778464855
73.8,113.9789247943859
135.0,99.15504886083636
48.0,99.3180334634213
86.0,101.23575178455948
224.0,119.31581715933672
209.0,150.8653428769801
110.33,100.30293697362248
156.0,106.02883672761345
107.0,100.44001556435921
144.0,118.46536601994399
40.0,80.96615247877496
167.0,124.68715338733139
126.0,135.92498130856535
104.63,113.33308219022828
65.0,81.21409265626073
130.5,148.47898702839086
169.0,175.59095506345955
38.0,100.81414622269422
266.0,152.0924931690762
118.0,100.40739104771859
77.6,99.31148797015015
65.0,81.37063542962102
86.25,112.3351220100565
111.6,107.11795195291472
197.1,180.6929216315673
189.0,124.37406784061085
132.0,106.34829475608393
104.55,106.48499372153776
114.07,99.79417296020158
92.0,106.22448016341076
100.3,109.28243426548457
69.0,100.17901871690285
125.0,117.90479795558284
214.0,175.62354526352846
0.0,101.34636303955632
270.1,146.46263964584767
130.5,104.63955393061269
95.0,81.66415312967153
91.8,107.62688897785688
42.0,82.41658405143664
43.0,81.66415312967153
160.0,106.48120374172555
25.0,81.54674604965132
8.0,100.52479812773879
56.0,80.81202062449378
165.0,111.06321197650422
96.9,100.75306679450804
90.09,101.69769274188678
55.8,107.4636276997042
89.0,100.83788367445935
53.82,99.91802186944648
74.8,107.02672756031046
275.33,190.9172225286801
134.5,81.09658191219404
109.0,100.93561924376304
195.0,177.8933811606808
213.75,106.53108956433492
140.63,107.90531464635308
105.0,100.19844858295468
83.31,117.30552366661976
139.5,103.9676323030856
127.0,152.51003278989282
73.0,100.79874798111928
159.08,158.214294304727
126.0,99.27879410603475
0.0,99.4094308675468
88.4,113.77008599366849
67.68,81.93155748978086
59.0,88.18575407295972
99.0,100.59545149914014
137.7,117.58520123216285
76.0,79.46828103348605
107.0,99.52814202806677
36.0,89.6854838005236
72.2,95.09124060207557
68.0,99.53317611274521
202.5,131.6981235088917
80.1,99.10940199079684
115.2,98.39424441230932
94.0,82.06202123977167
114.5,100.83788367445935
203.6,129.56329652432066
64.0,99.76158276013267
110.7,112.71331860944012
126.0,106.58310891612435
60.0,81.66415312967153
48.0,121.15267219043821
79.0,100.45958341102926
38.0,82.45571974477672
105.3,97.51134974055341
199.0,144.6167851987367
37.6,84.95413051871893
100.0,81.74476608795601
89.25,104.1437429231159
84.0,107.65534388940242
75.0,99.27889777008124
88.0,95.38202808944648
177.3,116.3131875345641
82.88,99.70901077153911
85.5,99.88557036432708
35.0,81.6445852830015
124.4,106.41350947279346
78.0,113.12438137012904
54.0,100.75961228777922
93.78,102.70212978218628
84.5,78.14424798409787
274.5,98.7119094381921
121.5,144.24272388787642
68.67,81.89875996161899
70.0,106.40710196014051
133.0,87.46818557539312
145.8,121.49766372759046
139.0,100.44001556435921
107.0,100.99432278377314
119.58,153.15201199897598
213.0,114.57053967364917
89.0,93.92464114944653
120.0,99.58533415948415
75.0,96.40242430958611
198.98,221.2176084158134
139.5,136.25753103790947
199.63,128.0509263479432
86.0,82.16220204472619
98.0,100.81414622269422
26.0,101.2943516605231
106.0,76.98733411148672
82.0,181.69518939745234
74.88,100.07473765432799
56.0,106.96812768434685
82.0,104.06522989177108
104.48,145.10126390570713
109.0,107.18337399771724
108.0,82.09044183474549
74.8,112.98086095016765
114.75,106.85987956265103
67.0,94.10953517030586
110.7,174.2148333148072
96.4,118.11566733576515
48.6,86.9528067212263
95.0,81.30531704886499
240.0,174.5277458500065
158.0,125.44396124228456
150.3,124.92847872407125
116.1,105.68316098082397
116.5,96.91108465896053
288.1,120.3830149936074
93.0,99.9114763761753
41.58,103.021760822178
129.6,106.08326699848197
123.3,140.1049518281488
159.3,124.08072315208156
135.0,81.54674604965132
64.8,76.30059712797302
116.5,108.79978359200487
73.1,130.21747833866849
117.81,113.19610726353804
217.0,183.7170851171189
81.3,106.48544269429541
33.3,88.72700462240307
69.0,113.03294964943183
37.8,105.31781372331798
49.8,85.24926892416724
101.58,105.4808676733777
161.6,99.52011944277461
123.3,139.73305907737165
38.5,81.66415312967153
127.67,137.99255821484314
305.0,183.8083788571979
100.0,105.87866643600309
79.2,112.10692269076199
191.5,100.28343847442721
224.0,113.87436705624333
56.89,98.77003009261385
193.0,112.47209693674674
208.03,124.0087556140079
74.8,101.19640876312646
95.4,113.63203854497061
46.4,106.9029129676373
90.0,92.7498518230355
72.42,109.11948397947134
194.0,106.99399937962336
48.0,106.94204866097738
126.0,99.10278715005091
106.0,106.9616165076474
86.4,100.34207266696257
42.38,101.11813737644631
167.2,100.9616982671325
124.6,105.92431330604259
81.0,107.02683122435695
81.3,106.73982470100586
208.2,130.65441279463394
87.53,100.66807690303551
80.03,123.97171984760749
48.0,107.43775600442768
145.56,106.27632721801027
122.4,105.3974235070696
199.0,105.45923014855224
59.4,87.52688911540322
86.33,176.26277302694018
168.7,145.89272685676588
152.1,110.84135082238794
92.28,106.98115003774572
100.8,98.43748036326974
66.0,99.76158276013267
138.55,124.92027820883058
139.0,139.23101356874315
43.0,100.11614557179763
33.0,82.83636157981115
79.5,100.32891233294549
85.0,99.98334025020249
165.23,100.66828423112847
155.5,100.63800128609219
183.0,100.89658721446946
55.8,102.07485786855085
137.7,121.80434176165807
159.07,113.90065340770578
132.6,105.77438537342823
150.9,119.02650338095302
170.1,100.27675428620654
40.19,107.61265612183217
100.1,98.80916578595392
94.25,124.71157738873137
50.05,106.58321258017082
101.18,105.04396753398399
86.0,99.3180334634213
105.0,100.48566243439872
224.0,99.55270964284352
88.4,112.43285757936019
99.0,97.43524691395638
48.0,100.45958341102926
80.1,104.12407141239939
62.0,99.3049767934507
108.0,111.8329728373815
90.3,104.63938091909145
116.0,95.81607311912228
80.75,98.88099534340938
154.0,113.21577877425455
137.67,107.63994564782747
74.18,100.58980551635537
43.67,86.40497636194007
90.0,99.55284762346173
150.0,112.60900251596223
72.0,108.50733841396196
88.0,106.68766665426692
90.1,100.44642307701217
69.5,99.25271508266528
55.0,100.74004444110918
210.0,105.96348331595439
55.0,81.31182822556443
24.8,107.3071885903904
258.0,98.73757858749445
99.0,88.62275787639993
46.0,100.11387334766806
79.2,105.20695213656894
99.0,98.20273555070408
269.0,107.00075220098748
116.1,98.44409520401565
64.33,77.18535414979141
124.0,107.79648842118775
94.0,100.44001556435921
77.35,100.70087443119738
120.0,111.95261782495957
180.0,100.39650293783109
103.0,106.6223482735109
66.0,81.78145654564527
87.0,82.51859288988192
65.0,81.6445852830015
156.83,101.1985086900661
94.5,104.74373132914107
235.0,174.29944286666554
52.36,114.53984685454577
68.0,98.22605427849578
311.0,190.31275352542042
78.0,101.25115002613443
89.1,96.85909962374282
90.0,107.00075220098748
0.0,80.84874539875474
48.0,100.85090602785823
105.3,98.57423998911081
121.5,80.90100710954017
63.0,106.98118435431743
66.0,81.73587902308051
179.1,99.98323658615601
42.6,107.18313235305254
94.73,107.37229964305345
105.0,113.04600631940244
82.25,165.49401286049385
68.0,99.30087653583038
162.0,101.13791255120931
39.0,81.34445274220506
85.0,111.76775812067197
115.0,112.18502106592089
140.4,81.40322562968993
70.0,118.26339167739337
149.0,119.98525054755376
30.0,95.58043676882644
46.36,78.17666517264554
104.0,113.07229267086487
99.0,111.66330404657587
150.0,107.1638061510472
95.0,81.35106758295098
114.0,88.20532191962977
89.25,111.66974587580054
143.1,109.92831118621393
58.0,106.98118435431743
68.0,106.22437649936428
35.0,81.70563039461595
70.0,79.95754654771169
130.5,103.80464770050062
71.1,104.65891444918977
169.0,100.87701936779942
97.41,105.92665487764694
232.0,133.83749124690638
116.1,105.69614830331982
174.0,123.40328114048484
115.5,148.1332769650297
113.0,106.22423851874608
44.8,106.44609967286237
90.9,86.34637648597645
77.0,80.96615247877496
95.0,105.79395322009827
96.3,106.91093044210578
57.0,81.66415312967153
29.0,100.91594773304652
116.8,81.2922603788944
68.0,98.52029691254036
139.0,106.68766665426692
99.0,100.77501052935415
71.1,106.41371680088643
214.0,113.93978910104585
116.1,99.06365145671086
75.89,106.7396173729129
65.0,96.25239271292526
71.0,97.23722687565169
150.0,105.31119888257209
140.0,112.52418563601094
101.15,137.10545962142044
81.8,105.88503963208433
180.02,125.4590835226231
132.8,108.18763802649548
155.77,101.29424799647663
150.0,105.84607623593418
105.3,97.39376964901197
76.0,100.68764474970556
68.0,86.92655540066689
110.8,89.26195132323993
96.3,102.78060849695937
199.0,99.41573471615328
164.63,110.51520860569677
74.8,107.35938095370106
126.0,101.20963844461829
110.11,88.56405433638983
134.43,97.38067866246965
96.3,99.57248481760652
85.0,101.04007331785914
105.3,104.2766175921858
90.0,76.19400881036555
97.75,104.48290749320593
123.3,138.54693478173186
180.0,106.66138030280449
79.0,101.21618393788945
66.0,106.98108069027096
129.0,113.71782428288306
42.0,80.80354343368538
62.0,98.24180189656938
199.6,105.45468498596176
103.6,100.0615773203109
124.0,112.82424882933262
94.5,81.11614975886408
90.43,85.18405420745769
66.0,102.02865679673613
75.0,105.77665759755783
140.0,102.07833457692122
78.94,108.11608514460775
199.0,107.18337399771724
0.0,100.10736217096863
85.0,81.13154800043901
48.0,100.30304063766897
79.0,99.18767337747698
30.0,81.50761035631126
74.8,112.47667641590894
129.0,81.66415312967153
96.56,105.66338580606099
164.0,105.31791738736447
105.74,105.16350885751558
115.2,97.65466283242186
189.0,99.0311306041167
125.0,99.62047325925036
30.6,101.17659927179173
36.0,79.08770854592638
90.0,79.83128671938769
83.8,99.85931832943636
0.0,100.45958341102926
110.08,106.28314938684915
216.0,175.11495426162878
88.2,107.45732385109773
108.3,98.56139861998938
80.0,100.66177305442903
0.0,107.90709967618459
100.0,99.97038724427838
71.19,100.37459351955671
76.0,81.6445852830015
104.0,100.45958341102926
169.0,176.84998143856245
95.46,112.90258956348751
59.8,96.85231248580699
40.7,83.21628254863904
141.75,112.25685062337635
93.0,138.1492739997247
170.0,114.01806048772599
108.0,98.69826988263316
145.0,82.3690054838599
96.9,123.61984391625802
170.0,99.6637435267825
35.0,81.62501743633146
151.2,104.3786607472028
53.87,97.92857836923062
170.0,80.96615247877496
95.0,88.14661837961967
147.0,99.65709436946486
27.0,82.14018896240533
103.05,135.53471883184096
135.0,107.4703462044966
107.1,107.78887040590897
79.2,105.47446016072476
126.0,151.72080774639198
115.0,107.77681691047124
74.8,127.33314254952742
134.1,104.2155031330966
125.77,125.44385757823808
71.4,81.72916051828811
120.0,106.63547429095625
87.3,107.15719131030127
115.0,118.87657544833866
126.67,104.73718583586991
172.0,84.33795365743751
118.33,119.78302658758226
99.0,103.88946458045193
100.0,99.97038724427838
81.8,87.35067483132642
260.0,182.51276568845225
0.0,82.51859288988192
94.5,96.89813165303642
148.34,100.86375536973586
48.0,99.38317883265609
113.67,99.58536847605588
147.0,98.27432274916353
40.5,82.13825726486809
153.67,106.57656342285318
34.65,144.14467732643328
45.0,100.45958341102926
180.0,183.59988536519165
116.1,105.37000608662865
175.5,117.68283313742005
90.0,152.20583430804777
116.36,105.62425011272092
134.3,118.6025562474834
111.0,99.76158276013267
123.3,106.2179346701396
48.0,114.54863025537477
206.0,177.49551305058066
126.0,106.66809880759689
112.0,103.93511145049143
187.85,181.91033204677626
64.9,105.82202850636091
57.8,98.25492791401474
52.8,107.39862031108761
59.4,103.62832975237735
197.1,100.28956931151245
149.0,107.29661147264234
87.54,107.5290497445067
231.6,174.35825007072214
70.0,107.44650508868497
0.0,106.01581437421457
283.0,176.49992875858496
179.1,178.5318130776526
63.75,96.24577787217935
153.68,115.5108364736179
59.2,98.09152865524386
120.0,88.56405433638983
110.7,163.23853537381424
55.96,97.55678928249996
116.5,99.02437778275258
99.0,98.74412408076562
110.0,80.78993819469815
35.1,81.86623910902485
76.5,98.36582381733552
112.67,105.35601558959996
107.19,99.98340959767725
107.0,125.59375119428071
154.0,106.24404801008079
120.0,105.84607623593418
119.7,105.68295365273102
103.0,81.66415312967153
123.75,107.16428537258906
180.0,101.2315821794644
68.95,100.35499135631495
88.0,99.85514872434126
105.0,94.25640300510695
110.88,101.6657954385426
55.96,100.72023494977446
73.0,107.02032004765752
150.0,104.90027410250134
165.0,177.93272418211382
105.28,104.9980790192798
65.0,88.56405433638983
161.0,178.7598744163289
109.0,107.08553476436705
67.32,97.67419636252018
78.1,104.78286702248113
81.9,105.91790579338964
70.31,101.02263971470049
79.2,111.50031944399092
71.6,98.97893824080603
62.71,101.06594501313565
71.67,105.19379180255187
214.0,101.73145912800979
167.4,105.39618877404462
178.0,95.40019086027274
85.75,99.22253580167546
156.6,133.78416142326017
139.5,143.08587936274006
103.95,105.68298796930274
196.14,108.27059255638432
54.72,100.47894392960632
200.0,176.62157479117502
57.0,100.0876906602521
47.0,81.97958024799644
64.9,105.52875245097508
99.0,100.81414622269422
60.06,107.18316666962427
115.0,118.8832246056563
291.0,183.63902105853174
76.0,112.53080047675684
119.0,130.79789889802362
96.0,81.12259158808875
115.0,94.87613226932338
132.3,113.36560304282243
168.0,119.97247852590709
72.67,98.60714915407537
154.0,152.93452777804777
79.0,82.23630382631123
65.0,99.76158276013267
78.35,95.63917462540826
75.0,113.56148883761574
84.0,100.3616405136326
29.0,108.06389278129708
241.0,115.40968485633108
80.1,98.35917466001787
137.7,118.92232598242465
109.35,80.76392851880345
179.0,119.46342986416225
162.0,148.5310757276551
175.5,128.99758765690564
67.0,80.66601993797852
132.0,100.05100020256286
82.44,146.22006719417976
96.25,101.51514029263178
58.0,97.62865315652715
201.6,98.38518433591258
112.5,141.4942689417213
76.5,80.8618714162001
97.0,100.57044499777831
38.32,104.54154168574128
105.3,106.05488072007988
122.4,102.85236870694007
79.33,106.0547770560334
65.0,88.12705053294962
85.67,99.92470605766715
48.4,106.45264516613355
161.25,146.63533617226602
95.48,88.20532191962977
98.8,106.32231939676093
66.0,99.42892936674207
130.5,98.4569445458933
120.0,125.0067501107514
103.5,116.85429141630169
65.0,81.54674604965132
124.0,107.67491173607245
195.0,125.31980134090023
80.3,107.45732385109773
230.0,118.8245210656462
120.0,98.59402313663001
156.0,81.30765862046933
103.5,134.54879021243823
88.7,100.13971072637284
76.5,104.63304275391326
51.85,108.58109488683584
97.02,106.13301412614183
75.0,106.19185564677012
48.0,106.35501326087632
112.0,107.42459567041061
136.0,107.21579118626491
94.0,81.77718327650368
135.0,97.88958065650876
250.0,125.81575032901523
50.0,88.93401538962974
64.8,120.78835200915941
153.03,145.5188035265238
123.0,106.550450082912
130.0,106.27002336940379
91.96,150.1684023661881
117.9,106.5896200928238
38.0,82.01871594133651
118.0,99.24620390596584
200.0,137.2577984731139
99.0,110.32893074198552
278.57,175.62351094695674
120.0,99.76158276013267
0.0,81.26607769147844
100.0,81.39020327629105
80.75,105.343789082641
133.4,152.10544617500028
157.5,101.88679139874425
122.4,136.06202558273037
217.0,176.23676335104545
69.22,100.5117414577682
155.7,96.98935604564068
62.29,106.77896039434594
228.5,113.22211693943275
58.0,81.35992033125476
93.15,99.20706821262579
30.8,78.1743236010412
52.0,113.30049199015937
112.67,93.60429158324587
106.2,109.00207689945113
99.0,107.06596691769701
154.0,113.93561949595075
125.0,107.27449472627501
44.8,82.10115693311174
150.0,100.5117414577682
49.0,76.8241764973805
118.0,83.22771851321185
134.25,82.21846034908548
121.5,148.53117939170153
107.0,99.1158095034498
139.5,102.48040660868818
89.0,80.99884634289035
89.0,100.34217633100904
77.29,98.23518705582347
61.0,79.66385583613992
88.4,103.68706760895918
78.35,103.96094882919623
176.0,171.4914515487862
165.0,99.48119107752751
89.25,98.82229180339928
85.5,99.27889777008124
112.5,99.53327977679169
37.0,100.75961228777922
140.0,99.57048377259453
58.95,96.87191464904873
153.0,129.08898506103114
119.0,88.66168624164703
139.5,127.54319452157314
138.6,95.84797910955396
236.33,139.67659785406624
54.0,104.28082151385263
90.0,109.6883302649306
62.0,99.22009056602465
100.0,98.75718075073621
95.5,89.19490857303963
67.5,106.39404529016991
130.0,106.61590644428622
150.0,100.22466558694235
118.15,104.47212304736492
148.5,149.4508338686215
71.8,82.21846034908548
146.0,106.56364473350078
68.0,82.14018896240533
146.3,88.51186197307916
149.0,107.93559759138938
48.0,93.73709690484102
76.0,113.78324632768556
101.58,111.12191551651433
131.0,107.14423830437715
160.0,118.12658976222438
91.2,113.2612183162011
157.08,99.87905918762763
115.0,100.23117676364178
118.0,105.9700981567003
152.1,95.46302968880623
65.0,81.16190029295007
55.0,81.92480466841674
95.0,106.82453791691069
224.0,174.756152497394
189.33,121.29849986543223
115.0,99.70945974429677
128.0,77.54635879068105
87.0,100.5767831629565
68.79,112.2135453249412
35.11,107.13762346363123
108.5,107.1637024870007
159.0,112.76564895336898
75.0,112.88946354604215
90.9,85.03749931916721
228.0,182.86915653360796
99.45,103.4718212955888
130.5,112.36123534999768
145.5,123.97626907798546
123.5,95.1108084487456
94.95,107.03968056623458
107.95,99.36374968093557
130.0,107.02032004765752
75.0,107.02032004765752
139.0,99.45976088079499
140.0,105.63734109926324
143.0,116.48278697789496
65.76,107.61376296041152
115.0,190.66284052196966
83.5,88.64232572306997
139.0,100.45958341102926
160.0,105.50705036079367
189.0,106.89904957256283
80.0,81.6445852830015
150.0,157.5839320444941
91.6,100.02247594354256
93.0,215.80090127901565
103.5,96.88500563559106
153.96,137.18373100810055
110.7,106.85072060432664
35.0,82.89272354821692
100.0,112.47213125331847
83.0,99.74201491346264
123.75,144.40994744303126
195.53,176.44539482366994
76.5,104.48934932243061
114.41,106.95462204161859
59.4,102.9370819228449
160.0,108.1943565312879
137.0,113.64627140099532
78.0,82.37327875300147
210.0,114.03752467034954
120.78,118.30889259405848
70.0,79.92251111199195
115.9,113.92001392628285
44.8,107.26164538439737
145.0,80.90734527471837
199.0,106.31573958691806
90.0,101.13738859821831
104.64,99.33098646934542
90.0,98.64628484741544
170.0,113.99849264105595
60.0,99.47464558425634
161.0,114.063603693719
65.0,81.6445852830015
119.0,138.6906625297862
76.0,120.74815492302044
60.0,75.7700273603242
107.0,100.92245890974597
64.0,113.56148883761574
194.0,107.24858871442677
107.1,102.9066609971904
63.75,96.12182529888798
96.0,98.24180189656938
112.67,100.69336007996509
69.0,126.24575097933909
61.41,99.62446985282423
78.42,184.3022924837292
94.5,103.70022794297626
93.0,100.80505182972576
105.3,105.591659912652
140.0,94.08762575203149
85.0,80.67253111467795
35.1,81.32071529043992
106.2,98.72455623409559
94.5,98.30694726580417
155.0,132.7961608299715
90.38,100.93551557971657
113.05,105.68295365273102
253.0,107.5810347797244
76.5,100.66828423112847
110.0,100.07473765432799
109.38,113.98116270194376
70.12,106.01564136269334
153.0,97.94818053247238
60.06,87.05726079532238
96.3,110.8045567006522
103.0,98.03296309585195
101.0,107.85519196119785
161.5,88.52460765091031
111.3,87.61174102625756
99.0,111.67784578132367
105.0,106.32221573271445
48.0,113.3658103709154
94.0,118.55515069142791
84.57,183.0648006837366
73.15,106.66155331432573
56.51,101.37262304720325
80.0,100.61602252034305
29.0,99.4744725727351
87.0,175.94982617516916
68.0,101.08572018789864
76.5,105.86161317245865
90.0,106.68766665426692
66.0,99.91168370426827
134.1,144.49710589458692
196.67,204.1125902554287
47.8,111.79362981594848
65.0,82.00331769976157
0.0,82.70121468661166
57.4,176.51715503365062
154.0,100.83784935788762
123.3,108.0235809019029
131.6,107.13751979958477
93.6,111.93725389995636
100.8,90.04366201550846
152.1,144.99264022651596
81.95,125.72113979585274
153.0,117.82645722142794
55.8,96.01747488883836
117.0,105.84859081905975
89.25,105.363564257404
68.0,101.32931774876809
55.0,100.32260848433901
74.8,113.92011759032933
115.0,99.65709436946486
143.1,149.23152161420245
157.76,112.97424610942173
159.0,106.98118435431743
101.72,100.91594773304652
96.9,103.95509551831847
42.0,110.73700041233832
136.0,99.87888617610639
125.1,119.7697969060904
38.0,81.25556992120514
52.2,111.34377667063063
177.5,104.2153651524784
61.8,177.91549790704812
168.0,159.40249696560977
36.4,124.83063949072107
117.36,138.66430754518035
64.9,99.78752380288395
84.3,106.46587484762537
104.5,82.29917697141643
75.0,107.28816859840566
72.0,97.985246547657
99.28,101.85537738472945
48.4,100.49206994705168
81.71,106.25744592097506
180.63,138.62754774001633
55.32,107.75714539975472
72.75,97.31790918141093
148.5,138.0054425876238
82.45,98.91361986005
120.0,81.95102167240442
141.55,108.07929102287201
80.0,81.50761035631126
110.0,81.48132400484882
172.07,112.21764558256153
157.5,106.7724492176465
0.0,100.3158899795466
104.72,107.02032004765752
94.6,100.51391001785129
40.0,139.12349672813133
73.74,105.99186959435647
164.1,118.62463867727902
253.57,114.84855546807827
91.8,106.83104909361012
47.4,99.97679475693133
180.53,132.44149435426004
133.17,100.92907375049188
135.0,100.65522756115789
55.68,105.93733565944147
187.67,107.21823642191572
45.6,107.13762346363123
186.77,144.32407042297538
56.4,99.48332532103888
158.67,183.7367566278354
162.0,100.1007473302227
130.75,107.43765234038119
89.1,104.85476592741136
72.25,101.03345847711321
264.0,111.62406468918932
61.0,105.748237002584
212.0,118.10250700174808
220.0,176.5629055677366
75.0,99.9114763761753
100.7,114.34416838784541
0.0,81.87502250985386
74.2,100.71375808964675
229.0,126.14399247264603
76.5,111.29806045311636
151.89,113.4176574255149
58.8,107.32034892440748
32.5,144.5165007297357
130.5,103.23046164227722
76.5,104.91333077247194
76.5,99.09627597335148
77.0,112.69019835983505
91.0,76.85931559714673
121.55,131.61974845816508
104.05,153.89933752156227
139.5,99.93776272763775
135.0,117.27866117871343
160.0,100.2052014043188
36.0,80.07240472803458
102.8,97.9417387032477
96.9,125.1958830841806
225.0,189.7626502276733
166.0,111.9827971059494
108.9,96.41537731551023
30.0,81.66415312967153
107.5,99.43530256282332
170.0,82.72946227006423
89.0,106.66809880759689
90.9,106.7593925476759
107.1,99.46162323085747
80.0,101.335932589514
97.33,105.46774165593236
58.0,100.45958341102926
227.1,101.0205054711891
108.0,82.54701348485573
90.95,103.10237378046247
93.56,115.95737723499909
128.7,114.94998376093281
186.0,165.37977183806387
37.0,100.93561924376304
38.0,82.10115693311174
153.33,119.42457881914612
42.0,81.76188869897523
0.0,113.7570636402696
101.58,105.4808676733777
160.0,100.81831582778932
203.0,189.09072860014618
75.0,100.45958341102926
137.25,104.93940979584141
48.0,105.00055857150234
0.0,106.51806721093604
85.0,96.06977091619551
140.0,129.95885737938818
186.0,112.67662815175086
54.0,93.8391057432863
116.5,138.52323164653845
55.8,98.71129223603202
166.5,98.33971047739432
83.0,106.19185564677012
149.0,100.45958341102926
224.0,177.18253116790657
171.1,107.135691766094
135.0,98.9526518893436
82.7,106.49188452352008
94.8,106.83152831515198
92.33,107.64645682452691
79.2,106.31577390348977
86.32,101.20946543309705
95.0,96.10776278568204
68.0,99.50706277280402
109.8,102.51968099697777
133.2,100.0616809843574
170.0,99.70284490355084
105.0,100.91605139709301
208.08,99.76147909608619
96.05,112.75248861935191
65.0,88.06180149966836
117.0,107.81605626785779
192.0,101.24860112643712
158.0,119.22238917574634
94.5,104.35254740726161
80.85,114.21608052603068
146.7,131.73074802553234
125.1,106.45936367092594
79.2,100.1790880643776
108.58,106.42656614276407
48.0,75.39823827359355
79.0,100.45958341102926
86.0,97.6091889739036
117.0,99.12221701610275
72.25,104.03946186054105
41.89,107.45732385109773
100.0,108.2919884365451
74.8,105.89823428267312
135.9,106.66789147950392
92.63,106.04826587933397
65.0,81.73804758316362
120.6,101.56089082671778
107.1,103.48494731303416
77.85,105.31771005927152
99.0,97.05477809044318
38.32,111.10227832236954
50.0,100.29215252778147
261.25,191.5567221855407
166.66,105.46760367531415
149.0,100.5796039561027
160.0,106.78550588761709
50.15,97.17866203059111
66.0,83.31432911008218
134.0,104.31974987909973
159.43,99.96363442291425
60.4,106.92248081430733
106.2,107.89432765453793
190.8,196.17986644434012
108.0,105.74820268601229
204.0,107.65279498970511
194.49,105.9569035061115
160.0,106.13955961941298
88.61,98.05890413860322
139.5,120.57146375739939
139.0,100.83788367445935
60.0,88.08791483960955
116.0,106.73975535353111
159.0,107.46383502779716
95.2,96.59799911223998
40.0,81.50761035631126
150.0,107.02032004765752
105.5,106.89219786927106
192.0,118.75734033482769
107.1,116.33930087450528
41.4,101.07900168310624
65.0,82.45571974477672
130.5,102.29775049538671
76.0,79.68342368280994
65.6,100.44001556435921
95.0,98.61366033077482
201.6,94.98699385607243
151.2,109.45857920208661
63.0,101.41165507649684
175.0,138.78850176313637
126.0,79.70075362192213
66.43,101.36618121797858
134.0,99.5005859126763
88.4,105.54601304261249
69.52,99.84870689511658
118.5,99.61141318285362
85.0,114.59855039455587
66.0,94.28489294755552
69.0,100.81831582778932
126.0,100.77490686530766
39.96,99.23976207674116
83.3,120.46118271624107
166.0,110.58063065049927
120.0,82.31457521299137
76.5,105.83136454399407
117.85,118.282813570689
76.5,112.2435866253128
88.4,107.84213529122727
65.0,106.67033671515475
96.5,100.87701936779942
43.93,105.13505394597004
109.8,100.44642307701217
119.0,135.9106148810693
60.0,75.31755596783431
34.0,99.1158095034498
48.0,82.37744835809657
75.0,99.73546942019146
105.3,104.54154168574128
214.67,107.32686010110692
144.0,99.70284490355084
91.6,111.3394340540143
88.9,105.40876215468583
149.5,113.25491446759463
37.8,106.06790307347876
0.0,100.40739104771859
46.66,106.23750251680963
91.0,100.45958341102926
80.0,82.16637164982129
80.75,112.47871177749266
64.9,87.34409502148354
125.0,96.75464554964674
155.0,105.66993129933215
68.0,89.11171239848612
87.0,100.94674421619641
141.0,107.24207753772734
126.0,124.34805816471612
43.0,100.6287945419897
90.0,100.00952293761844
147.0,132.3764869656435
144.2,144.4708538596962
132.29,101.45079076983691
96.3,96.74148521562967
60.0,112.47019955578122
75.6,100.38110469625616
79.2,80.24203848793718
71.41,100.8833232164059
147.5,100.10064366617623
118.0,98.93962953594473
114.3,103.84371404636593
82.0,99.8007878009475
72.07,105.63089927003855
70.0,106.97691108517586
108.67,101.0205054711891
124.0,100.21171258101823
125.1,112.28957880406347
163.0,152.64283811148798
109.0,100.9445756561133
91.31,99.33746332947314
74.8,106.13301412614183
221.07,95.24757604734287
68.0,99.45490472606508
80.0,100.36174417767907
110.0,107.35948461774754
47.12,145.59056373650452
107.1,103.47178697901708
48.0,106.3027515500909
116.45,101.50949430984701
58.0,81.6445852830015
211.16,175.68221448696687
190.0,106.1722878001001
122.75,100.54426231036234
110.46,106.84410576358071
90.0,119.5811215925064
159.3,131.31554997632003
90.0,100.81831582778932
170.0,81.51863166469813
106.33,107.85519196119785
98.56,107.57462726707143
93.6,107.7960394484301
89.39,100.99421911972667
92.65,81.6445852830015
59.0,106.3941489542164
126.0,102.1282547161023
130.9,133.32866229515756
51.0,108.93097455529212
69.0,100.03539463289496
96.3,99.33760131009134
75.0,99.8230034292425
149.0,138.78850176313637
36.0,82.54701348485573
58.93,107.62017047306448
212.17,104.5738902411455
78.2,108.20720587316552
36.25,152.2254021547178
47.0,100.85745152112938
78.0,106.87069832506377
192.67,126.44650090161855
107.1,99.42228020942443
180.0,107.2812132310674
121.2,112.48504994267086
96.0,98.90025219793996
6.0,76.43953806877222
60.0,82.59899852007342
150.45,124.6740967173608
84.58,98.783018129441
199.5,126.44808729044462
145.8,113.47005711691853
82.0,82.08158908644171
42.0,87.52688911540322
150.0,105.59183292417325
161.8,126.47451162252526
185.4,82.67413248870932
48.0,113.70080533591033
164.7,103.34776505825094
199.0,180.42537929083971
43.0,94.00935436535134
96.3,144.4253456846062
88.0,100.66177305442903
91.4,140.75178522493627
126.0,98.51399306393388
172.0,104.03274335574865
106.25,141.75516212513116
112.2,107.11812496443596
93.6,134.4768569909363
117.0,95.51536003273509
37.8,105.6047165826226
99.0,104.74373132914107
103.5,114.43449326996328
117.45,117.81315890679267
140.0,100.14649786430869
61.0,81.9641820064215
79.5,108.48687105680554
98.82,144.82741771637313
32.8,100.18122230788899
73.0,101.01378696639671
104.85,96.59799911223998
118.8,105.38964328077346
240.0,156.75136738598638
273.0,100.70070141967614
82.86,101.41141343183216
184.64,97.95059145155147
133.75,107.43999391198554
80.75,95.92197722709253
67.76,100.30304063766897
112.0,106.83745660626309
60.0,79.66385583613992
134.0,112.7134222734866
231.0,107.33991677107751
119.33,105.32425555254267
80.75,106.40717130761527
72.0,99.3309521527737
220.0,114.56392483290324
58.91,108.58547182002391
137.0,104.62229333897528
44.5,101.01216626099891
124.75,123.71527223052908
65.0,89.79262475493522
179.0,101.84114452870475
54.71,99.84626165946577
0.0,82.27034172025668
99.0,106.86377727429723
70.0,100.4072873836721
42.0,101.04857207036423
95.0,81.60544958966143
95.0,81.9641820064215
105.3,99.08563022246
80.7,81.10522733240485
87.4,106.6679951435504
129.0,191.11930850803338
139.5,106.2375718642844
71.28,99.2593299234112
104.0,119.19631015237687
62.37,82.02288554643161
130.67,88.72710828644955
66.0,107.35531501265245
85.14,100.82675391990716
99.45,113.54188667437398
306.0,100.27671996963483
80.1,104.15669592904001
79.2,99.07657014606325
103.0,87.91180421957924
118.0,107.36599579444697
82.0,124.4785912621817
85.0,99.19408089012992
55.8,110.84806932718033
65.0,81.37063542962102
99.45,105.85272610758314
207.0,120.68314753440386
183.0,100.87701936779942
126.0,128.78234134353528
66.0,88.82494751979972
115.0,101.19561291668654
149.1,138.82109196320528
85.0,101.27488747789955
162.0,100.19855224700115
67.0,95.08148567458292
52.85,99.72882026287384
79.5,107.26794923300385
48.0,99.01156275744667
114.0,81.66415312967153
94.5,112.31382979394219
121.13,98.86804233748526
71.2,125.91440734347398
53.12,78.52654484110182
224.67,99.14199219086575
121.2,151.7686231765146
199.0,174.9843518166885
36.0,95.7589232770328
135.0,98.97221973601364
131.4,111.10875518249726
89.1,104.17626377571005
129.5,146.41761471581992
119.0,106.17890264084602
133.33,106.28308003937438
122.6,99.2421036483455
174.0,88.5403168846247
199.8,155.7050997992751
73.28,112.50447980872269
89.1,117.24788625726025
90.0,98.58747764335885
141.0,100.80525915781871
126.9,107.46190333025991
72.25,105.61794626411444
186.0,106.47889720102425
79.2,106.28314938684915
170.0,101.67275558799969
65.35,99.5264232913811
144.0,105.26555201253257
80.1,105.37007543410343
94.5,106.3810922842458
48.0,107.43775600442768
108.56,112.28282598269935
68.0,100.45958341102926
119.7,104.2117434020686
139.0,132.67651584239346
0.0,433.9396590982097
107.0,99.98334025020249
319.05999999999995,126.45056684266716
59.4,81.79041295799553
70.0,100.87701936779942
102.6,104.56779372063198
129.0,106.84410576358071
103.18,105.61784260006795
114.75,149.80946262133506
119.7,99.6703240509567
96.0,98.39841401740443
159.3,118.02223935217476
146.5,105.92448631756383
138.5,98.54190012079411
126.51,99.59418690778793
120.6,102.6827692636092
106.85,98.75018628470741
52.0,81.66415312967153
126.9,106.35490959682984
86.7,97.54393994062232
126.0,105.83970375418426
180.0,100.76612346447865
123.0,106.04423496918838
95.0,80.41825277201399
67.15,105.29163103590204
109.65,105.45468498596176
48.0,106.4591906594047
140.15,99.0118689674673
131.35,89.14454424321971
138.02,151.37509768303082
79.0,81.66415312967153
126.0,97.49160888236214
158.4,101.84459293888843
57.52,86.8747083460674
75.0,99.91802186944648
155.0,81.7839017812961
250.0,100.29862938790919
158.85,98.86783500939231
32.0,101.01389063044317
95.0,97.13956065382276
65.0,81.97947658394996
61.2,99.88140075923198
65.0,100.85745152112938
44.0,100.56393382107886
89.1,101.77599915946996
89.0,81.62501743633146
149.45,124.22400192737828
80.0,103.51092267235714
152.0,100.51163779372172
74.8,105.56558088928253
78.3,108.3172022659999
152.1,144.6275696445777
91.68,126.56563235108302
171.0,106.23319493109634
43.5,100.62914853778841
103.5,105.03742204071283
97.5,101.84093720061178
0.0,99.37945413253114
108.0,96.1742249902916
94.5,97.23722687565169
109.0,99.2723865933818
29.0,100.7009087477691
54.4,82.10115693311174
70.0,101.56819784985711
98.0,87.91180421957924
77.36,113.09165318944194
80.95,88.93563609502753
112.1,99.74191124941615
68.0,79.81154586119641
245.33,99.14199219086575
90.46,150.1301881180031
112.01,142.7172496287223
129.9,106.2658537643087
77.0,106.92899199100677
129.6,88.42676841756014
144.0,149.3791079752125
65.0,98.90059750665114
252.0,173.52978566983472
168.3,96.28315487950343
192.86,144.15691621529533
155.0,107.56167426114733
50.06,106.2177966895214
40.0,100.30304063766897
140.33,106.94428656853523
78.3,105.14163375581293
94.0,80.66601993797852
85.16,106.35480593278336
69.6,98.0264176025808
150.3,118.62880828237414
136.0,107.45732385109773
115.14,99.80068413690103
65.0,81.62501743633146
86.55,118.54402571899456
80.0,82.87732530664198
79.2,106.23750251680963
228.6,175.4800591601388
121.0,106.47242034089653
57.8,104.78937819918058
136.5,99.90496519947587
80.1,99.01145909340019
0.0,103.27723691259276
78.3,99.35723850423614
171.9,138.14779123067797
166.5,97.67433434313837
63.0,81.2532283496008
71.0,105.70924000419345
97.2,100.21822375771768
170.57,149.35950581197073
63.75,100.87691570375293
80.0,81.65571025543485
132.6,100.58980551635537
95.94,100.45958341102926
110.0,81.84016008565537
66.0,101.20312726791886
95.0,83.09246795596589
99.45,99.76161779103572
167.7,97.92206719253119
104.4,89.789280008798
225.0,98.05907643579314
150.3,136.5628993144516
60.0,81.66415312967153
97.5,100.37459351955671
94.5,97.10025194896144
147.0,98.78977095080512
83.73,100.71393110116799
99.0,104.17622945913834
97.71,101.37251938315677
96.9,112.73950129685608
119.85,106.24401369350906
148.31,101.01389063044317
96.3,98.53114999152481
166.5,135.70835589019475
131.0,105.05698988738285
36.25,79.34425911271993
115.0,115.71656543637283
83.0,100.7268841070921
114.3,104.76347218733234
140.4,106.91593532103619
188.43,140.88253325027904
139.0,94.79213757962751
71.1,100.44001556435921
142.67,101.17704824454938
65.0,113.40494606425545
135.5,100.1007473302227
65.0,100.77918013444925
117.0,113.30056133763412
70.0,98.82873363262395
65.0,106.86377727429723
0.0,81.34035248458473
54.0,108.93672420212339
136.2,106.33592463574816
192.0,107.28762074372037
139.0,106.69417783096637
60.0,105.47435649667827
75.6,99.52900650765011
48.5,81.56631389632136
148.69,145.35564591241763
105.0,100.97720017275394
130.0,100.35499135631495
108.95,104.95494673236587
126.0,104.52858867981716
65.0,88.06180149966836
74.25,107.63883880924811
86.86,136.76077466726076
124.0,100.60306951441893
192.0,103.83076104044181
66.0,106.32221573271445
76.0,84.20097873074727
93.0,81.32071529043992
134.75,146.03387138855118
88.0,100.2441297695659
84.39,98.22209606928115
53.5,101.49643763987642
134.8,144.3381522021475
186.3,180.4101533464547
99.0,87.35067483132642
131.4,97.36321074273927
230.0,177.04383187177206
30.43,101.29424799647663
67.5,100.27041612102835
130.0,102.39576274025812
65.0,106.9616165076474
98.0,88.12705053294962
135.0,81.44890681630116
144.0,151.13377234629095
70.0,80.71407772709712
154.0,104.60265614483049
162.0,106.81799242363952
110.68,119.71392691410155
196.75,113.58746419693873
67.5,81.56631389632136
49.71,82.22486786173843
67.58,108.05727794055116
130.5,111.04371347730896
121.43,107.79648842118775
112.85,95.46774714858662
98.1,98.57452463743473
97.2,99.07026629745677
104.0,99.7484224261156
86.43,100.57023766968534
87.0,112.98096461421413
74.8,113.46361528769384
72.25,97.37427114981669
68.85,100.0028737803008
59.0,105.33748523403452
126.0,79.70075362192213
319.05999999999995,163.17075216273633
29.16,104.1567995930865
72.0,106.65504213762628
58.0,77.13956929913368
95.2,101.02701664788854
105.0,101.7889864819658
170.0,81.9511253364509
57.29,113.2612183162011
0.0,104.8090497098971
138.33,101.0205054711891
148.5,136.25587601593998
61.2,100.13988302356276
89.25,98.82229180339928
204.0,190.23234789522888
85.5,77.79850288983364
94.5,104.28950125063517
90.95,99.13537735011982
114.0,106.6092916035403
46.4,107.43775600442768
87.3,106.41371680088643
73.3,80.783392701427
77.0,81.66415312967153
176.86,108.05066309980523
108.0,99.05069845078674
75.88,100.1921447343482
160.0,106.06793739005047
134.1,112.34152952270946
139.0,107.32269049601182
79.0,81.39020327629105
126.0,97.23071569895225
107.1,105.59827475339792
252.6,137.60964612270476
198.0,176.24982002101606
96.9,85.6572979308584
72.0,107.32686010110692
120.0,100.40087987101914
68.4,98.67215654269195
233.0,99.07005896936381
152.0,113.45059293429497
108.0,95.24127219873641
209.0,101.64013107135906
138.33,101.00093762451907
132.3,105.82668140078539
74.8,100.02237227949608
117.0,96.08923509881907
225.5,105.92417532542439
80.0,75.333023556884
89.25,106.51152171766489
100.8,107.1180556169612
75.0,94.02892221202137
207.9,184.75069793517048
125.0,100.55535296622398
183.5,106.07679013835426
73.1,106.86353562963255
148.0,106.02215253939278
117.0,105.8723282708249
74.8,107.91847498037015
110.37,149.27472324859116
80.1,100.20099748265199
70.0,100.45958341102926
29.0,105.7807928860812
103.09,99.00480993608255
90.0,81.5858817429914
89.0,99.76158276013267
93.38,108.12803497599899
93.38,140.17006288081188
34.0,101.8810760684847
107.0,101.12957334101912
158.4,106.81392648259092
0.0,88.2248897662998
123.3,129.76080302451177
90.5,95.43064681683029
60.0,112.85704635749448
154.0,100.45958341102926
130.5,98.45691022932158
76.92,99.67686954422786
117.3,108.03781375792761
54.4,107.67897767712105
144.9,146.56292411484867
65.0,81.52717820298129
34.0,99.54633644676228
258.0,184.59019321351292
62.0,98.63305516592361
94.86,99.42245322094567
146.0,107.35948461774754
42.7,101.16378424648582
131.0,106.66148396685097
184.65,116.48519789697407
147.5,106.40710196014051
65.0,82.78816581007433
153.0,100.28347279099893
110.0,80.24027980192119
202.5,174.04523387147634
116.0,99.66381287425726
254.0,88.03572247629889
220.0,132.24602321565268
54.0,95.6195724621665
85.0,105.76122503941116
128.0,101.00709480541981
168.3,117.2654314972216
142.88,107.5290497445067
63.6,113.11752488471845
108.8,146.5556920719427
71.6,98.29375261521537
106.08,100.21801642962471
124.2,101.35967004127913
68.5,108.82276553228687
48.0,103.37481293958156
60.0,82.27716388909558
57.0,101.4218462218721
171.9,106.27012703345027
43.0,107.02032004765752
63.0,109.38103502870293
96.3,98.02004440649957
68.85,101.80297769332581
76.5,81.18146813962011
160.0,88.29010448300934
89.1,95.50891820351042
130.05,96.23933604295466
75.65,115.06728717690653
260.0,177.34568878201276
89.25,102.71518645215687
182.0,105.5983784174444
45.66,105.81341740272183
144.0,103.56972987641373
118.0,107.02683122435695
168.6,147.39614062079306
90.25,94.64775993850765
67.56,102.78757021138755
87.0,106.32883057346038
65.0,100.00931560952549
40.0,81.66415312967153
160.0,107.6008099544874
165.9,175.55833054681892
115.6,117.14165193545148
230.0,138.75456748897028
214.0,105.89830363014788
40.76,103.15870143229651
91.8,105.91604344332717
63.68,107.97149220263871
65.0,106.3027515500909
50.85,97.48719763260235
181.0,112.86348818671917
72.1,82.06202123977167
105.3,96.91118832300701
82.0,176.35417043106568
191.0,119.17653497761387
85.0,82.56464963398852
114.5,113.14394921679909
39.0,81.66415312967153
85.85,100.69436325449794
82.0,113.37883272431426
135.0,157.37715016705707
117.9,100.44001556435921
134.1,98.60673449788945
101.52,100.08124883102744
155.86,152.94031808854066
100.8,103.74577114896928
81.6,84.18950210251282
190.0,107.30078107773744
196.0,105.69601032270162
292.0,174.4690079934247
130.75,106.8374909228348
48.0,78.27471173408868
195.47,139.22419580905114
94.5,103.29588368707972
98.0,88.36837586968949
88.0,105.66996561590386
58.0,114.4550642911662
57.5,81.3119318896109
101.68,100.77263464117809
94.0,88.56405433638983
135.0,149.50536780353647
85.0,107.32034892440748
86.0,106.34839842013041
98.85,101.57608174019975
189.0,175.4539801367693
193.2,150.05970933952213
114.4,105.04286069540464
289.0,133.40937891748854
62.0,82.00331769976157
153.25,178.7143312103359
117.2,107.6984418597446
58.0,99.65075620428667
129.0,105.5200376832895
143.05,97.83073913588045
80.75,98.58096646665942
180.0,113.50278529760564
110.77,107.88092567585616
101.15,86.71151641538947
30.0,100.56393382107886
50.85,98.57431730934178
153.5,113.88108556103575
98.1,78.08323718905515
144.0,82.10115693311174
140.9,100.62253369704248
136.6,111.1479945398838
110.99,106.89616014627319
96.0,93.96288530505643
72.5,111.16759670312555
121.88,105.78730406278063
185.0,81.84016008565537
57.8,105.76098339474646
6.0,100.72271450199699
62.0,103.42217783197543
48.0,100.72047659443913
160.0,113.24840329089518
101.33,103.3005668302884
155.5,106.36786260275396
84.0,125.7722377024871
79.0,105.20684847252247
72.42,98.8091314693822
26.64,91.84390390915166
116.1,98.86146181331105
85.0,100.34196900291607
86.7,104.20234279907953
148.0,103.9544719690685
86.2,102.14889508477997
130.5,111.57841781914982
88.0,81.76433393462605
69.99,99.91802186944648
56.5,76.61795594383516
110.0,94.71307831926367
145.0,106.87018478695019
91.33,71.98440719318245
97.2,96.6959076930649
98.0,106.04836954338045
80.0,76.27644980214077
68.4,97.90901052256059
159.3,131.17630282550022
140.0,105.76780484925405
44.0,107.00075220098748
74.8,100.57034133373182
128.25,106.99399937962336
140.6,88.26392179559339
239.0,100.7184069162837
175.5,117.86566226224276
66.15,99.08938517136916
265.25,152.9778330764829
92.29,97.2437037357794
95.0,82.39691254072012
79.2,98.44216350647841
140.94,95.9481599145085
101.0,86.45296480358392
107.53,104.6589487657615
84.35,106.25045552273374
122.5,99.96360010634254
65.0,81.29236404294087
157.5,113.86802889106514
125.0,105.14648991054284
130.5,110.60664032639399
103.0,81.62501743633146
40.5,83.76724469321093
123.2,82.16637164982129
131.33,88.93391172558326
120.0,105.25900651926142
62.48,94.74535752719314
23.7,104.31320438582858
48.0,81.6445852830015
50.0,82.08158908644171
102.41,113.48311378688912
98.1,100.30300632109726
40.0,84.12260368002065
131.6,103.5434435249513
88.2,99.57892664683119
98.12,126.80695768782287
103.5,97.46559920646743
142.67,101.17704824454938
117.3,110.8935431856986
86.62,97.55967870878962
136.0,119.69201749582717
100.0,99.21364873679997
85.5,104.47632696903173
171.33,113.57251014600263
170.0,80.94892620370926
72.0,99.62450416939595
88.0,100.54436597440883
76.0,92.34598373435189
100.3,100.42675156629565
110.0,81.33139607223447
172.0,130.9478611472097
98.87,113.49623980433448
76.5,98.44409520401565
67.0,81.78145654564527
85.92,109.47236308535366
2.0,97.731175533086
155.0,81.66415312967153
87.7,111.01798132762173
87.0,101.83580953805941
104.85,102.76737881546754
63.75,102.85216137884711
174.0,177.11742011524353
57.0,98.97225405258536
52.85,99.259191942793
155.0,107.02032004765752
129.0,81.6445852830015
299.0,176.83685542111712
130.0,113.57430386292165
37.4,110.22820208234569
231.5,98.35266348331844
89.61,100.31585566297488
85.0,107.43775600442768
48.0,121.07267643431379
135.0,107.22219869891785
105.61,150.09657280873262
0.0,100.81831582778932
98.0,87.44861772872308
210.0,177.55432025463725
72.0,107.83135084538624
88.0,100.28347279099893
132.0,106.98104637369923
139.0,106.47875850607474
88.4,78.3309006909732
245.0,105.7702851158079
76.5,97.2825977844548
134.0,106.46566751953242
89.0,88.18575407295972
127.15,106.79835522949473
60.0,126.90968739247471
95.0,81.66415312967153
40.0,85.31469096896974
139.5,100.41379856037153
72.25,97.57635712916999
48.0,107.02032004765752
115.0,112.33501834601002
120.0,107.67908134116755
40.0,82.01871594133651
102.6,106.46587484762537
76.5,99.43550989091628
54.0,96.71557920378143
66.0,81.82303747463615
196.5,175.50203792588792
309.5,173.4410065128813
125.0,105.53946754934134
104.72,88.90321890647986
106.2,105.7091706567187
92.33,105.135261274063
143.94,101.39442880143115
67.5,99.12896983746688
110.0,107.35948461774754
65.49,96.57839694899822
100.0,113.33945538630951
115.0,88.2705366363393
62.0,105.27860868250318
65.0,88.93818499472484
76.0,81.98374985309152
106.0,80.02923741021763
139.5,175.5193678650001
41.4,98.66585269408549
0.0,81.56621023227488
164.0,97.9547953732183
46.1,86.8485950061262
67.0,81.23366050293077
140.0,106.64191612018092
140.0,80.96615247877496
77.0,87.1574416002769
73.45,97.00258572713251
62.0,113.13089254682849
23.93,84.33795365743751
89.1,103.40660657887926
46.4,103.21740497230662
76.5,79.54410718451537
80.3,106.60284977431562
108.0,99.3180334634213
102.6,99.54633644676228
77.03,98.34625597066548
214.86,105.40900379935053
152.1,118.46575433231442
64.0,99.27204128467062
90.9,78.35064154916448
81.0,106.32221573271445
41.4,95.23148295467205
66.0,98.38118774233874
50.0,113.58105668428578
109.87,105.27202887266029
104.72,87.46818557539312
198.9,131.62870487051535
130.5,149.82923779609806
94.5,97.76573174726387
80.0,106.3027515500909
115.2,113.58095302023929
126.67,105.7091706567187
76.0,107.55333505095714
52.56,100.28336912695245
115.0,87.07682864199242
90.0,100.12682635359218
68.0,106.3027515500909
134.0,88.74006129237367
154.0,107.00075220098748
144.0,113.5419209909457
149.0,157.84440259896184
73.0,99.05059478674025
197.0,114.41582493377963
72.9,87.52044728617855
35.0,81.66415312967153
138.0,113.90065340770578
44.1,78.7222576243739
172.0,105.22638200262078
58.0,106.57015591020023
212.58,180.28850802819596
105.3,107.1507494810766
140.0,157.65110002043755
116.1,95.66528796534945
42.0,81.6445852830015
61.19,107.77692057451772
133.0,101.23575178455948
125.0,98.96567424274248
99.0,108.53352110137791
227.1,100.87936093940377
202.0,105.70272882749401
70.0,101.42715698211825
70.5,100.90960956786833
90.0,114.41582493377963
108.0,110.76962492897894
247.0,146.14476729187197
80.09,112.9287029034287
60.0,106.79852824101597
75.0,81.6445852830015
130.0,100.58339800370241
106.25,88.06834699293952
139.0,99.44839354936563
47.0,101.64474486709298
104.49,98.89415567742645
102.8,97.4002808257114
43.4,98.60043064928297
59.9,87.5073212687332
93.0,100.72047659443913
80.0,89.87089614161535
79.2,80.70532864283983
85.0,100.17247322363167
29.0,106.92248081430733
125.85,143.69899378621056
106.0,138.78850176313637
220.0,180.05138661312293
128.7,129.38904825435282
97.0,144.59243054481146
71.0,80.64710432437158
2.0,100.58350166774889
219.0,145.60596197807945
134.0,106.48778426589976
114.75,138.16446491320664
85.0,106.30912474617213
45.0,100.45958341102926
74.8,100.64210154371253
223.75,106.15261628938359
170.63,106.78529855952414
79.67,107.75735272784769
174.0,176.84347026186305
103.2,106.48499372153776
170.33,145.8079442933863
80.1,95.89352231554699
144.0,98.52880841992047
179.0,111.31769764726116
72.0,81.24244390375979
97.33,100.24430278108714
59.5,97.85685247582165
109.0,82.24464303650143
122.4,116.2867201988242
129.0,124.19144604388109
90.0,87.88562153216328
100.3,101.42488475798868
35.0,107.41818815775764
46.36,76.61123743904275
158.86,101.33359101790967
46.0,100.32260848433901
100.3,96.53285374300519
187.2,99.32464830416723
135.56,113.07856220289963
135.0,100.02254529101732
48.0,106.88334512096728
99.0,113.47559943565682
68.4,97.73289990253028
126.0,99.03102694007022
89.25,105.28518920667736
130.5,111.56553416070045
134.1,106.41371680088643
90.0,92.5891051280084
123.0,81.66415312967153
104.52,118.36883654411929
42.0,81.62501743633146
160.0,106.80507373428713
62.48,98.05239296190379
98.0,106.32231939676093
45.6,107.00715971364043
52.0,97.40024650913969
128.0,107.41808449371116
67.0,106.9616165076474
62.0,100.09430550099802
121.13,109.11286913872542
201.6,111.14131106599444
110.0,81.12259158808875
37.8,85.63111524344245
111.0,100.45958341102926
48.0,93.8391057432863
191.6,101.31391950719313
79.2,100.23779160438771
79.0,99.76158276013267
152.1,150.28574009873353
158.0,176.92153432045023
83.3,106.63537062690978
184.99,131.9263228281862
69.0,81.62501743633146
89.59,100.61591885629656
135.9,105.76125935598287
52.4,99.85287650021169
127.6,107.41818815775764
117.04,105.57860324268141
190.0,107.43775600442768
75.0,101.3988057346192
72.25,97.94163503920123
99.95,98.26777725589238
98.1,78.2965518048883
139.8,98.00698773652897
121.5,103.50444581222942
123.0,82.01871594133651
109.8,113.97237930111476
106.2,100.64671533944644
140.4,103.28895785419435
98.1,97.87652398653816
66.49,104.80911905737184
109.0,106.4591906594047
0.0,89.01645638140498
67.5,96.0568179102714
150.0,105.70927432076518
33.26,107.30963382604122
130.5,172.29931858465517
65.4,100.08124883102744
154.7,125.51375543815631
145.98,107.28762074372037
106.0,113.24178845014926
42.0,138.78850176313637
201.0,177.11742011524353
99.2,81.86451473958057
69.5,125.73327502066827
289.0,132.27199857497567
63.55,106.95496735032977
59.5,97.83738829319809
74.8,106.07434490270344
96.3,96.49382171371161
145.8,119.95241870282017
130.0,116.63516014616015
199.4,113.18305059356743
104.0,95.33820925289773
68.0,88.6836993239679
116.0,81.50761035631126
78.42,100.37459351955671
183.6,95.14325198110878
60.8,101.65318774132966
95.0,98.21579222067467
42.69,98.39820668931146
37.8,110.77610178910666
108.8,151.40761853562498
83.25,105.9636220109039
187.33,113.48311378688912
109.0,88.80537967312969
75.0,94.38348502368635
122.33,99.82018263609629
100.3,106.72659501951404
100.0,99.526837947567
86.4,99.87885185953468
94.35,99.48763290675218
60.0,106.16577662340066
99.0,112.45242542603023
87.0,107.45722018705123
79.0,104.67851661243152
80.0,100.17891505285635
137.0,107.33991677107751
106.0,88.10748268627958
88.0,106.12664093006057
110.7,99.57203584484887
176.0,101.05302632378326
98.21,81.54002754485893
70.0,102.5129968087571
220.0,82.97089127085057
98.1,112.65482239752298
54.9,88.14661837961967
50.0,88.2248897662998
42.0,112.58288917602104
75.6,81.94044455465637
157.5,79.83772854861238
150.0,94.57038008955769
117.0,98.28093758990946
217.0,113.13099621087497
115.0,100.33563083773788
147.69,115.111686559046
88.0,94.84991526533571
67.5,106.05488072007988
97.75,80.1508834428077
55.11,107.61376296041152
115.55,159.80780210671128
160.0,113.28743532018876
79.2,94.70549266618545
117.0,102.64997173544734
54.0,100.21171258101823
60.0,99.57231180608528
141.0,100.46609458772869
165.6,95.5336803915051
221.0,113.38527455353895
127.0,81.56621023227488
54.0,100.64850905636547
108.0,113.4245139109255
104.5,144.99691349565754
61.6,105.08299956327758
59.0,77.76821994479735
67.0,88.42707940969959
237.5,98.6984428941544
55.8,105.62435377676739
90.0,98.63302084935188
87.0,101.94467007979647
80.75,98.98544941750546
30.0,81.60544958966143
49.0,99.76158276013267
72.0,99.95081939760834
108.0,96.16106465627453
104.23,105.88331526264005
98.87,105.52641087937074
75.0,88.32486324316135
54.0,100.93561924376304
72.75,103.87630424643484
239.0,158.1371667419004
110.0,96.80270333876534
153.0,98.22874522659879
118.5,107.2225096910573
114.29,100.4919662830052
159.3,117.58520123216285
87.0,77.11369760385719
65.0,87.88562153216328
90.1,106.60911930635038
68.0,99.05703661596493
55.44,87.27247279212105
56.0,112.39392921411309
87.0,176.6020412610767
40.0,107.45732385109773
74.8,100.94213042046248
65.0,87.52688911540322
143.5,138.55165224151224
123.28,140.61991569742486
137.7,116.69813695531184
72.0,100.07473765432799
71.82,100.38771953700206
75.0,100.65505454963665
166.5,128.88679541763136
221.0,225.5217388367812
65.75,100.74634828971566
80.0,97.48516705313746
80.0,100.48149282930362
108.0,85.48525325187671
146.0,112.39392921411309
100.0,99.40288537427564
52.2,112.20455459601922
85.0,114.64474511928069
62.0,94.660885955953
81.77,106.13304844271354
144.0,126.61230433032408
90.03,98.46321407792803
140.0,152.1927776380772
116.77,136.10873858342046
100.3,96.65670265225009
107.1,142.43200849626453
123.0,113.03946082613128
76.8,100.10736217096863
73.0,100.18563355764877
98.1,111.48726277402032
85.0,100.38120836030262
58.0,113.18532281769703
115.0,105.70903267610049
0.0,177.4524150802385
102.0,101.21201433279435
81.0,80.51850292444325
157.85,89.07932952651018
295.0,107.28589637427609
108.0,106.4528524942265
95.0,82.27716388909558
144.67,114.14197874444562
114.8,105.18728062585242
68.88,75.04584402201168
141.0,106.64853096092685
108.75,184.9325988656937
80.75,98.63305516592361
163.33,106.26351219270435
65.0,92.50198099302449
63.5,99.60490200615419
161.0,183.80207500859143
115.2,100.7268841070921
94.93,100.86396269782882
107.95,105.42867531006704
103.6,99.36498441396057
73.5,101.3333836898167
150.0,138.79962673556975
293.1,146.44768559491155
67.0,88.48578294970969
172.67,107.17675915697131
68.0,101.3333836898167
93.5,78.74182547104394
65.0,82.43615189810667
30.24,102.5129968087571
60.0,113.02226886763731
99.0,82.17505138660383
79.0,106.87242269450806
96.9,97.69397153728318
99.0,112.35472417329825
112.0,94.5312443962176
27.0,82.14018896240533
29.0,100.4332627429951
61.65,96.97650670376304
89.0,105.748237002584
132.6,100.47250210038163
120.6,111.7286224273319
85.0,98.97225405258536
240.0,185.52218316549204
69.0,81.08345589474868
69.13,107.62668164976391
85.0,99.76158276013267
0.0,81.62501743633146
85.0,98.6854205407555
222.0,182.65642480336317
98.0,87.96206488535267
127.67,150.8987851747293
109.65,157.68903160250886
117.0,116.6717389670467
61.0,82.4011858098617
98.0,100.45958341102926
61.4,95.37190896024845
65.0,88.87948145471474
117.87,101.31636474284397
91.8,98.7831561100592
80.75,97.23722687565169
106.75,99.48098374943454
125.1,107.20924569299373
136.0,106.49832635274477
127.48,107.8617031378973
128.1,104.88966266818156
95.0,81.48804250964122
136.0,88.20532191962977
130.0,132.8720906450473
147.88,94.5899479362277
95.0,78.69869318413001
77.0,100.28998396769838
76.5,116.22822398690705
90.0,101.89988238528656
65.0,87.52688911540322
100.0,100.00531901595163
26.1,101.13791255120931
88.0,81.66415312967153
230.0,107.40502782374057
65.0,96.25239271292526
170.0,99.1092289792756
151.67,100.74655561780861
105.3,104.14191488962514
57.0,98.88988240828488
72.22,99.68320770940605
80.1,97.2047753705323
144.9,114.44017958770483
48.0,107.1309743063136
209.0,127.12665807528937
115.0,106.98118435431743
85.5,100.13333753029161
140.0,131.92222257056585
191.0,99.98995509094841
265.0,177.03243022377097
64.0,100.57688682700297
109.8,99.71600523756793
74.8,104.13712808236998
90.0,96.48720687296569
58.0,106.54407688683075
120.6,118.34827790481944
66.58,95.61306128546707
57.5,81.91433121471518
82.94,100.75930129563977
110.0,81.02475235473858
45.0,94.08762575203149
111.0,102.39727945290457
74.1,112.75259228339839
99.45,103.94144961566963
70.0,99.2723865933818
70.3,87.05064595457647
105.0,100.03549829694143
104.49,98.99833307595483
42.0,80.35541465781182
75.6,96.55882910232819
39.0,87.21380356868266
84.0,100.78569131114868
48.0,97.45488410810117
106.47,102.13563108671642
30.0,80.34869615301942
96.3,99.33760131009134
210.03,176.72595951779635
96.05,99.2201599134994
125.12,81.2921567148479
74.8,107.8159526038113
91.0,107.02032004765752
0.0,88.54448648971979
76.5,86.62900607613948
123.2,106.32231939676093
60.0,82.51859288988192
138.55,124.79625628806446
46.0,113.43092142357845
75.6,81.05744621885398
131.0,138.05136541889974
231.0,106.15933479417598
51.4,72.5064008880952
108.45,99.51360826607518
70.11,99.91802186944648
100.1,99.51829140928386
160.0,112.8830560333892
60.0,100.92266623783892
89.0,112.47213125331847
50.0,107.00075220098748
114.3,112.0872854966172
113.41,99.23962409612297
130.5,97.26340956306764
104.0,100.38782320104855
126.0,79.42670010449515
146.25,98.97883457675955
0.0,81.42933896963112
146.7,125.09818183144861
100.0,81.62501743633146
105.5,114.17673750459764
87.3,106.21783100609312
76.97,175.8191894136571
35.0,82.7082737179964
52.0,113.00687062606237
35.0,81.54674604965132
54.5,77.35495359312227
34.0,100.34217633100904
155.0,99.80719531360046
131.08,136.89693181284244
120.0,81.70979999971104
151.0,106.66138030280449
75.0,98.93969888341948
176.8,125.43975732061776
67.0,81.92504631308142
88.0,107.06596691769701
149.4,112.88946354604215
160.0,106.51145237019011
76.5,79.54410718451537
79.2,103.4067795904005
35.0,80.7704740120746
79.75,81.95746350162909
231.0,177.26090621863318
126.0,81.50761035631126
105.3,99.2072069075753
111.14,98.39820668931146
83.2,105.97881292438589
201.25,101.63306091076558
75.0,106.76593804094706
86.0,87.72907875880301
99.48,105.8981999661014
121.0,81.66415312967153
93.0,101.2746801498066
100.0,99.2723865933818
124.8,99.44195172014095
82.0,99.89845402277643
152.15,103.51095698892887
126.9,105.68949914600218
55.44,107.18327033367075
160.56,99.12211335205627
101.18,156.38346325602686
102.0,107.02032004765752
29.0,82.4947517740703
104.4,99.63118835761662
62.0,100.1397793595163
66.0,79.98131831604854
68.5,82.14659647505829
106.08,99.88539735280584
104.5,101.50532470475193
68.61,95.74373236355083
104.4,135.2139239876982
0.0,72.37576412658315
126.0,98.3592089765896
126.0,99.74208426093739
119.0,112.55043767090164
74.8,106.39411463764468
109.0,114.4549606271197
89.25,98.58747764335885
94.0,80.57479554537426
54.0,106.94204866097738
95.0,81.60544958966143
90.0,111.35021849985532
137.7,115.61539421176047
88.0,107.02032004765752
115.2,137.09894844472097
0.0,106.86377727429723
118.25,142.4488895068862
169.0,145.8710247665844
96.3,97.36131814389257
92.0,107.75735272784769
142.38,177.88686998398137
41.4,113.6723504243648
169.0,107.35531501265245
107.0,100.1334411943381
46.43,99.2983619527048
60.0,106.5594751284057
98.1,112.61547937608995
48.0,112.94165590935282
161.0,151.81213580304274
76.5,103.03499050366983
55.0,88.18575407295972
173.35,112.55746238571467
57.5,99.68968456953377
104.4,98.76369192743564
130.1,99.55942814763591
94.5,118.99362853256018
153.75,94.83034741866567
103.28,114.44851879789502
171.0,113.45038560620202
95.0,88.14661837961967
68.0,99.78104694275623
44.0,81.66415312967153
52.56,108.16152468655429
88.4,106.60264244622266
185.0,153.11574449893374
72.25,105.17422395588184
187.5,117.77667577719637
238.14,120.8590508263412
62.0,100.79220248784813
84.67,101.05964116452918
67.0,112.12642118995727
66.7,81.52717820298129
82.79,111.36968268247887
102.0,82.17505138660383
82.45,109.5109102603468
89.2,99.0241361380879
198.9,136.21856835609066
49.4,99.62460783344243
134.1,109.79774377217664
171.0,118.42000379822842
64.0,99.76158276013267
229.52,151.43359389494793
80.1,102.34990854212565
37.8,110.41106552374012
56.0,100.45958341102926
30.24,95.95226017212883
50.0,82.83208831066958
61.33,105.1546561092118
189.44,151.13190999622847
130.5,97.90260300990764
76.0,88.20532191962977
135.0,97.96123720244299
152.1,122.02602990425314
90.0,113.40494606425545
190.8,182.82368267508969
99.0,111.40892203986542
85.7,102.37598756549512
60.0,88.59002969571281
122.43,107.02032004765752
109.39,105.58511441938084
125.0,81.97947658394996
135.9,112.80485399418382
106.0,158.76657094467603
101.0,96.58511545379062
119.85,105.94388115271263
80.1,97.27002440381355
65.43,100.64850905636547
89.1,95.73067569358024
80.0,98.02879349075687
125.2,100.53764746961643
115.6,125.13073771494581
84.0,118.85938348984469
75.0,98.42435434582438
92.0,106.68094814947452
216.9,189.5344509083788
29.0,99.82025198357105
125.1,136.06202558273037
42.0,100.47060471941613
85.0,100.40087987101914
68.0,114.04413951109545
76.5,104.20906130387192
110.8,108.91715635545336
77.29,96.14790432225746
85.0,81.60534592561496
168.3,105.69604463927334
81.0,107.13762346363123
136.0,112.12631752591079
90.0,81.0900707354946
110.71,99.68331137345253
92.65,126.35048970175913
174.55,112.87633824292811
98.0,99.9375897161165
78.85,106.6483236328339
128.0,106.3027515500909
81.82,103.79159103053004
201.0,81.66415312967153
89.67,104.69815380657631
153.0,106.6092916035403
129.86,171.65123807293966
319.05999999999995,126.65296381415992
201.0,100.21822375771768
103.5,112.85704635749448
77.23,107.69754234925821
54.2,106.03520920936336
99.45,102.96974147038857
48.0,105.44166263256288
123.0,100.57688682700297
128.8,163.29755787872
85.67,99.92470605766715
144.38,95.88049996214812
151.0,103.7196921255998
231.0,100.62263736108898
0.0,107.24207753772734
52.0,80.96615247877496
98.0,88.12694686890315
151.0,106.28308003937438
152.1,144.6056602263033
155.0,100.45958341102926
140.0,99.67686954422786
143.2,171.38475956713222
47.6,141.87897671780433
96.3,99.08973048008032
30.5,100.45958341102926
88.74,99.55281330689
0.0,82.01871594133651
85.0,80.47285605440375
68.0,106.58310891612435
112.2,98.83545213741635
77.44,105.6722728709365
158.0,115.8043198570967
75.0,100.46609458772869
129.0,101.63988942669438
162.0,115.84947442201445
235.0,176.23014851029956
100.1,87.13553218200252
40.0,81.66415312967153
62.86,98.84196331411579
130.5,97.05477809044318
118.8,80.42476394871342
221.0,177.7370457154135
77.2,102.65552007257068
113.88,92.73985525087818
136.8,107.47678803372128
147.25,143.81853510974213
112.0,107.35948461774754
74.0,94.38772397625621
79.0,80.7704740120746
144.0,105.33093974076336
150.3,182.29528146752398
118.15,100.83788367445935
105.5,113.03956449017775
37.0,100.01837568592222
39.0,87.8335328328991
231.0,107.39837866642293
160.0,112.40887848293038
30.0,88.12705053294962
81.0,99.9375897161165
109.0,80.52904501128828
115.0,97.94818053247238
57.33,81.41200903051894
185.0,81.54674604965132
58.36,103.432651285677
111.2,102.66864609001604
69.3,86.90505585645963
105.0,155.60103403754943
24.5,87.77448398417783
107.1,77.59862050146648
106.0,107.37905246441758
226.67,131.82848359483603
90.95,96.93733669385125
165.75,112.92859923938222
30.0,81.62501743633146
70.0,78.0464087507477
68.68,103.908825099029
168.3,131.35241344553052
60.82,105.4741148520136
103.5,97.92861268580235
171.0,117.05018518385121
95.2,86.98773849289954
67.0,107.43765234038119
64.0,139.12349672813133
135.9,112.73963927747428
145.0,83.11193213858944
126.0,105.37007543410343
125.1,96.63069297635536
141.3,124.06098229389028
167.0,119.57461041580697
68.0,101.45089443388338
93.5,82.06202123977167
117.0,103.79162534710176
151.0,145.2709670130845
124.14,175.17813361675462
116.1,97.70041336650785
115.6,118.70690665753301
157.25,100.33545782621664
80.0,95.85452460282512
75.0,100.028987120242
31.45,89.05976167984014
90.0,98.0851211425909
85.05,138.40365600643514
137.71,100.64850905636547
224.0,100.66177305442903
50.6,93.61297132002841
84.6,94.16517861250269
146.67,113.75062181104494
0.0,108.60082705793958
205.0,138.40500678540965
67.5,99.11584382002152
100.5,133.4748225239877
224.1,99.85931832943636
263.33,132.7245042840373
93.0,81.35106758295098
130.2,106.32889992093513
70.0,81.83984909351592
118.32,176.56514347529452
110.5,98.85481265599343
129.48,104.90258135753396
89.0,82.3797899297009
223.0,105.18076944915299
52.4,106.06128823273284
109.0,101.07259417045329
68.6,78.99848041621529
90.95,98.46345572259273
86.0,78.61370329265748
80.3,99.78121995427747
115.67,106.36135142605453
70.0,81.08352524222344
64.0,101.13770522311634
145.0,138.892852173186
103.69,101.17704824454938
91.67,99.37659902281321
55.95,106.57677075094614
110.0,97.92878569732359
99.0,100.44001556435921
86.0,97.89602248573344
90.1,107.95258222179038
42.0,112.58288917602104
184.0,98.87444985013822
75.0,105.76125935598287
180.0,100.23128042768826
112.5,104.22201430979604
99.0,103.08949012201312
43.0,81.6445852830015
75.0,106.70061966019102
65.45,81.32495424300978
90.1,113.7830389995926
86.4,112.91574989750458
79.2,99.87905918762763
103.5,103.20448628295422
148.5,141.83997900508248
112.67,105.03073785249215
85.5,99.13782258577066
0.0,101.34636303955632
39.0,81.26618135552492
72.0,106.7004473630011
59.75,100.79202947632689
35.0,106.75932320020114
120.0,114.56175627282013
172.0,105.7805512414165
115.2,118.5580038341202
114.5,114.06325838500784
62.0,101.22920629128834
123.0,145.2471258972729
179.63,152.25144686151555
126.9,106.2635815401791
68.0,107.62027413711095
65.0,113.58105668428578
67.22,88.1661862262897
83.5,88.44664725636963
57.8,109.10660188599306
0.0,98.24180189656938
75.0,99.62467718091719
185.67,112.92208806268279
110.0,106.41588536096953
97.0,97.93515817907351
77.6,101.2143559043987
72.25,98.59391947258354
86.0,81.99659919496916
145.88,137.838219032469
58.0,113.56148883761574
90.0,98.58551162924991
92.83,98.60697614255413
153.75,96.95018603572888
66.64,107.95292753050154
168.25,99.78111629023098
168.6,108.36274547199292
135.0,156.6838110976725
76.5,104.92656045396379
199.2,118.14605394484794
34.4,82.53816073655194
165.38,96.44142202230798
130.0,98.43103853404506
169.83,106.85051327623367
135.0,194.2620794900585
51.29,100.00511168785866
150.35,110.55017469394176
171.0,145.67117669478898
184.0,105.95059965750502
128.5,106.42656614276407
65.0,80.90744893876486
125.0,175.4539801367693
134.0,105.46140349075415
45.0,81.60544958966143
110.8,112.3220653400859
55.0,99.95733057430778
75.35,92.26168673960409
203.0,184.59781122879173
143.0,97.42656717717384
38.0,94.72692286291796
76.5,100.27671996963483
130.5,104.51560135732132
132.16,101.33359101790967
139.0,100.10736217096863
151.0,105.95053031003027
12.0,100.81414622269422
29.0,106.9616165076474
125.1,111.95675239915164
99.0,101.50604557095846
92.0,103.25002948894726
70.0,98.66168308899037
60.0,80.07729519933623
100.0,110.06525179633245
46.5,105.91146396416497
88.0,177.92845091297227
110.0,87.10934949458657
48.0,107.41818815775764
99.0,102.85870687211828
40.05,100.71393110116799
67.0,99.7181394810793
76.5,99.57903031087767
187.85,176.62157479117502
128.0,100.12906426115003
239.6,100.63565971448784
171.0,106.98118435431743
105.0,106.84227773008996
75.51,100.29632213287657
109.65,105.34389274668746
149.0,100.0965777251276
90.33,106.20480865269425
90.0,81.02726693786417
94.8,99.69857163440926
48.0,107.01594311446945
105.3,110.60674399044046
180.25,81.12910276478819
158.1,99.1158095034498
68.4,97.08691931775444
108.0,112.75910346009783
85.5,84.27208107490627
129.48,145.47966783318373
101.0,106.55069172757668
117.9,81.52717820298129
85.0,107.41818815775764
135.0,104.93940979584141
72.5,100.13974504294457
87.0,107.08543110032056
152.0,109.88486790716055
60.0,88.2248897662998
58.14,97.04161775642609
77.76,100.03560196098792
101.53,110.63926484303462
97.0,80.82917755208472
139.5,135.91202830264126
85.5,94.35492644809433
95.0,81.9600124013264
143.55,99.61155116347183
170.0,100.85307458794134
132.3,112.7524543027802
110.0,82.21846034908548
135.0,107.01604677851594
160.0,107.21596419778615
75.0,100.16606571097873
140.0,94.94868035298778
109.8,115.69978846276963
139.5,93.2267098460247
131.4,104.82837591190244
77.85,99.74814646487918
126.9,99.31159163419663
60.0,80.7964493713976
63.9,100.27647832497013
62.4,80.86176775215363
85.5,103.75231664224044
90.95,103.36092539226803
65.0,100.45958341102926
75.0,100.62263736108898
36.0,80.41170727874282
141.14,172.4602382912035
177.0,119.35936410243659
48.0,88.18575407295972
109.65,106.07431058613172
76.67,100.93551557971657
108.9,100.99331960924027
144.0,80.66619294949976
90.0,104.47632696903173
80.0,80.38562825537335
315.0,155.76394929265962
211.0,111.76114327992605
109.8,95.97851220701953
62.0,99.25281874671177
171.0,119.05278973241546
60.0,81.6206405031434
85.3,97.67416204594845
43.8,112.68744691416362
135.0,163.69460820771155
115.2,98.3003674559613
100.3,99.86582950613581
100.88,83.36865571690423
204.0,99.6116205109466
140.0,106.66789147950392
67.5,114.67916335284035
160.0,98.51561376933168
209.1,191.09333314871043
82.88,103.84361038231947
41.4,101.50949430984701
100.8,98.02011375397433
260.0,219.8284986303339
73.37,106.74616286618406
60.0,94.08046539659787
58.0,100.45958341102926
150.0,99.20724122414703
195.0,119.89396549456228
316.0,177.00001303522333
52.18,98.65913418929307
126.9,99.17444369598515
90.0,108.25439846836946
70.45,113.76347115292256
129.5,100.54426231036234
0.0,100.45303791775808
105.3,99.28551261082715
148.95,132.9439202025028
100.0,88.54448648971979
135.0,107.30078107773744
96.33,107.10327457754633
77.76,99.18105853673106
172.0,142.14644971105713
75.6,145.42127050319425
103.7,142.23774345113614
128.75,100.44652674105865
85.0,100.1397793595163
49.5,101.13119404641691
169.0,111.51337611396151
62.9,108.22614610279807
161.6,114.78985192806816
65.0,88.12705053294962
98.4,101.555244843933
120.0,88.40751156302954
175.0,104.5350998565166
151.2,124.58948716550248
65.0,80.15322501441203
148.91,88.81802168691436
139.0,100.77501052935415
163.33,99.4875292427057
114.43,101.64646923653726
130.9,98.3003674559613
37.8,105.79395322009827
126.0,99.55942814763591
90.95,104.57413188581019
95.0,110.30650778559755
93.43,100.942026756416
39.6,105.6503634526621
85.0,81.99659919496916
115.0,105.03731837666635
200.25,125.50263046572294
124.0,106.58531250711047
32.4,111.63078319398173
71.23,99.17444369598515
88.67,87.13542851795604
134.0,107.28772440776685
202.27,106.68739069303052
85.0,107.43775600442768
192.67,120.10101057836067
170.0,81.67761967370924
108.0,106.57677075094614
95.0,98.92657286597412
69.7,107.20283818034079
88.0,88.2248897662998
87.0,80.65313627952916
56.0,108.3532408762525
155.0,100.77907647040277
71.6,100.67462239630667
78.85,125.88737255837773
104.71,99.34214647268183
75.7,84.30136686379474
112.2,98.4766160566098
90.2,100.15300904100813
161.33,98.20273555070408
115.0,94.78796797453239
62.0,95.28695338534763
130.5,97.04805958565078
143.5,107.53549157373138
144.5,181.2515364366945
32.0,106.70061966019102
128.0,107.00075220098748
87.5,99.1415432181081
50.0,81.62491377228498
60.0,94.2855421262897
103.5,111.7633811874839
94.5,104.4830111572524
88.0,112.13933987930967
111.0,88.52491864304976
41.0,80.92701678543489
56.0,102.89363864379152
175.0,139.14947208745434
135.9,107.74429605787708
85.0,119.1571744590368
141.0,97.67674526221748
90.0,106.83756027030955
95.0,80.51595402474595
75.0,107.21637407185324
32.77,107.91368817311499
71.19,106.68094814947452
65.0,88.10748268627958
62.0,99.59187965275532
146.0,98.36568583671732
60.0,106.2896948801203
170.0,97.6221419798277
65.27,114.12220356968263
90.0,90.89724455456039
0.0,101.78336684299653
89.25,127.09516233189676
0.0,100.28347279099893
129.6,106.06139189677933
158.95,106.76593804094706
96.0,106.19836682346957
142.5,117.98299999478822
153.13,115.24350146098332
110.0,80.64896667443406
72.25,98.67219085926368
137.0,81.89875996161899
100.0,112.18519407744213
104.0,81.97947658394996
76.97,99.33756699351962
99.0,98.25482424996827
12.0,106.28318370342086
162.14,106.6222102928927
123.0,99.5005859126763
75.0,94.15873678327802
67.44,100.96393617469039
105.0,112.74597744265247
169.5,129.43476447186708
115.0,106.40696397952232
130.0,144.65736930028464
37.0,101.14015045876717
82.0,105.57863755925314
80.1,85.11360214576425
114.0,100.1397793595163
72.76,96.24577787217935
41.4,95.64589313020066
40.0,80.94658463210493
159.3,118.3287100581494
102.6,99.22904697837491
100.0,81.82720707973125
171.0,98.78325977410569
116.0,78.45726418334368
122.4,98.26777725589238
112.5,92.28738385838827
8.0,100.44001556435921
157.0,88.20532191962977
59.0,107.46383502779716
114.0,100.9030983911689
144.9,118.5896032415593
48.0,107.02032004765752
108.0,100.10725850692214
116.0,99.76158276013267
37.8,100.85627533507528
77.84,100.73962978492324
72.0,75.30039904024338
96.0,98.13734782247329
71.0,97.29593041566179
111.35,106.86377727429723
96.3,99.55291697093648
104.4,90.44132279751562
125.0,106.60278042684087
192.0,106.68990456182478
99.0,156.60553971099236
126.0,134.6727084691579
75.6,79.61597105854256
87.8,98.77640328869508
145.0,112.06761398590069
59.0,101.95868958934315
131.88,87.93116473815631
27.0,81.5858817429914
55.8,97.08729894303733
134.3,163.78572893626932
90.3,105.9179751408644
75.03,102.97201369451815
108.11,85.36777682438174
29.0,100.40087987101914
100.0,106.64181245613446
144.0,147.88134019397006
135.0,81.05754988290045
60.0,112.8699993634186
70.0,99.95071573356185
42.28,97.83738829319809
140.0,99.76809393683212
93.5,76.41159669534026
135.0,113.24185779762402
85.5,104.33935204234149
135.0,82.04224606500867
86.0,81.25791149280948
145.0,106.47217869623185
76.24,142.04227231252875
88.0,93.95065082534124
159.0,94.70735501624793
62.0,99.4094308675468
178.0,112.61547937608995
54.0,80.96615247877496
65.0,80.86831324542479
135.0,111.1479945398838
140.0,100.78386327765793
179.0,176.1455389584412
50.6,106.3549789443046
91.0,100.2052014043188
96.3,98.09177029990855
31.0,88.20532191962977
104.0,97.00888957573899
94.5,117.85498148044823
84.6,97.30216563112482
184.73,111.87837806275634
137.4,106.49188452352008
108.0,97.90253366243287
85.0,99.33098646934542
105.25,103.79159103053004
159.27,110.97832574907818
57.43,104.25918398902715
137.7,130.4847440038283
104.4,100.39433437774798
130.8,78.78757600512992
46.0,96.92431434045237
105.0,106.04175470263453
94.5,99.85298016425817
163.0,101.58614499112936
49.0,100.44001556435921
130.0,81.66415312967153
89.85,113.09182620096318
131.75,152.42521590994153
107.1,104.34593256651569
200.0,111.62406468918932
62.0,101.30048321193965
95.0,99.4288257026956
68.0,94.75300188628742
73.0,106.70058534361931
57.51,84.31128611572109
292.0,138.0274556699447
156.6,115.08051685839837
39.0,81.31844306631035
86.0,81.40315628221516
48.0,98.79628212750455
71.1,97.72008487722437
115.6,124.77210896223222
111.6,118.77222503828905
80.75,99.91809121692123
76.5,100.08104150293447
189.5,119.97443178514102
86.4,99.18112788420582
118.0,88.29888788383836
163.0,119.98001677883371
116.1,104.65250693653681
88.2,81.66415312967153
86.0,81.6445852830015
78.0,114.46780996899733
74.8,112.65464938600174
217.5,105.39594712937993
131.0,107.8617031378973
94.0,105.70272882749401
146.0,107.07227076630349
79.05,107.47678803372128
139.0,113.4832174509356
178.0,103.51750248220003
177.3,185.59042561781428
89.1,105.7678741967288
65.0,101.34636303955632
192.25,117.6918932138168
81.0,89.02062598650008
105.93,101.74427415331571
75.24,98.8876101841553
101.0,96.74165822715091
143.33,111.84582217925914
160.0,99.83320498949517
38.67,99.90513821099711
106.2,111.32413947648584
88.01,85.6221588310922
273.0,177.11742011524353
150.8,111.69813215420265
108.0,81.61185710231439
163.8,124.20281337531046
66.0,81.52717820298129
89.1,98.00054590730429
53.69,99.259191942793
107.1,99.99646626764785
88.9,107.79624677652308
159.3,119.02671070904599
64.8,104.61967509180322
169.0,101.25338793369228
160.0,106.94204866097738
91.0,106.66138030280449
74.0,100.53764746961643
117.81,120.06990310307134
183.0,113.25305211753215
154.8,179.740608321435
6.0,80.94648096805844
89.0,80.7704740120746
0.0,81.7423208523052
120.0,100.6380356026639
117.9,100.05516980765796
114.0,95.90661330208931
153.75,100.09964049164336
135.9,98.03299741242368
162.88,131.77622188405059
112.0,100.25535840604574
134.1,99.76158276013267
97.54,138.1176745922856
81.0,81.20330821041972
33.94,88.74646880502662
35.0,82.15975680907536
146.93,136.98150704812906
141.3,130.7261386880429
167.68,110.70902472233465
75.0,100.25074461031181
143.5,105.55255853588366
65.0,82.00331769976157
39.0,82.1793246557454
115.6,126.23532052929677
81.0,101.46618901141184
136.0,100.28571069855678
43.2,79.68338936623823
125.0,81.60534592561496
27.0,81.46847466297119
184.0,98.8550199840864
60.0,80.96856339785406
140.0,99.50720075342221
56.7,97.46132593732585
80.1,99.23332024751649
74.25,102.16318648777556
58.88,145.86440992583852
136.72,107.22230236296434
105.3,106.13322145423479
50.0,99.54633644676228
150.0,106.0547770560334
132.3,99.7029142510256
162.4,144.9820287921962
66.31,106.84400209953424
163.88,144.82324811127808
115.5,91.33513989573076
176.0,184.25864665870165
53.87,100.48545510630576
63.0,82.07731581730013
95.6,99.04384196537613
95.0,100.81414622269422
92.83,144.5989074049392
117.91,105.54597872604077
40.5,112.3938255500666
58.0,106.82464158095716
76.5,99.13530800264508
95.99,106.53102021686016
146.0,114.30503269450534
95.0,81.60544958966143
42.0,81.62501743633146
107.58,113.7243354595825
122.4,111.9307084066852
66.6,109.37386598618178
75.0,77.55063205982263
73.6,80.37901341462742
185.57,114.06350002967253
126.0,98.28744876660889
166.45,129.60436391519798
88.4,100.19204107030171
137.0,119.25501369238697
150.0,145.58198288164962
65.0,81.62501743633146
96.9,112.72627161536423
190.0,107.44712229084504
160.0,112.4456726046661
108.8,107.37894880037109
100.66,105.17653121091445
100.3,113.5548396802981
75.0,100.99015317867804
113.67,112.48515360671735
131.0,82.45571974477672
50.85,99.80729897764694
150.0,124.76542477401154
84.0,107.00075220098748
84.32,100.61591885629656
102.6,107.07237443034998
75.0,80.94665397957968
61.93,126.04483677689306
174.0,113.4832174509356
80.5,100.42685523034214
122.0,151.15964404156745
213.1,143.9727706280698
154.67,98.9463137241654
62.37,101.93995262001606
98.0,113.5419209909457
100.8,100.1984828995264
74.8,99.54630213019055
108.0,105.51342284254358
160.0,100.7855876471022
136.0,87.42894621800656
99.0,100.45958341102926
182.4,180.88219258561463
98.1,139.62237050214384
224.0,176.2693878676861
73.0,100.28336912695245
88.4,106.81158491098657
94.52,100.44214980787059
57.8,98.3590709959714
72.25,105.59827475339792
102.99,114.20047495636277
110.0,81.66415312967153
138.5,107.53549157373138
66.4,100.62263736108898
198.0,117.20679730468626
90.0,88.46204549794456
42.0,81.40977112296108
84.0,100.11614557179763
221.4,181.50612577149792
119.9,111.50021577994443
90.95,103.82400821907771
82.45,106.92244649773562
157.25,195.15589658827366
75.0,100.42044771768917
31.05,83.99041556058556
133.0,100.45958341102926
148.28,141.7794131150099
112.0,106.56188604748479
48.0,99.38979367340201
142.2,118.53089970154919
95.4,113.08531502426374
55.0,97.64815165572242
105.3,97.45247318902207
87.0,81.99914809466647
163.6,98.67226020673843
79.0,113.30049199015937
39.04,100.0221306348314
189.0,104.78958552727354
106.0,99.14836467261567
95.0,81.04910700866378
47.46,93.40186029518141
142.2,131.489319024746
110.0,151.87083934305286
134.0,100.43987758374101
90.95,103.48494731303416
48.0,81.66415312967153
67.0,81.54674604965132
121.14,118.59572610588832
42.0,80.96615247877496
84.0,100.3616405136326
48.0,99.31810281089606
126.0,119.24818355079186
201.0,176.81735692192183
244.0,138.48744777718488
115.0,100.86940135252064
319.05999999999995,135.92629777096818
75.6,98.3003674559613
0.0,100.08779432429859
149.0,106.96812768434685
79.54,107.67887401307458
99.5,117.17010684699702
46.83,103.021760822178
116.27,114.29852151780591
123.5,99.12218269953104
70.0,98.14382468260101
70.55,117.487043033917
29.0,100.45958341102926
68.0,106.84420942762719
105.3,98.67229452331014
80.0,81.6445852830015
145.0,105.51338852597186
139.5,104.40690833065537
80.0,98.80916578595392
75.0,100.2639049443289
169.48,99.78773113097691
99.0,99.77460511353155
80.1,96.39580946884018
158.0,99.70287922012255
78.0,81.1487742755047
133.0,107.65276067313339
44.5,96.07218183527462
158.38,183.09742520037722
127.5,105.93747364005966
99.79,106.17886832427429
159.33,100.62243003299601
74.8,84.04443595738698
270.0,123.92400736720003
112.5,103.6415937504409
79.2,112.24382826997748
67.0,81.42933896963112
145.0,106.8374909228348
140.0,80.99223150214443
210.0,138.0762383487902
148.5,148.02248472575542
155.0,114.71078469494812
80.0,80.37501682105358
54.0,99.1614563734893
44.0,75.39823827359355
70.55,108.71496671205355
107.1,95.61309560203878
70.69,107.86821431459673
137.5,111.18061905652443
97.0,99.76158276013267
231.0,182.90846523846926
98.0,81.14884362297947
97.0,101.3333836898167
126.0,102.61752023032794
64.0,99.92463671019239
157.5,104.97186201529212
97.0,107.02021638361103
75.0,100.9616982671325
88.0,100.05516980765796
51.28,88.07475450559248
235.0,174.7299354934063
48.0,106.19847048751605
150.83,88.8728322973971
55.0,82.1122819055451
90.0,107.79231881609266
125.0,189.56697176097293
95.0,78.69869318413001
110.0,107.35531501265245
88.4,107.0853274362741
169.0,106.15271995343005
30.0,87.96389291884343
92.0,181.4081135266265
172.0,113.07218900681838
152.1,130.80909321793172
151.2,124.32859398209257
99.0,113.07218900681838
37.4,110.42388054904603
80.1,106.6419854676557
103.5,112.65475305004821
99.51,115.08336962811867
188.0,103.46120986126903
137.75,149.39213032861136
91.0,76.32447256035636
99.0,173.82206295983457
128.0,100.02798394570914
97.92,105.93061715464907
65.0,97.47221404721336
125.0,80.12042748625015
80.0,100.2052014043188
198.0,175.31063272832915
48.0,80.39207008459803
168.3,187.91724703262236
210.0,101.15748039787934
127.8,109.9803998854781
91.8,107.06586325365053
74.8,114.71595747457607
52.2,83.78843324527874
192.0,104.84157056249124
160.83,177.83488494876366
35.0,100.00277011625433
47.0,82.4947517740703
107.03,100.44001556435921
83.5,143.13895885463404
117.0,86.42454420861011
234.0,125.09818183144861
129.6,106.23333291171454
136.0,80.67900797480567
74.93,100.00277011625433
85.0,82.08158908644171
86.0,106.19185564677012
87.0,100.49861544032284
30.0,78.48344687075962
198.31,146.1056315985319
72.63,107.93301437512034
87.3,112.00474084079549
59.0,72.5064008880952
65.0,80.47685264797761
63.46,100.99418480315495
235.0,174.12333224663524
96.3,98.05270395404324
30.24,100.51153412967523
93.6,106.51613551339881
37.0,97.43941651905148
95.0,88.06834699293952
159.3,117.58513188468808
110.0,99.83992349428758
99.45,105.14177245076243
132.3,100.53833401925125
91.8,98.82218813935279
41.4,80.7704740120746
93.0,100.44001556435921
274.6,138.7887736565853
117.0,98.75063525746506
126.0,98.63315882997009
27.0,80.88788109209482
80.0,96.99597088638659
59.4,101.18355942124882
199.0,98.75053159341857
109.0,100.1334411943381
88.0,107.50297072113722
104.0,112.51126694665854
162.86,104.00011883910801
107.95,119.64516012316183
195.5,124.7914694808093
171.25,135.55539581282085
83.16,98.22867587912404
132.0,99.76158276013267
80.75,111.7936641325202
130.5,110.52847260376033
235.0,94.3093832421013
219.0,107.45732385109773
99.15,143.73795646802938
105.3,98.04612342986903
99.45,106.6549384735798
0.0,79.7464698394364
61.68,107.97149220263871
48.75,95.99111990423248
85.46,120.67897792930876
65.0,80.61861438192301
73.0,100.45958341102926
75.0,106.19847048751605
42.0,82.97516453999215
171.9,104.9134001199467
105.8,174.3385785600056
96.3,98.21579222067467
150.3,137.7696639787691
158.0,138.78850176313637
76.5,99.09627597335148
88.75,106.90942414433674
75.0,108.21392437795792
70.0,96.48069569626625
0.0,170.44907234753674
75.54,106.17890264084602
114.3,106.01581437421457
80.14,80.67900797480567
62.32,119.52202974012587
130.13,100.36174417767907
131.4,99.47457623678159
95.0,98.14385899917274
137.7,118.77883987903496
37.8,98.49201429818474
35.0,81.66415312967153
19.09,105.89753536378973
92.0,110.26103392707928
44.5,96.44376359391231
80.66,97.08950253402347
93.25,143.87737663037046
189.0,173.31698459211518
110.7,99.10264916943272
126.0,105.34399641073395
90.0,105.58532174747381
171.0,107.28985865127822
180.0,132.17408999415073
82.88,108.27262791796802
71.1,107.03334240105639
192.33,100.5117414577682
139.0,100.45958341102926
201.0,177.4761525320036
105.3,100.53130930443822
85.5,105.00465882912268
73.0,88.03572247629889
48.88,103.8172897142853
95.0,110.78881315036608
242.33,106.86367361025074
162.0,115.81086535036786
103.05,112.31131521081662
179.0,100.45958341102926
39.6,119.35236094932024
105.0,130.55646989723726
130.0,86.78982211864133
54.75,118.41993445075366
95.0,81.65343803130528
192.0,105.74820268601229
80.0,94.44635816879155
128.7,161.00709470912437
87.99,135.69023649599973
317.67,175.75631626855193
170.0,81.60779116126577
110.0,95.15659329940331
105.3,98.89415567742645
80.79,108.79475481138016
53.2,89.38169997486447
120.0,79.08099004113396
143.0,88.2248897662998
35.0,81.9013088613163
83.0,105.02429602326747
45.0,99.76158276013267
67.0,87.44861772872308
118.15,113.72454278767546
61.5,95.76794903685783
82.45,108.66377752327577
129.3,106.35487528025811
54.0,103.2762121763632
126.9,107.78235922920953
75.0,99.74208426093739
110.67,113.54181732689922
155.0,111.76114327992605
153.0,99.54640579423705
149.6,173.92114260323544
75.0,99.78773113097691
78.0,105.1286807498888
65.06,106.25045552273374
35.0,81.6445852830015
75.0,99.21364873679997
60.15,98.3589673319249
124.35,99.91388729525441
152.0,132.51997306903317
85.0,80.97914051560211
88.4,95.26531586052215
79.2,137.072973085398
48.6,100.44001556435921
180.0,139.14306457480137
94.5,105.20702148404371
100.8,104.13058258909882
250.0,176.39340978845223
110.7,95.67848333026957
85.0,103.2899267121555
109.0,106.24411735755555
73.0,96.21549492714306
159.3,131.46330934885128
109.8,114.5192064858681
130.5,105.60468226605087
126.0,100.13323386624513
189.0,107.53366354024061
90.0,99.02458511084555
158.0,120.20700803762358
66.15,96.63293088391322
228.0,158.28271615992753
126.9,104.39812492982635
89.1,123.10018382019341
85.33,82.24464303650143
94.71,100.28347279099893
106.54,145.2980368290838
136.0,113.62008871357936
88.5,96.3306640996054
75.0,104.90699260729374
121.8,107.13118163440657
140.0,99.87905918762763
68.0,101.95952046668609
121.37,99.10264916943272
153.39,111.12170818842137
102.6,80.95971064955029
181.0,190.0692939451692
60.0,106.81148124694008
165.0,120.14179332091403
74.8,120.41553584620156
90.9,99.4224875375174
58.0,111.55251180730158
75.9,106.204878000169
125.1,98.4179125165997
61.2,88.10748268627958
108.0,111.11550800386138
48.0,106.00279202081569
48.6,84.18778408015847
87.5,80.77288493115371
29.0,100.70731626042206
114.0,98.80265460925449
83.09,114.18080344564626
125.8,95.26166223566186
101.0,138.42549607723475
65.45,86.23548058265567
102.6,94.08118392280682
168.3,119.11800444912501
164.25,149.8509398862795
156.0,99.91168370426827
66.0,81.66415312967153
93.6,117.1524922595609
109.8,81.08359458969821
50.17,112.71982978613956
61.8,80.62919149967107
73.95,106.15912746608302
98.0,100.11614557179763
54.0,113.21805099838413
156.0,100.42044771768917
125.8,106.98993343857474
188.88,178.44516816421054
58.0,112.62867402667874
166.0,100.42044771768917
78.4,100.32260848433901
83.16,106.32231939676093
112.25,107.84213529122727
116.5,101.00093762451907
135.0,97.86990914579223
110.0,101.05964116452918
75.0,99.8976238597648
78.3,99.67676588018136
60.0,92.04192394745635
47.8,98.28734510256241
76.9,81.03787837218394
110.0,103.41318710305345
178.46,80.20937965472483
212.0,101.31378152657494
79.5,81.78145654564527
97.2,105.18728062585242
106.33,106.16801453095852
119.7,82.64240748255509
126.9,107.51409569357058
135.0,113.25491446759463
220.0,175.31063272832915
139.5,94.19859100282702
91.0,100.44001556435921
155.54,136.47787510640734
105.0,113.40494606425545
122.4,98.31245526797073
185.67,100.47904759365281
82.4,99.39627053352973
88.0,80.94658463210493
159.0,81.99914809466647
75.0,81.0313671954845
65.0,107.02958267002839
39.4,110.22820208234569
31.0,104.47519183226572
148.0,150.796776336284
264.0,117.65930301374789
58.0,99.76158276013267
162.9,181.388684374906
72.25,106.04843889085521
89.75,99.78345786183533
315.0,157.68817879049723
172.8,134.4444054858169
115.0,99.18112788420582
71.1,106.26185717073483
68.0,78.25273296833954
99.45,97.91555601583175
58.0,81.52717820298129
134.0,107.27693996192582
140.0,100.57044499777831
100.0,95.38489628274428
161.6,118.17437087577525
96.49,170.432238928907
171.14,177.82065209273895
103.5,99.89208154102651
75.0,100.45958341102926
107.1,152.9861722866731
169.0,119.59389361415306
71.0,81.49455368634065
57.6,106.15261628938359
135.8,101.4575092746293
66.0,100.96159460308604
89.0,99.76158276013267
84.15,106.80507373428713
138.8,111.67022509734241
105.3,103.45879894218993
204.1,151.42942428985288
166.25,118.82245138749076
124.0,107.37905246441758
58.95,103.36092539226803
95.4,108.64995932343697
98.0,81.62501743633146
71.33,99.01800458667134
105.0,106.09401641341995
132.3,113.69771092152533
119.0,115.36048591206139
0.0,87.53326231148445
159.0,100.74004444110918
63.36,100.5465002179202
88.4,113.60703204360877
128.0,152.56456672480783
156.61,150.09657280873262
40.0,81.66415312967153
12.0,107.43775600442768
112.67,107.46383502779716
109.8,95.5005446767485
89.1,97.29161485719229
110.7,97.01546938558187
77.5,82.01871594133651
113.4,97.55038176984701
71.0,99.74201491346264
85.5,106.52457838763547
45.0,81.64692685460585
163.0,177.2411310438702
96.3,109.55641843543678
79.2,100.07463399028151
91.8,100.1984828995264
259.0,174.58011122483845
62.1,98.49604592266164
118.0,132.46126952902307
106.0,76.43943440472574
60.0,106.92248081430733
87.0,80.10523657276818
17.5,138.62124389140985
82.45,99.13537735011982
37.0,106.70061966019102
47.5,137.37289829810146
142.0,88.5403168846247
117.0,99.54640579423705
90.0,104.8287212206136
130.9,107.89432765453793
126.9,99.31141862267539
134.3,124.49154426810581
125.4,87.14848518792664
82.0,105.9028831093101
36.0,84.16149772869602
65.0,126.91619856917414
160.0,81.6445852830015
117.0,90.42833476068847
183.57,177.5607277672902
35.0,81.66415312967153
143.1,137.60788546966313
70.03,99.45080446844473
95.0,88.06834699293952
83.0,81.1055383245443
55.69,107.93325601978503
135.0,101.3266915288398
162.0,177.88941888367867
210.0,153.87875253844692
80.1,104.48945298647709
99.0,93.91086595326699
198.5,108.253060071298
130.5,98.62006784342776
71.6,99.8137408068716
120.0,106.56364473350078
91.94,104.07187904908872
69.53,106.6508725325312
266.0,111.36317150577943
60.6,97.77224292396332
69.29,107.44405985303416
69.5,105.65708195745451
99.0,96.23926669547991
78.5,107.34632428373047
106.0,77.2612839648672
115.0,117.27194267392105
230.0,120.08988560592731
80.81,100.69232789291422
76.5,96.35033561032192
129.0,106.16567295935417
103.33,113.56138517356925
85.0,88.22478610225332
139.0,106.32231939676093
130.0,81.9641820064215
48.0,100.45958341102926
131.0,99.6637435267825
87.31,100.53344354794962
50.0,99.32698987577157
105.0,81.50761035631126
103.7,109.1258914921243
126.9,106.17235714757486
119.0,81.80336596391965
157.33,106.04823156276225
107.46,106.6222102928927
57.0,81.39020327629105
70.2,106.66134598623276
70.03,88.412021694717
80.75,79.89639777205076
47.0,88.60553160133423
85.33,97.25269446470139
55.6,113.15046039349852
119.25,100.00948862104673
48.0,107.02032004765752
127.67,107.00064853694099
158.0,144.997017159704
81.0,81.37063542962102
126.0,163.06833345022397
194.0,107.26154172035089
212.0,117.44783799310217
152.55,137.17088166622295
105.0,101.35550043618403
68.0,101.2315821794644
117.9,100.33563083773788
176.0,99.76158276013267
84.33,139.91923294833163
65.0,81.06388804807865
90.1,107.77692057451772
218.0,99.83306700887697
65.0,78.64643147334459
95.0,88.06834699293952
44.0,106.98118435431743
77.78,108.05738160459765
67.3,99.64414136354074
80.0,100.9030983911689
151.0,102.80661817285409
43.0,81.40315628221516
151.0,107.67491173607245
72.0,104.83512873326656
121.5,89.51633332995038
79.2,99.62467718091719
55.0,82.64251114660156
75.0,100.64423578722389
107.1,88.33158174795375
198.44,175.2191316601572
85.96,145.86533137099357
175.0,88.55988473129473
36.0,83.4254275593771
144.13,137.9129427540658
55.3,106.1852064894525
208.5,101.14442372790876
140.4,99.70294856759733
61.56,99.96384175100721
48.0,81.56631389632136
100.62,100.04845130286556
212.4,188.71893951341553
96.0,80.82273572286003
281.0,175.8583594235689
88.4,113.08510769617078
0.0,99.2076167816424
105.0,81.53368937968074
66.0,100.44001556435921
107.0,100.4332627429951
97.2,104.7763558457817
124.0,99.16807121423523
59.0,81.98374985309152
37.4,102.08377924999809
0.0,99.70287922012255
130.0,120.14830449761348
123.5,98.78956362271217
190.93,158.65333346975092
78.0,137.53697735736273
139.0,100.27258468111144
75.0,138.4686977116234
105.83,111.10878949906899
96.0,105.31771005927152
46.0,106.77854573816
245.0,177.00001303522333
145.8,118.51794669562508
171.0,125.70482010912274
159.3,122.03261042842733
108.0,111.7155657573613
100.0,107.23790793263224
195.8,107.25492687960497
170.0,113.51580765100451
184.95,138.95606584488354
242.5,159.8983422896783
114.0,113.98543597108535
6.0,81.66415312967153
75.0,99.97679475693133
72.0,100.23779160438771
85.5,99.19401154265518
96.0,95.22835350938401
70.44,110.3717225023071
89.25,80.77512283871157
96.3,108.8324081086455
107.1,113.11170025765384
58.0,88.36165736489708
112.2,81.81415040976066
70.0,81.75771909388013
73.33,102.19340008533709
100.0,80.77054335954936
147.73,81.70318515896513
86.0,83.78447096827661
29.0,112.9090313927122
81.82,110.89991638177983
63.0,81.6445852830015
150.0,81.85128505808873
93.67,107.92030301386092
101.0,81.66415312967153
108.45,100.30300632109726
230.0,99.93776272763775
95.0,82.87315570154688
99.9,78.20064426907535
99.0,97.34391885730565
78.69,101.56819784985711
43.2,127.89613428784271
67.0,107.37488285932248
161.56,97.6611740091213
99.2,107.75735272784769
104.0,99.75727517441938
244.72,126.33078387447088
77.22,109.90839803083273
176.0,107.85519196119785
64.6,99.96353075886778
132.0,84.27925011742741
75.0,100.45958341102926
37.0,101.55117890288439
64.8,106.55720290427611
83.61,125.86790837575418
49.0,81.23996435153724
106.2,105.83970375418426
104.0,114.37475754290233
130.0,138.16884184639468
99.45,104.48934932243061
45.0,89.45346018484518
77.0,81.67066430637098
67.5,99.7484224261156
79.33,113.69836010025949
43.0,100.44001556435921
79.2,97.81130926982863
95.2,111.35659169593654
119.25,99.41573471615328
130.0,99.74208426093739
135.9,113.76602005261987
100.0,119.22238917574634
70.0,88.30550272458427
112.67,99.06922880635219
148.8,130.34125790043862
88.67,88.3813288756136
129.0,101.00724147312555
43.2,107.00075220098748
197.0,105.1743276199283
59.0,82.27716388909558
145.88,115.84348986700849
111.31,111.89811820661629
196.5,106.77234555360002
87.0,101.57491635464952
225.0,174.56698520739306
44.0,99.88536303623411
138.6,112.75255796682666
102.6,80.61393123871433
60.0,82.07976105295096
275.0,99.3767370034314
96.3,105.35043823995863
119.7,138.99619940870275
144.5,112.16552256672563
130.0,82.40352738146605
85.78,114.50766652854395
288.0,113.69425984263917
92.4,82.06191757572519
114.3,118.17216728478913
153.79,149.13130649267623
98.1,98.7962127800298
97.0,106.98118435431743
120.0,100.76601980043216
40.0,81.54674604965132
75.0,81.17729853452501
90.95,97.10032129643619
123.0,99.33115948086666
51.4,108.7487674147483
130.4,81.06388804807865
40.0,106.3027515500909
99.0,100.12682635359218
151.06,123.04993112717618
63.0,101.2730594444088
72.25,105.01134301734336
67.0,80.78993819469815
73.95,95.95456742716144
56.7,97.81120560578213
125.0,105.09591825262997
78.85,112.9285649228105
59.07,78.20288217663322
74.8,95.46374821501516
75.0,92.45623045893849
73.42,81.8857032916484
84.8,96.42188849220966
111.0,106.7526740428835
85.5,103.39351559233694
75.0,88.06834699293952
94.5,106.2595155991305
79.2,104.09158487637696
68.6,80.38524863009046
181.0,100.85745152112938
94.35,98.97225405258536
70.95,101.68560492987733
102.0,125.43087025574225
126.0,105.04396753398399
120.6,100.27041612102835
237.0,112.12638687338554
158.0,119.35274926169066
32.0,81.33149973628095
100.0,100.90771218690281
62.0,100.64850905636547
90.95,105.80273662092729
29.0,101.64646923653726
49.0,81.30772796794409
207.9,183.67161125860065
99.0,103.98964538540645
25.0,81.6445852830015
0.0,99.31159163419663
84.9,99.33098646934542
104.4,95.77632256361974
71.42,107.1293536009158
26.0,98.65262301259364
115.2,97.57635712916999
157.0,102.95020794029026
130.05,130.9827586023112
75.0,151.75343226303264
73.0,107.02032004765752
110.8,108.05738160459765
120.0,100.22476925098883
106.67,107.17675915697131
109.8,85.41345801099297
39.0,88.2248897662998
78.56,97.98728190924074
117.9,100.64871638445844
59.2,98.63967000666952
97.0,94.70735501624793
129.2,106.87028845099667
181.0,177.18263483195307
110.25,99.17451304345991
211.0,176.89125137541393
193.43,99.55270964284352
144.0,98.00037289578304
79.2,98.44399153996918
67.5,107.78897406995544
273.0,176.38669128365984
95.09,107.1049989469906
90.95,105.50518801073119
70.71,107.5810347797244
130.0,106.83115275765661
51.76,95.56602894690933
67.5,108.07594627673481
178.5,184.10671768107534
120.0,86.01361942853937
104.25,103.21730130826015
76.5,99.38975935683028
136.73,94.19745782043215
43.0,100.45958341102926
172.8,118.0546222241507
173.25,143.32933894299128
64.8,103.01538834042807
60.0,100.74228234866703
84.6,77.8221366775523
105.0,113.22211693943275
88.0,82.37744835809657
140.0,106.96812768434685
231.0,176.23025217434605
123.0,106.88334512096728
105.0,118.57665023563519
93.75,156.19408863793302
121.0,103.90861777093603
89.1,100.35519868440792
152.0,107.84674908696118
88.0,177.40418499392993
142.0,107.73361527608255
74.8,98.43100421747334
120.6,101.68536328521265
153.0,177.0587165752334
45.0,88.20532191962977
58.0,99.7224470667926
75.0,98.19612070995815
121.5,105.19379180255187
55.0,99.76158276013267
106.0,99.54640579423705
40.95,109.15197051549376
107.0,104.11104905900052
188.0,115.30106117713989
113.05,99.95316096921269
135.0,113.69836010025949
51.5,105.72212366264282
104.1,97.21121719975697
209.0,113.46364960426557
99.45,107.92254092141877
82.44,107.1335232060109
4.0,81.6445852830015
173.2,82.34482384145593
39.0,94.08762575203149
146.5,145.2861579265665
126.67,113.2482996268487
114.0,107.02683122435695
85.67,99.13530800264508
121.5,143.79032184286132
105.0,112.44594856590251
38.68,107.89412032644496
80.0,79.58341588937668
41.94,79.34401746805523
75.0,80.68558778464855
79.5,100.62894120969544
80.0,80.96615247877496
68.5,138.22737237488357
85.75,106.3702041743583
215.0,132.23951203895325
129.3,157.7986863814476
89.1,105.96351834685743
149.0,107.35948461774754
49.0,81.74239019977995
70.0,99.08858932492926
29.11,118.63506912732134
109.0,81.35106758295098
144.0,107.3658921304005
70.0,75.34587289876164
46.4,106.98118435431743
62.58,108.50723474991548
125.1,86.83539964120608
91.0,99.97038724427838
36.0,78.77455365173105
160.0,100.05744203178753
88.0,95.9920800751061
25.64,99.80701432932301
259.0,177.07814644128524
110.5,162.97803050277477
130.0,107.01356722629339
160.0,107.5421064144773
134.0,106.98769553101688
67.5,99.19401154265518
101.0,106.16577662340066
162.0,105.79402256757302
43.0,100.45958341102926
79.2,80.43127512541285
76.8,100.55731898033294
180.33,131.9742419223553
220.0,118.04814536402299
204.0,107.77681691047124
123.25,103.93734935804929
0.0,183.65858890520178
121.0,106.00923385004037
76.0,98.6854205407555
69.0,94.64789863345716
183.6,106.54393890621256
80.75,107.43775600442768
70.0,100.45958341102926
189.0,116.88947280539584
97.02,99.6245735168707
67.0,88.18575407295972
34.0,82.95559669332212
88.4,92.52860553108164
108.4,101.0032791961234
160.0,98.15057750396514
128.74,100.02237227949608
70.4,145.76667435653482
170.0,81.2532283496008
89.1,97.87652398653816
104.05,191.68587655097804
90.95,99.60507501767543
88.0,105.40914177996873
246.0,156.87273674300872
59.07,96.60461395298589
64.37,106.76583437690059
64.0,100.10725850692214
189.0,118.04831837554424
52.56,99.70925241620381
59.4,101.05760580294546
0.0,106.50728276509503
48.0,106.98118435431743
249.0,141.37696552574755
152.1,138.07734077822272
88.8,107.32024526036099
150.0,95.29907355955766
79.2,96.61773997043124
80.47,105.13505394597004
63.2,100.55731898033294
64.76,107.23091346660343
106.0,96.16106465627453
75.5,138.6734019381488
91.8,99.20052271935461
65.0,80.19656462941892
60.2,107.95933504315451
256.75,174.81482172083236
75.0,101.53578066130945
54.75,106.29620605681973
125.1,112.27645278661811
126.9,98.45704820993977
79.0,81.66415312967153
83.0,103.72616898572753
93.6,113.60059021438408
60.0,100.5573883278077
71.0,107.00075220098748
90.0,108.92721960638295
164.0,98.87448416670995
96.0,102.06303999939277
74.4,88.2248897662998
87.8,102.28283147535363
95.2,104.30679687317561
98.69,105.26572502405381
90.0,97.6939021898084
60.0,113.40494606425545
190.0,107.77264730537613
135.27,98.80282762077573
150.0,156.07700052280845
134.0,81.42933896963112
113.05,100.64850905636547
51.25,100.96631206286645
97.54,143.28909411534136
80.1,110.84799997970556
48.0,81.66415312967153
120.0,107.12467045770713
187.25,101.52489255142194
26.0,80.96615247877496
78.0,100.79874798111928
117.0,110.7827509464243
127.58,147.2265411774622
81.0,99.67249261103979
93.6,98.84802551805757
260.0,137.49027106154995
35.0,81.72936784638108
79.2,99.44205538418743
155.33,105.5940708317311
130.5,98.08532847068386
40.54,106.34829475608393
125.0,178.52595976677486
119.5,112.42638071923247
135.0,107.25747577930227
79.2,106.77896039434594
149.4,112.45263275412319
99.0,98.25458260530357
65.0,100.79854065302632
89.0,88.4816133446146
32.5,106.67033671515475
100.37,100.45958341102926
61.88,105.80011908808655
112.33,99.46151956681098
64.0,98.99850608747607
94.5,124.13624787962638
117.0,104.76991401655701
151.8,143.3904877186522
62.0,99.89008049601452
57.93,105.42209478589285
36.0,82.26004127807636
101.0,107.41818815775764
87.0,106.42666980681054
190.8,123.49368775198052
110.7,105.15462179264009
107.0,82.13601935731023
198.3,104.6784822958598
117.0,123.29100613216383
167.95,145.61664275987397
89.0,99.76158276013267
130.0,97.54397425719405
115.0,100.06822647762854
81.75,106.8961944628449
68.4,100.8963798863765
152.0,99.19418455417642
107.29,99.76771431154921
109.2,80.97262933890268
34.02,98.40730108227993
171.0,123.65005751381955
79.74,123.04359296199799
170.0,111.98944626326703
78.0,92.29324585635354
112.0,111.61751919591816
95.4,100.88235435844476
55.0,94.02892221202137
124.1,113.60224757635123
89.1,98.67887504748435
118.0,106.56364473350078
109.08,96.56537459559934
62.45,88.47903012834557
94.0,81.5858817429914
114.0,106.98118435431743
192.0,113.93978910104585
175.5,124.83074315476756
74.8,112.22422610673573
121.0,100.38131202434911
104.0,91.58524863329964
40.5,99.8725480109282
105.0,98.73740557597321
168.0,151.89040718972288
100.0,99.97038724427838
66.0,81.66415312967153
85.0,99.598563840976
128.0,113.58105668428578
161.33,100.45947974698277
70.95,103.53689803168014
81.0,107.2812132310674
60.0,99.77450144948506
89.0,108.07501775373044
173.7,103.72630696634573
72.8,100.45958341102926
60.0,99.16800186676046
79.0,100.36174417767907
94.18,113.90706092035873
80.75,100.19204107030171
124.0,112.90913505675867
105.8,99.38969000935552
109.0,81.6445852830015
192.0,107.02032004765752
85.0,99.84636532351225
98.0,87.2203147453821
165.1,113.78955017629204
81.0,110.65239086047998
50.0,79.16832150421085
70.4,99.1417848627728
62.0,119.5873481208819
71.86,109.27506391325554
115.0,107.30067741369095
67.5,98.7635189159144
65.0,105.16120160248295
80.0,101.36590454241085
140.0,106.11358426009
72.25,99.94427390433718
98.1,146.15138213261787
138.0,106.94204866097738
124.25,101.21842184544731
90.95,104.94578299192264
76.16,105.18728062585242
220.0,125.75704678900513
68.0,81.17492264634895
55.0,81.60544958966143
107.1,104.39168310060168
34.2,78.35043422107151
85.05,138.95806688989552
119.85,111.5524081432551
91.0,107.08553476436705
120.0,80.02269191694646
50.0,100.51818328699287
54.05,87.72263692957833
169.0,100.45958341102926
58.63,107.67887401307458
34.56,99.25247343800059
43.0,81.66415312967153
134.4,100.61650174188492
95.0,80.6400102620838
83.83,116.95671012881408
65.0,104.67868962395276
62.0,95.07181073602374
225.0,82.45571974477672
116.1,97.59413125892101
122.74,107.7987263287456
70.78,106.42012431353939
88.4,106.31567023944329
127.0,113.4832174509356
55.5,107.77275096942262
60.0,81.66415312967153
153.87,101.08389215440789
83.0,111.14789087583733
107.0,103.86986241721017
187.0,118.66136345154
135.28,100.08124883102744
130.5,111.07430263236587
142.0,81.5858817429914
105.3,99.92470605766715
130.0,99.33115948086666
166.5,104.66532196184272
70.0,99.58547214010235
135.6,118.89617761158041
68.53,99.37022582673197
170.0,100.41607078450113
202.0,126.23234904492446
158.66,112.07460438414199
122.4,123.59152698533069
116.95,149.77270281617103
82.59,111.74381334081389
79.86,97.383020234074
65.0,81.66415312967153
45.0,81.21409265626073
128.7,127.6278383900032
96.3,102.10879053347875
132.0,105.38964328077346
161.55,117.13602788733537
319.05999999999995,171.0207981195038
106.4,106.90942414433674
140.0,87.89457794451354
171.0,118.72902340390036
198.9,175.32368939829973
113.0,114.77049140949109
98.1,99.9375897161165
100.0,95.49575786949333
129.0,100.81414622269422
90.1,82.61622479513912
210.4,124.8045604673516
119.0,81.36636216047944
139.5,136.15838204703383
131.0,100.28347279099893
135.0,112.91554256941163
110.8,119.86780915096183
99.0,99.89201219355175
173.67,113.42295777088364
271.0,174.6779504581886
51.0,96.845869942251
141.95,124.98077475142841
206.0,97.48513273656573
117.81,120.23805485252566
91.2,81.3379072489339
185.0,80.92701678543489
209.0,114.3962570871096
158.95,173.22982614055954
103.95,100.88342688045238
128.0,80.90744893876486
135.0,122.68489486180965
118.8,103.85032888711186
126.0,99.08304700619097
63.9,90.39588325556909
104.13,105.36962646134577
92.0,157.54479635115405
165.0,98.24634705915986
152.1,98.2416639159512
124.2,100.21822375771768
88.4,100.85080236381174
269.0,107.7269661187649
79.4,99.0875571378784
129.0,100.45958341102926
72.25,98.3265151124742
105.3,98.44399153996918
129.0,106.51145237019011
130.0,138.48836922233994
34.0,113.09186051753491
251.83,147.0734124977139
67.0,81.5858817429914
75.0,100.06150797283615
201.16,125.81575032901523
138.6,111.4634216582087
133.5,113.24178845014926
156.6,181.88435668745325
68.0,101.71840245803921
139.0,139.16680202656647
157.7,97.1848622151511
90.0,101.1768065998847
117.9,97.90921785065356
97.0,105.66996561590386
79.56,100.28343847442721
144.0,111.84585649583087
116.0,113.30049199015937
160.84,105.60444062138619
12.0,100.68134090109908
140.7,116.7566674838007
72.45,95.41717549067376
128.0,100.9943921312479
153.0,100.54426231036234
58.8,107.83552045048134
127.0,99.85931832943636
155.0,107.45722018705123
94.5,99.83992349428758
95.69,139.70377930686826
130.0,184.9482044353616
89.1,98.89415567742645
150.0,99.64424502758723
61.2,101.15331079278425
124.45,126.1810928044024
42.0,100.7528937829868
12.0,100.42044771768917
115.0,100.68684890326564
75.0,106.64188180360921
117.0,103.84361038231947
64.33,100.63559036701308
98.05,104.75675368253994
152.1,113.55494334434458
116.1,99.09634532082625
98.0,102.49666207142157
93.5,74.60660231101362
110.2,99.1637285976189
94.5,98.47468435907257
95.0,81.7250945772395
0.0,83.38832722762075
236.67,127.03116041354353
37.0,77.2767515539169
125.1,102.84565020214768
92.2,135.13565260101808
117.0,97.85051431064345
95.0,101.3267951928863
213.0,105.51624363568979
171.6,134.38464180570224
82.45,108.33133145797814
223.0,108.40350154202594
47.0,101.18817321698273
164.0,100.8442911871123
135.0,107.13118163440657
12.0,101.25115002613443
118.15,81.78145654564527
192.0,97.0155044164849
43.2,101.64891447218807
175.0,100.45958341102926
244.0,177.34568878201276
108.0,79.24425131928665
98.85,140.90822433425006
74.48,100.74004444110918
67.43,98.51561376933168
120.0,106.5505880635302
65.33,97.25035289309704
65.0,83.28804275861975
85.5,105.55262788335841
128.78,138.67442704735035
118.0,82.2796091247464
77.88,178.25221724148736
80.0,101.31402317123963
127.71,97.26302993778475
129.87,118.74614601491957
76.5,100.31561401831019
45.82,103.35534875695801
117.0,94.47833350669801
55.83,105.2133596492219
61.2,96.50222548925774
119.0,81.60544958966143
107.0,107.70987782431742
48.0,97.91145575821142
71.0,103.48732320121022
60.0,107.02032004765752
63.0,88.48578294970969
96.0,107.12467045770713
29.0,99.59859815754771
205.0,107.02032004765752
161.1,131.8088120841195
164.7,97.1721851704634
99.5,120.05054258449428
70.0,80.96615247877496
165.0,99.88557036432708
133.29,106.54393890621256
187.0,158.06333455803377
80.1,90.11531856144268
88.0,100.81414622269422
48.0,106.9616165076474
88.4,107.80299959788718
230.0,183.63902105853174
83.4,101.96596229591077
123.62,175.26498585828966
125.1,111.4740674091002
101.25,98.96570855931421
93.0,107.32034892440748
80.0,81.66415312967153
190.0,112.94182892087406
42.0,80.84874539875474
0.0,101.34636303955632
112.0,101.31402317123963
60.51,96.87191464904873
75.0,99.99646626764785
95.0,94.8726468738655
62.0,99.1417848627728
58.2,103.021760822178
70.2,82.01871594133651
81.77,104.33297956059158
118.35,96.0176479003596
48.0,106.98118435431743
174.0,179.60794098045804
174.0,107.1051026110371
0.0,77.43322497980242
118.86,85.79175827442307
52.4,100.74645195376213
0.0,99.2723865933818
37.8,105.57219573002845
76.5,112.8830560333892
130.5,116.57389973369652
114.25,107.8808563283814
85.5,100.66799958280454
159.5,100.10064366617623
68.49,100.39412704965503
139.5,135.25957085773769
89.0,100.00952293761844
108.0,119.41767933007625
72.0,99.92470605766715
120.0,95.04651958633795
99.0,99.90513821099711
216.0,174.18031141720104
70.67,107.93325601978503
36.25,78.71574644767446
93.33,104.82861755656711
76.5,98.32007328324951
105.34,104.86733062096505
85.88,100.30283330957602
87.0,89.07932952651018
148.5,137.18390401962182
84.0,100.45958341102926
120.0,87.76821445214307
160.57,113.80911802296208
101.65,114.12892207447504
192.0,96.71537187568846
56.0,177.8875908501879
105.0,112.90913505675867
99.0,102.75442580954342
150.0,94.06805790536146
122.0,104.48945298647709
106.2,106.38098862019932
80.0,87.48775342206315
42.3,88.69448376980891
52.8,100.26380128028242
195.0,98.99196059420491
90.0,111.38752615970463
166.7,129.76324826016258
131.2,139.10668506498442
158.4,127.90178824338369
124.65,106.02032450590201
131.0,107.77020206972531
35.0,81.99914809466647
76.38,100.06147365626444
89.1,81.21409265626073
47.0,80.95306149223264
137.7,117.4612829754432
79.2,113.33969703097421
60.0,80.20307580611836
146.0,98.90025219793996
68.0,76.02186046733736
80.85,105.79398753666999
102.0,113.88098189698925
106.2,98.32227687423567
175.5,116.00003264036877
105.08,103.30883669300383
90.9,84.83947928086252
87.5,98.65258869602192
102.6,94.08118392280682
44.66,108.11587781651478
123.3,99.23321658347001
189.0,137.7239134446831
78.3,106.35501326087632
140.0,105.74837569753353
211.0,98.88740285606234
58.0,112.75899979605134
117.0,101.00083396047259
201.75,107.68559251786698
80.09,85.76626848373185
164.6,101.50959797389349
71.93,99.86579518956408
93.17,135.80095938779925
108.0,105.45489231405472
91.8,112.51774380678626
100.7,98.93311835924528
92.4,96.40893548628554
84.15,99.08969616350859
116.0,100.87701936779942
95.4,88.05745888305202
200.0,118.38748294563428
120.0,103.95450628564024
144.0,100.11614557179763
50.06,106.09387843280174
158.4,98.94624437669064
46.0,93.49994117319626
105.0,113.3071068309053
87.2,105.59830906996964
0.0,127.05709276920727
66.0,101.66837865481163
70.0,105.75474817928344
168.3,100.60958069111837
149.4,123.08927414860922
160.0,118.81370230323347
69.21,100.942026756416
35.0,80.84874539875474
75.33,87.64009227375661
66.0,82.89272354821692
135.0,176.79127789855238
75.0,99.92501226768778
164.0,106.27663821014971
115.8,107.07247809439646
52.0,81.74476608795601
95.0,82.10115693311174
82.2,100.43347007108805
164.25,141.7640491900067
61.0,113.2092332809834
231.6,141.2333414417397
120.0,99.47443825616338
66.53,106.25696669943319
140.0,100.44001556435921
71.33,82.61205519004403
45.55,150.38998684473665
140.0,113.1375073875744
86.55,101.43377182286417
150.0,100.47070838346261
161.0,81.5858817429914
109.0,151.19230287477984
120.0,85.12011332246368
99.0,100.10064366617623
200.0,100.45958341102926
64.25,77.67882358568386
175.0,100.32901599699196
88.0,100.89658721446946
120.35,101.20312726791886
90.0,113.3658103709154
90.0,76.19400881036555
209.7,131.1045426155195
90.9,104.7700176806035
81.0,103.00891148030036
200.0,125.74399011903452
139.2,114.6522964557872
80.0,99.259191942793
90.6,101.45089443388338
103.7,92.15678212777925
219.8,105.02419235922099
79.27,180.8024667559135
126.0,104.13723174641646
169.0,81.46847466297119
95.13,130.43485889555024
81.0,99.44188237266619
65.0,99.76158276013267
53.25,99.15084493916953
44.5,96.07218183527462
124.0,87.59871867285868
122.33,106.00268835676921
90.95,103.85673639976481
315.0,157.21214295776343
75.0,101.9881827063246
106.0,81.38358843554514
144.0,104.0850393831058
41.29,99.22005624945294
70.0,100.45958341102926
155.25,107.53549157373138
90.0,80.41832211948875
46.8,81.79458256309061
139.0,80.90744893876486
44.11,107.58079313505971
77.4,109.77166474880717
89.0,88.4816133446146
50.4,98.86146181331105
161.0,111.6329174374931
36.0,81.1878063047983
115.0,112.87006871089336
95.0,81.53819951136816
145.71,158.28162170325123
317.0,175.22574650090309
126.67,99.94427390433718
98.6,102.11795583889307
49.95,77.81559118428113
135.0,100.86396269782882
174.8,103.3478344057257
142.1,124.9677180814578
38.0,82.89272354821692
145.52,183.2670246437081
128.43,131.3457986047846
58.0,87.48775342206315
43.0,82.4947517740703
135.0,99.76158276013267
137.7,111.57197598992514
48.0,106.32231939676093
153.71,188.8819591469035
90.0,80.63580634041699
164.5,119.76338939343745
104.0,106.80486640619417
96.9,123.13075141355364
95.0,99.10940199079684
130.5,96.98284486894124
135.0,98.78956362271217
112.5,104.71782531729284
54.27,105.931031810835
144.0,157.6816676137978
117.0,97.73947971237317
140.0,106.07444856674991
94.0,100.87677772313474
158.0,119.2615248690864
70.0,81.82059223898534
79.2,110.12405900038904
215.71,107.71800970641465
48.0,113.18969975088507
100.3,112.26336180007578
156.95,177.23472353121724
158.4,122.14994816097278
122.0,108.15105123285272
80.0,105.90484912341904
45.0,81.21409265626073
48.0,106.48537334682065
86.4,81.50761035631126
79.5,106.02218685596449
75.0,99.50950800845484
80.1,99.6832770568808
60.0,105.63751411078448
93.0,101.22885229548963
66.4,108.05972317620198
120.7,104.3588855724398
88.8,106.56350675288259
55.48,107.85474298844021
110.7,106.25042120616203
170.0,88.36837586968949
59.5,100.32901599699196
112.24,143.6464210832857
189.0,118.87647178429218
84.0,131.56993198303047
180.0,105.74176085678761
102.0,104.03753016300381
42.0,101.37730619041193
76.0,80.12042748625015
48.0,81.78145654564527
48.75,100.27671996963483
120.0,100.10736217096863
127.47,137.12513113213691
201.0,106.08750523672052
170.0,81.88163735059979
111.73,106.13952530284126
91.95,108.05444673252754
105.95,98.74859989588134
167.18,109.01499558880352
140.0,107.00075220098748
33.3,99.88539735280584
129.5,105.3891943080158
185.0,81.66415312967153
67.2,106.7137456776364
196.2,143.40402763368502
128.0,80.90744893876486
40.0,88.64232572306997
49.0,107.05097855018919
110.0,100.2508482743583
144.0,98.4766160566098
105.0,99.26573743606416
70.03,103.40657226230753
98.8,105.89833794671961
46.67,100.92266623783892
67.0,91.73883497289313
90.0,81.1878063047983
120.0,95.5030912364482
249.5,100.66166939038256
74.8,107.95761067371024
75.9,111.80679014996556
98.0,98.48323089735572
130.0,88.2248897662998
241.0,120.74185107441396
81.09,99.02441209932431
90.0,124.57625748401063
132.9,137.9469806922784
67.0,106.9029129676373
207.9,189.89969450183833
82.0,99.88512139156943
60.0,107.2812132310674
57.0,101.31402317123963
48.0,107.02032004765752
130.5,111.35917491220557
108.97,102.13563108671642
119.0,100.53130930443822
120.5,107.08553476436705
149.4,107.0291727959613
115.2,102.09573386350816
106.77,106.16567295935417
55.0,106.72680234760699
124.0,113.28743532018876
172.0,81.6445852830015
77.01,104.78283270590941
85.0,101.17050275127822
160.0,100.11614557179763
65.0,88.2248897662998
99.29,82.8901746485196
126.0,100.53110197634527
123.5,101.03962434510149
155.0,104.30672752570086
95.0,82.79488431486675
195.45,139.57620972101878
98.39,112.3480406994089
72.0,99.00494791670074
84.0,80.60983098109399
89.1,98.81578062669983
94.1,95.67827600217662
4.0,75.68920707394676
45.0,81.62501743633146
196.0,176.25629688114378
109.96,108.55288161995499
130.0,106.16574230682893
110.4,98.0722024532385
90.1,79.66147994796385
90.0,83.41216834343236
109.65,109.31991493685513
230.0,119.74185553265846
72.0,109.79130194295196
55.0,100.44001556435921
95.6,98.152815411523
266.96,177.23479287869202
155.0,117.24165972888474
144.0,98.60053431332945
48.0,81.60544958966143
66.0,81.6445852830015
119.0,88.37488704638892
118.8,80.50300101882183
114.0,80.84860741813654
68.0,107.02032004765752
30.0,81.56631389632136
97.2,105.53960552995954
319.05999999999995,176.49114535775593
82.0,78.87228922103475
108.0,106.13955961941298
80.0,80.96615247877496
62.0,86.6070966578651
127.75,106.56354106945432
171.0,113.53117157600772
141.0,139.8213937149814
55.0,106.82464158095716
150.0,88.73833692292939
84.0,77.73335752059886
184.63,99.70925241620381
154.0,136.2361351577487
95.0,81.40977112296108
181.0,114.3374155664813
106.0,112.5504026399986
139.5,87.54652630954801
107.0,82.06181391167871
143.18,126.55929418590483
230.0,126.63105439588553
97.0,113.60059021438408
160.0,106.08750523672052
117.0,105.95042664598378
79.75,82.14008529835885
141.0,89.66422590098102
65.0,82.31874481808647
90.95,103.75889716641464
114.4,98.86938073455674
210.0,176.14543529439473
246.0,105.18073513258128
160.0,139.00608964811113
152.1,116.411061084486
41.0,81.6445852830015
73.8,114.82661173323217
107.0,102.78060849695937
54.0,101.23575178455948
47.0,101.48968481851229
150.45,137.82399058559113
132.0,88.46621510303966
114.3,99.59205266427657
252.0,144.12294091968016
78.0,99.76158276013267
71.28,98.92023470079593
88.4,111.10878949906899
32.24,98.41756720788854
39.0,81.66415312967153
80.0,99.38979367340201
112.42,87.46808191134663
62.37,87.48764975801667
183.0,132.01337761569536
71.0,100.34207266696257
152.1,150.6835388613589
99.3,99.31810281089606
48.0,112.68737756668884
111.2,106.4461339894341
43.8,99.33350105247101
65.0,113.22883544422515
105.3,99.01145909340019
126.9,105.9179751408644
129.0,120.12873665094344
129.0,88.2248897662998
102.43,105.98963168679862
80.1,112.60266435078404
100.05,105.18073513258128
126.0,99.70287922012255
107.2,100.92256257379245
89.1,103.31527852222851
279.0,191.01495809798382
89.0,106.10063125416588
151.2,131.39788730404877
88.4,106.30271723351918
102.0,112.41349706078313
81.0,79.72693630933809
46.0,81.66415312967153
79.0,81.66415312967153
89.1,103.69378611375157
124.0,113.48972862763503
258.0,138.58841204667627
42.0,81.62501743633146
135.9,106.67460998429632
150.0,105.38313210407402
109.38,108.29219576463805
127.8,99.44205538418743
93.08,117.90434029573765
99.45,104.46323598248941
69.36,101.05943383643621
94.17,129.71583595496264
85.0,106.5115560342366
158.0,101.54046380451814
150.0,105.80700989006885
135.0,100.40087987101914
63.0,100.02233796292435
135.0,98.11777997580326
189.67,100.49858112375111
96.13,106.50483752944422
88.0,94.60951578289774
136.0,106.90942414433674
119.0,106.42666980681054
48.0,106.32883057346038
35.0,81.2074778155148
89.0,100.42044771768917
40.95,99.90493088290415
72.25,112.27001095739344
114.04,100.70731626042206
108.0,80.47695631202409
210.0,113.4177954061331
65.0,111.38284301649594
120.0,95.90027513691112
152.4,116.94590412127636
95.0,99.92460239362066
211.0,138.78850176313637
213.0,106.15933479417598
131.75,99.59181101961187
37.0,81.6445852830015
135.9,98.80916578595392
138.0,157.75314317545457
108.0,97.57639144574172
93.08,104.59187169898948
97.0,101.21201433279435
101.34,138.14364995160858
39.0,81.66415312967153
104.17,103.41308343900697
67.22,106.15923113012948
45.35,113.66573558361887
148.0,100.08779432429859
75.0,97.87645463906341
104.0,87.88562153216328
102.85,123.98256495383573
190.0,118.55701304149039
79.0,100.08765634368038
110.0,81.30531704886499
190.0,89.07750149301943
75.0,100.45958341102926
85.59,150.12909366132678
46.0,100.24433709765887
210.0,119.22228551169985
139.5,110.37182616635357
65.0,92.97160931310532
118.15,88.3053990605378
99.9,117.38931543736953
91.0,106.86377727429723
175.5,130.27618187867859
88.4,139.01015558915972
107.0,97.7066828985426
89.1,109.2303798827921
139.0,118.55701304149039
73.0,81.47498583967062
144.0,136.70769517536678
230.0,105.96996017608211
215.0,101.17684091645643
207.0,121.20104894445248
130.0,106.67460998429632
92.0,97.25269446470139
71.53,101.03986598976618
71.1,106.57677075094614
98.1,97.08716096241912
113.39,97.88944267589056
122.57,113.7112787896119
26.1,101.50949430984701
168.63,99.85298016425817
41.76,100.4332627429951
92.0,98.5156480859034
8.0,107.29661147264234
73.0,81.47498583967062
239.78,180.88625852666325
177.81,136.41403949469805
131.0,113.18308491013916
84.0,100.13791700945382
134.7,130.19122630377777
195.0,99.14853768413691
82.28,98.24400548755553
81.0,104.93282998599854
94.5,104.90023978592961
88.76,105.38547367567836
45.0,100.34217633100904
112.95,105.76125935598287
145.0,105.96996017608211
54.99,96.460989868978
47.0,101.53649674539717
35.0,81.97958024799644
126.0,99.52676860009225
41.4,113.6723504243648
151.0,112.95485127427294
90.0,107.7618285429634
66.0,99.56580062938585
33.0,81.78145654564527
37.8,81.4554179930006
92.0,81.6445852830015
118.0,99.91158004022179
0.0,106.63774651508584
90.0,100.53775113366291
115.0,99.96384175100721
80.0,95.52187120943454
144.0,97.10676312566088
40.0,81.62501743633146
234.0,125.35914436233327
140.0,107.27466773779625
90.0,139.23852791997547
71.71,88.21813694493568
208.9,120.43556135271677
52.2,106.70713083689047
166.5,128.1300912267247
121.5,180.14481459671333
149.0,119.6220725644622
57.6,99.49400610283342
48.0,100.66807690303551
115.6,126.32448002586442
155.0,101.09856952977628
50.0,100.34217633100904
107.95,98.84185965006931
58.0,101.26809165287618
40.95,96.460989868978
55.44,99.50709708937575
118.0,110.21528339299329
96.0,82.04245339310164
0.0,106.16577662340066
140.0,107.40492415969409
134.83,107.69193068304517
85.0,106.32221573271445
46.4,98.14396266321921
79.2,110.68491171307413
115.0,104.60686006649729
104.67,176.79778907525179
173.25,144.6773861197123
180.0,107.37488285932248
158.33,138.48843856981472
42.0,81.51266905701533
129.7,80.2030064586436
0.0,100.45958341102926
86.7,95.2804422086482
142.0,100.75940495968625
183.0,99.36343868879612
108.0,99.16807121423523
132.19,141.82027317779426
79.56,94.68686131527599
72.9,107.169244805739
230.0,114.06350002967253
85.0,96.6176706229565
210.0,183.48950299998447
151.0,106.54397322278427
90.1,113.1178358768579
95.0,98.67219085926368
85.0,100.15934720618633
202.5,116.15667907777552
308.57,188.96023053358368
117.0,99.14181917934451
0.0,81.62501743633146
72.0,107.32686010110692
49.01,100.34217633100904
80.0,100.45958341102926
106.2,105.68309163334922
39.0,81.56631389632136
96.3,98.9723234000601
87.3,112.77222947754319
92.0,99.2396584126947
75.0,106.21851755572794
68.5,99.75093700924117
156.25,105.34020236313424
138.0,105.87839047476668
118.1,150.5970669594381
97.2,106.2636852042256
90.0,104.51553200984657
135.0,81.69023215304101
159.0,145.87336633818876
99.9,110.1481026621748
84.0,107.17248588782974
102.6,106.34846776760517
98.0,88.20532191962977
65.0,81.15528545220414
133.0,113.63972590772417
68.0,98.93294606205536
49.0,106.3027515500909
132.0,113.03301899690659
56.0,113.98533230703887
160.0,113.33318585427476
94.25,80.8101582744313
107.99,147.8853367875439
36.0,78.5201716450206
76.5,105.99603919945159
108.0,107.64228721943181
167.17,106.49829203617304
50.85,89.49676548328034
108.0,101.2315821794644
158.0,107.47678803372128
108.8,119.02660704499951
108.9,79.39428291594749
81.55,106.03531287340985
111.0,107.99195955979513
161.0,78.71808801927881
75.0,99.67025470348193
57.8,110.4877528008966
125.8,108.09651729793771
95.0,80.96615247877496
105.0,100.77501052935415
70.0,79.75762912844148
106.93,107.56157059710085
121.0,106.94204866097738
179.0,99.36354235284261
77.5,100.29632213287657
82.0,101.7075143481517
130.0,94.33556592951726
48.0,106.96619598680961
90.0,77.27024037721746
126.0,87.54235670445291
65.0,82.29263147814527
66.0,98.83775939244897
68.0,107.81564161167185
99.45,104.7308476706917
75.0,99.6703240509567
104.14,101.43122292316687
71.7,82.43615189810667
143.86,108.0310952531352
91.25,107.17662117635311
0.0,107.37905246441758
107.1,80.65957810875383
146.5,151.36021297956947
88.4,111.57197598992514
179.1,125.07861398477857
185.0,177.03914872856336
154.0,98.59388515601182
116.0,107.79628109309479
33.0,95.14018921459302
75.92,102.65648291214677
121.5,86.5680646285715
99.45,104.16306912512125
114.8,100.60296585037244
221.2,176.95433184861207
54.6,104.92638744244255
42.0,101.29424799647663
135.52,105.95693782268323
34.0,99.44188237266619
93.75,105.46129982670767
130.5,105.33073241267039
95.0,81.31844306631035
116.1,100.27031245698186
82.0,101.01389063044317
124.0,104.16789024894814
126.0,137.38605863211853
42.11,107.67887401307458
71.0,79.85553770926641
197.1,174.13656192812704
80.0,100.56393382107886
70.0,79.92251111199195
150.45,81.52717820298129
160.0,112.84392034004912
80.1,85.79172395785135
57.23,106.530674908149
134.1,107.50297072113722
99.0,113.56148883761574
70.0,99.97689842097782
99.45,111.83931100255971
147.9,182.8561692111121
109.75,107.51592372706133
77.0,107.00075220098748
35.0,81.47315780617987
233.0,183.56309124345591
97.79,106.96792035625388
80.0,109.04131625683769
122.5,105.89833794671961
89.75,110.88059017977447
54.67,86.62676816858162
96.0,101.4575092746293
95.24,99.76816328430687
71.0,99.76158276013267
79.0,81.52290493383971
4.5,88.1007641814872
69.0,152.64283811148798
59.79,102.12160555878467
118.8,97.39394266053321
95.0,81.8882521913457
79.0,119.84314584489479
84.14,106.86356994620428
124.0,99.10285649752569
85.25,102.61882961488143
73.33,105.08944139250227
220.0,98.03296309585195
105.4,144.01187200483815
71.1,104.31978419567146
130.0,80.84881474622951
63.95,86.83522734401615
54.0,96.63710048900833
80.1,97.83738829319809
68.4,105.58511441938084
79.2,101.88789823732358
119.0,106.3027515500909
65.0,82.08158908644171
147.0,101.72708219482175
174.0,176.49114535775593
158.75,176.3084198969797
195.33,176.9850246677155
68.92,107.24838138633382
120.0,79.98348687613164
112.5,96.97629937567007
70.2,96.50012556231808
71.76,86.32005581794229
136.8,111.46752191582905
95.0,103.66760342633563
88.4,99.9829606249196
169.0,98.90697070273237
109.49,106.17890264084602
96.3,100.25725578701126
62.8,94.81742872931328
50.0,100.40087987101914
112.5,103.26308615891784
121.0,113.93561949595075
61.8,111.77406196927845
85.0,98.45711755741453
151.0,106.93533015618497
90.0,87.31164280203284
107.1,94.72416897512531
79.0,101.21618393788945
63.0,80.63573699294221
115.32,104.90685462667554
108.34,144.21888277206483
89.1,106.68081016885631
143.84,181.45372608009427
100.0,100.44001556435921
69.4,99.37659902281321
100.02,99.15487584931512
53.1,77.61574311248569
75.0,107.46373136375067
198.0,118.34824358824773
72.24,105.565684553329
70.0,81.58811965054926
97.2,104.6002452257514
65.0,82.14680380315124
134.73,92.68439546166127
48.0,100.30283330957602
107.2,101.07900168310624
57.75,105.55917337662957
41.58,102.87183288956362
129.33,105.30468770587264
129.0,89.01645638140498
53.38,99.17451304345991
93.6,105.78744204339884
230.0,125.36568985560443
189.0,192.91865089119023
89.0,99.7224470667926
113.0,113.92673243107524
89.1,97.66771950239246
134.3,114.96944794355636
240.0,138.3267353987295
161.1,109.84349430626263
87.0,100.02237227949608
127.0,158.26562786548004
193.33,100.961801931179
144.0,99.80047680880806
106.5,106.24411735755555
52.85,112.01366293657402
75.0,100.1594508702328
239.0,100.56383015703238
140.0,106.32231939676093
98.0,100.45958341102926
34.0,100.3682553543785
125.0,111.25237926650513
60.0,107.24207753772734
65.83,108.253060071298
105.0,107.08553476436705
87.0,100.0810758195062
116.0,177.11742011524353
128.0,95.1956253286969
40.0,81.85307877500776
76.5,97.98056340444833
35.0,100.29232553930271
62.43,112.90899707614048
149.0,106.22254846587353
96.0,107.00075220098748
69.02,96.14790432225746
144.0,138.56670995649483
118.0,100.49217361109817
96.3,111.33065065318527
90.3,104.85462723246184
50.4,82.13836092891458
77.0,99.37012216268549
25.0,81.66415312967153
100.0,176.96718119048973
104.0,80.73364557376716
110.0,81.11625342291056
88.0,101.41065190196397
126.9,110.1762513636997
58.0,105.81992857942126
89.0,99.67011672286372
72.2,113.28333506256843
95.0,81.6445852830015
196.51,185.91415762975765
92.94,99.73543510361975
134.1,138.36452031309506
83.76,105.82647407269242
79.0,80.58792156281962
220.0,100.89658721446946
83.5,110.73934198394267
115.6,107.91379183716148
94.0,95.21753474697127
64.4,100.40311777857701
160.0,107.30078107773744
38.4,100.38131202434911
65.0,106.98118435431743
197.78,177.65867066468687
160.0,152.65351889328252
46.0,96.98935604564068
109.0,113.77018965771497
150.0,112.54378779925268
83.8,113.2352429568781
93.6,105.93754298753444
89.0,100.45958341102926
117.64,117.08263740330193
119.0,82.19889250241543
149.4,115.0477193302365
43.2,100.62487526864683
105.3,99.47457623678159
95.2,100.75930129563977
123.43,119.09063921213694
133.46,125.08732875246415
179.1,130.61107317962706
113.87,151.41423337637087
248.8,124.71319809412915
79.2,105.79395322009827
112.0,99.91168370426827
51.0,119.67234598511065
67.0,88.20532191962977
134.0,137.04679039798202
48.0,100.1594508702328
175.0,119.46188647899544
155.0,80.79655303544408
92.0,88.82484385575324
109.0,82.45571974477672
99.0,99.23976207674116
218.83,100.97699284466097
73.41,136.56192409297248
60.0,95.91973931953467
170.5,122.6717688443643
212.0,100.1984828995264
80.0,114.12220356968263
118.8,99.10936767422513
70.0,97.99368942189369
72.5,111.40241086316598
80.0,96.7807245730162
55.9,100.85059503571878
95.2,125.9926444135824
42.43,81.8726466216778
49.95,82.08299839595902
38.0,80.96615247877496
65.0,88.64232572306997
125.0,105.16127094995771
96.0,113.54181732689922
66.0,81.62501743633146
92.0,105.74179517335932
105.0,87.03107810790642
76.5,81.6752781021049
112.0,81.9054784664114
98.0,138.99937114331874
125.0,100.40087987101914
124.0,104.16975259901062
112.5,107.5966403493923
65.0,99.96384175100721
111.3,105.10256740994761
213.86,107.22881353966378
105.3,97.98741988985893
172.8,108.07584261268832
200.0,119.25501369238697
170.0,89.54037699173614
68.47,82.66431690082945
62.0,100.46609458772869
53.57,103.49800398300475
89.1,99.12886617342039
80.75,97.90253366243287
99.0,105.37007543410343
60.0,97.59013466534714
79.2,98.81588429074631
146.67,125.18537531390729
217.0,88.6031900297299
98.0,100.44652674105865
84.45,107.0878763359714
75.0,100.71947341990628
123.3,132.4482128590525
65.0,99.7484224261156
121.0,106.52440537611425
94.0,122.83482279442401
72.0,96.47421955046985
65.67,81.84016008565537
132.3,119.96127145112395
71.0,82.2209055847363
129.0,105.96999449265383
45.0,81.15538911625063
192.0,110.7956696357767
154.88,171.01845654789946
63.0,106.58972375687026
27.5,82.47569746551386
70.0,80.71407772709712
161.9,125.257135523888
118.0,101.04892606616292
91.8,113.37211421952188
79.22,106.8960564822267
46.0,96.92431434045237
88.0,113.96586812441532
210.0,151.5233012462009
105.0,100.45958341102926
67.58,96.20230027655425
120.0,106.40710196014051
96.56,104.90233971286928
112.8,99.9312515509383
45.0,81.76850353972115
76.8,97.46363319235847
155.0,98.99196059420491
137.0,112.9677349327223
85.0,98.46996689929216
106.2,98.68524752923427
149.0,80.94648096805844
90.0,138.71236461996762
74.6,107.11619326689873
127.0,107.46383502779716
120.6,105.16113296933952
62.86,107.35090376289267
188.0,118.55701304149039
100.0,101.19234282207783
133.33,106.64842729688036
86.33,101.0032791961234
63.75,79.45277912786463
131.4,112.71335292601185
134.57,140.34180097680098
114.3,104.96131921411579
109.8,106.13315210676002
66.0,100.76612346447865
179.0,106.818096087686
142.0,108.07512141777693
91.0,107.95109949701079
54.4,100.36174417767907
72.9,88.01515145509599
64.8,82.44032150320177
216.0,106.32883057346038
40.0,88.2248897662998
132.3,119.69631232666543
238.57,111.79362981594848
88.0,101.70509545631639
205.0,112.98086095016765
99.0,107.96832577207648
119.0,81.30531704886499
114.0,101.17032973975698
139.5,96.93082551715182
118.0,113.5419209909457
65.0,100.65505454963665
121.5,114.33744988305301
114.75,135.85128940104744
30.0,82.89272354821692
110.0,100.72047659443913
120.0,80.66191968035818
109.33,108.16152468655429
96.76,100.0876906602521
73.0,105.565684553329
0.0,109.7713884588659
140.0,102.72820880555575
140.0,100.00277011625433
37.4,102.89584223477766
67.5,79.66805975780673
82.47,105.94408848080559
61.52,85.43953703436244
29.0,100.61602252034305
93.6,110.79153434725333
118.8,99.18767337747698
99.0,96.76122607382094
240.91,137.3532961348597
90.0,100.61602252034305
89.0,106.28559462249996
80.41,100.4203440536427
185.0,175.58451323423486
57.0,84.39472549991038
52.4,107.14423830437715
120.0,131.48521876712567
130.0,97.58310995053412
68.0,113.52235314427567
134.42,106.54393890621256
90.0,97.41981435580972
135.0,99.59205266427657
94.35,113.69825643621303
106.08,99.93121723436658
312.0,138.58720595319727
121.67,99.35051999944375
140.0,88.2248897662998
0.0,139.3190715307852
66.0,98.75276950097643
168.57,108.44436160481028
126.0,106.30912474617213
197.0,107.87475980786789
139.5,104.81545722255004
118.14,87.3049936447152
50.85,119.3197364326796
98.1,100.24974143577896
89.25,112.32199599261114
58.0,99.34421615083727
98.0,107.45732385109773
180.0,108.03781375792761
167.0,99.84622734289405
68.0,138.0905011122398
166.33,108.72554350109675
93.82,102.11291874415281
0.0,81.50761035631126
39.68,114.08540944794692
88.55,101.68560492987733
120.0,100.06822647762854
200.0,106.09387843280174
75.0,81.35340915455532
80.0,100.55066982301531
225.0,132.55052790751836
149.0,107.2812132310674
112.5,117.87639892230571
109.0,113.33318585427476
48.0,99.10919466270389
91.0,106.54407688683075
115.63,97.0089238923107
58.0,106.46570183610413
82.76,96.81961862169159
77.0,106.86367361025074
318.0,174.26692201407138
77.0,114.0096176134893
117.0,99.08973048008032
114.3,98.78977095080512
167.8,98.05270395404324
131.4,111.04357478235943
75.0,107.26164538439737
101.0,101.23575178455948
143.0,98.99850608747607
99.6,102.15426439199702
80.75,97.23729622312644
38.0,80.96615247877496
44.64,101.48992646317697
67.0,88.20532191962977
129.0,98.939595219373
168.3,130.45866498045882
75.53,100.2441297695659
58.4,100.6941902429767
211.0,100.04855496691204
74.8,99.82669381279572
43.2,137.07938059805093
30.24,100.26387062775717
212.8,124.30241129467663
120.7,104.15015043576886
105.2,106.7657307128541
153.0,112.1917395707133
248.0,126.70359807040309
72.2,106.17218413605362
30.43,108.03343682473954
157.5,106.54397322278427
60.0,100.46609458772869
137.7,130.14557943373825
99.5,113.0003251327912
45.0,101.69232343466973
198.0,80.56163521135718
0.0,81.17729853452501
104.21,111.05659713575831
70.0,89.39292861134433
123.2,99.48119107752751
87.0,95.78937923359035
90.0,103.03478317557688
65.0,88.05112071787383
93.6,119.67867617753264
123.3,106.24945234820089
131.75,107.5550594204014
131.7,122.45641886694742
98.0,119.98525054755376
139.5,127.09774784389627
80.85,106.66809880759689
151.0,112.70677311616896
79.0,107.52253856780726
110.0,81.2297971078563
126.0,97.91576334392471
118.8,99.92470605766715
136.13,99.95057775294366
153.0,144.29877486414276
80.0,81.6445852830015
90.6,143.81216191366093
67.0,87.49426459876258
78.3,95.41383041583168
65.0,100.45958341102926
107.1,104.06547153643575
46.4,100.34196900291607
75.0,100.34217633100904
102.15,107.54861759117674
96.43,112.88918758480574
136.0,120.32806644677362
70.0,79.92251111199195
44.0,101.25115002613443
35.0,81.48804250964122
121.0,100.32887801637376
93.0,95.19000568972763
106.4,134.29674977733214
54.0,106.06132254930456
96.3,98.86783500939231
0.0,106.98118435431743
26.33,105.0567825592899
153.0,98.0222479974857
73.37,106.3743737794534
43.5,100.83133818118819
130.0,106.21131982939369
137.7,130.61527710129388
118.0,106.70723450093695
52.0,107.40492415969409
50.0,119.25501369238697
90.0,80.47695631202409
120.0,106.56181670001004
177.3,176.32164957847152
119.0,108.00101963619187
80.75,97.45905371319627
123.33,99.3309521527737
43.8,113.83123476932941
106.25,100.72678044304561
105.61,106.00919953346866
110.0,105.06329373598933
158.0,119.56850911317463
40.95,105.07635040595994
38.0,112.51385244222996
100.0,82.53633270306119
100.3,106.97270716350904
170.0,113.07229267086487
129.9,80.55512403465774
75.0,81.84016008565537
150.0,113.68540709433539
92.0,100.84418752306583
63.0,105.48079832590295
99.28,99.37659902281321
129.0,132.5982444557133
137.7,115.81741084363901
167.45,123.45251669705672
76.5,98.32668812399544
113.0,175.08880589078456
104.55,108.05738160459765
134.86,98.2416639159512
80.75,97.71998121317787
140.0,94.90292981890178
170.0,79.22461412514185
122.65,138.7297982231263
77.14,82.28357140174853
102.6,81.6445852830015
152.67,101.07920901119921
106.5,177.5544239186837
76.5,100.95508342638661
109.3,107.12446312961416
85.29,99.9375897161165
63.75,105.55924272410434
72.55,98.34835589760513
194.0,107.00075220098748
79.0,81.6445852830015
81.09,101.06615234122862
89.1,110.14341951896611
170.0,107.44426718112712
124.0,113.20926759755511
142.2,100.09430550099802
97.54,99.3465577224416
187.2,118.98687571119605
162.0,106.32889992093513
66.29,100.1006093496045
94.29,107.27029080460818
43.76,99.94406657624423
195.5,99.14181917934451
140.0,100.42044771768917
118.0,81.5858817429914
80.0,99.30087653583038
43.0,107.02032004765752
44.0,100.87701936779942
54.71,105.31119888257209
117.0,98.63322817744483
120.0,99.95081939760834
149.4,115.78478632699839
141.91,107.13335019448967
109.67,112.84381667600265
152.1,116.83500821795559
79.2,97.3611108157996
89.0,100.02909078428848
72.0,95.90661330208931
65.0,100.28347279099893
139.5,98.32648079590248
84.7,95.09124060207557
92.4,97.230785046427
254.0,155.90092421934986
56.0,119.7697969060904
154.35,124.56991931883243
72.8,99.44839354936563
117.0,110.36521132560765
70.0,81.34445274220506
82.0,108.22932261953287
65.0,81.30531704886499
210.0,100.41390222441802
108.0,106.60939526758678
59.0,81.11198015376898
0.0,113.4832174509356
107.1,110.34557484579418
148.5,100.81821216374283
204.0,101.51438478114866
50.03,103.62832975237735
169.36,134.69675213094365
147.1,99.6964373908979
127.2,135.8140854052446
130.5,114.85858635680731
116.1,104.43061146584878
80.35,102.34990854212565
55.0,100.77918013444925
104.5,81.63132128493794
30.0,81.78145654564527
113.0,139.14306457480137
54.0,107.97249537717158
167.4,111.81995048398264
125.0,106.13301412614183
0.0,88.25975219049829
128.7,176.08245848524308
64.8,111.49380826729148
110.7,104.52845069919897
168.5,107.57462726707143
70.55,110.98500993729886
131.4,107.17031732774663
305.0,183.21483228039745
72.25,98.20252822261111
145.0,98.55478377924346
75.0,101.83580953805941
78.94,95.83716034714124
67.5,106.10063125416588
112.67,97.45798119118865
95.2,138.16866883487347
242.33,191.1739461069949
230.64,144.1880169414402
101.0,99.7224470667926
0.0,88.18575407295972
80.75,99.4484628968404
55.0,81.76188869897523
110.84,100.21812009367119
115.0,80.51178441965085
104.4,107.05291024772643
76.0,106.72914391921134
111.0,81.66415312967153
55.0,79.96157745785726
90.95,106.24401369350906
134.0,113.02619682806771
71.46,107.00071788441576
100.0,100.05744203178753
66.6,98.14385899917274
67.5,100.45958341102926
38.0,82.45571974477672
64.0,107.23553204445618
40.0,100.6770676319575
219.58,114.61801457717942
111.0,100.81831582778932
215.1,138.973361467424
135.0,81.5858817429914
146.75,97.0545364457785
197.4,117.53938135060208
111.5,107.41818815775764
134.0,112.83072568946034
72.08,97.40045383723265
128.8,105.76194590561771
80.0,79.74626251134343
135.9,100.16585838288577
123.83,125.56042741739736
81.0,107.00075220098748
29.0,100.54436597440883
163.0,100.48545510630576
114.3,106.25042120616203
99.45,100.09420183695154
141.75,107.1049989469906
43.12,107.87475980786789
113.31,107.32014159631451
75.0,100.44001556435921
85.0,100.45958341102926
89.1,101.92606507270251
89.25,81.6445852830015
134.3,119.37882828506014
105.3,106.77896039434594
55.0,107.81605626785779
125.0,98.30057478405425
142.2,123.9697235847143
51.0,100.56393382107886
80.75,112.37415403935009
80.75,97.61552713908179
67.22,106.48544269429541
207.23,111.92619349287894
83.43,97.3611108157996
143.5,101.25115002613443
140.0,100.9487452612084
72.0,101.52165146933122
127.51,107.62905753793999
130.5,109.09330129205539
89.1,106.67450632024983
0.0,99.38317883265609
95.0,99.70287922012255
95.65,100.87701936779942
26.5,82.01871594133651
206.71,100.1006093496045
151.0,99.27875978946304
77.35,94.62164659856646
56.24,100.05096588599113
93.6,105.34382339921271
43.0,88.20532191962977
63.0,120.122225474244
26.5,88.2248897662998
75.0,77.19606924815766
52.0,100.31585566297488
136.0,106.81792307616476
151.0,101.23575178455948
80.0,82.52093446148626
153.33,107.81605626785779
42.5,96.97223343462146
187.33,109.20492440867261
75.0,97.81782044652806
34.0,100.44001556435921
73.0,99.94406657624423
98.41,104.20234279907953
150.0,118.23048251242881
115.2,99.71590157352145
110.0,81.48804250964122
105.4,157.21165098134657
75.82,98.96570855931421
99.45,97.02849173898073
152.0,82.73831501836801
80.1,98.2416639159512
110.0,107.70987782431742
75.5,152.1079950746976
259.0,146.4210587168568
29.0,101.52906215651706
89.1,98.91355051257526
0.0,81.31844306631035
84.0,86.89410318121618
105.0,97.79825259985802
79.2,105.97016750417507
77.0,80.90744893876486
25.0,80.92701678543489
156.6,182.5040859516697
98.1,85.38734467105178
125.55,98.82215382278108
32.0,79.16825215673609
66.0,99.5462327827158
57.6,81.39020327629105
72.75,97.3611108157996
0.0,94.74649070958799
241.0,101.14914118768915
89.25,106.00930319751514
106.2,142.64233006602868
119.6,107.45732385109773
35.0,81.54674604965132
90.0,75.86779724619963
71.0,80.65296326800791
88.0,81.66415312967153
127.38,118.73504260418291
107.1,99.10929832675035
62.0,93.34339839983599
82.66,100.45958341102926
106.28,100.45958341102926
65.0,81.86634277307132
62.0,100.17901871690285
162.0,111.47382576443552
50.0,88.2248897662998
76.5,106.42019366101414
112.42,81.60534592561496
78.3,94.63470326853704
151.8,97.60898164581063
63.0,99.59198331680179
46.4,100.44001556435921
122.33,100.92266623783892
107.1,104.21546881652488
163.5,99.24592794472943
81.0,85.04814578439002
142.2,118.53751454229511
105.08,100.73994077706269
77.86,114.56409784442448
137.33,106.73782365599388
103.5,105.75492119080468
106.0,99.33098646934542
148.26,174.06042478495831
194.1,107.63567237868588
85.0,100.29632213287657
45.0,99.00484425265427
84.58,106.31584325096453
156.0,104.72423282994578
162.0,106.58307459955262
78.81,95.0521049087355
71.8,99.83975048276633
96.16,107.08522377222761
195.0,176.9673885185827
197.0,115.42080982876445
91.33,99.9375897161165
142.2,116.85467972867211
89.1,97.19809118231163
120.0,87.46818557539312
88.0,146.79946264433335
109.0,106.80497007024064
74.54,101.33359101790967
113.4,86.79643695938725
48.0,112.75899979605134
76.0,99.28533959930591
58.0,99.4288257026956
130.5,106.86367361025074
80.75,104.03284701979513
72.0,82.77510914010375
52.0,100.13988302356276
54.0,100.45958341102926
138.0,138.78850176313637
134.0,87.41599321208245
102.3,112.34173685080242
100.0,80.66853452110409
108.57,100.19858656357287
45.0,81.66415312967153
114.6,81.86203518735803
49.5,103.75555843866249
151.0,106.72008384281459
55.0,81.66415312967153
86.63,96.3764146336914
140.0,108.37036348727172
253.54,120.47469704605685
71.5,99.45490472606508
66.0,81.34445274220506
72.08,100.36153684958612
81.0,81.5858817429914
138.6,108.70204802270116
105.3,98.69847721072611
147.0,126.79154669137291
90.0,95.71761902360964
98.6,107.29423558446628
294.5,138.07292952846296
68.47,98.33302628917365
68.0,88.09903981204292
69.0,82.9816757166916
149.6,178.23977777367682
86.5,135.74996514521138
137.91,99.52673428352053
110.0,80.16610867286138
160.0,112.55260623098474
0.0,88.93818499472484
191.0,125.63953604493844
109.8,105.80711355411535
37.4,96.73493972235849
66.0,98.57676254499259
34.0,77.24812363085012
36.96,107.02032004765752
120.0,97.34819212644722
130.03,143.13131890468657
90.0,104.49606782722302
68.0,106.38753411347048
156.6,186.83398440386748
277.0,144.55326053489972
88.56,100.52713969934314
63.6,100.5180796229464
0.0,107.02032004765752
71.19,106.38749979689875
149.5,114.50284540471708
221.38,106.31563592287156
134.86,98.51561376933168
65.0,106.42029889003172
120.0,101.60571283779939
0.0,79.7464698394364
90.0,99.58547214010235
145.0,101.15748039787934
124.36,145.92972830659454
113.05,98.00688407248248
115.0,88.20532191962977
98.0,101.24860112643712
147.42,115.5825966835986
90.4,81.37063542962102
187.85,176.82855124182996
168.0,103.50675306726205
187.37,129.70850699715461
78.5,95.36519045545606
65.49,118.79801941333459
56.0,105.44176629660936
228.0,101.03996965381265
154.0,97.89853706885901
85.0,100.65739612124098
179.91,125.83507653102058
187.0,112.20458891259094
110.0,88.40334195793446
39.0,81.18777198822657
123.0,99.70284490355084
96.0,101.07920901119921
84.55,114.30503269450534
164.65,107.82246378051073
161.23,97.6937642091902
173.25,117.7678230288926
66.0,103.02406807721061
108.0,119.68518735423207
183.0,118.23094017227399
83.0,81.5728250730208
114.75,88.60308636568342
144.0,106.818096087686
83.16,107.2812132310674
48.0,93.8391057432863
0.0,88.2248897662998
82.0,99.70277555607609
55.74,82.85103895517955
88.2,96.14376903373407
125.0,99.83975048276633
60.3,106.03517489279164
48.0,112.30242814594111
110.71,100.81414622269422
99.5,117.17010684699702
108.0,106.28976422759507
120.0,111.63729437068116
222.38,117.81980806411029
92.01,104.67193680258865
48.0,96.40232064553962
95.4,105.500366172573
77.0,100.45958341102926
96.3,112.86989569937212
92.18,101.22269511458889
35.0,88.18575407295972
121.5,79.50504083865006
140.25,116.4892981545944
130.5,98.60060366080421
126.64,118.1586879858764
97.0,99.76158276013267
147.3,132.27210223902216
48.0,107.93325601978503
70.2,112.45897091930138
98.25,102.48709079690886
64.0,99.76158276013267
55.8,119.12405796597926
204.0,107.33574716598241
223.0,105.54904116385165
68.0,98.66567968256425
25.0,87.08333981869185
69.4,139.17951338782592
75.0,80.45094663612937
0.0,177.03914872856336
149.0,107.34622061968398
60.0,97.15905915301803
136.23,97.75267507729328
245.3,139.91230711544625
60.0,80.51188808369733
96.53,98.8876101841553
48.9,100.1984828995264
65.0,107.91379183716148
137.7,123.98288391873139
74.8,83.18603392017448
103.95,103.59573955230844
93.6,100.75285946641509
125.0,81.80336596391965
103.5,104.77652885730294
94.8,109.68695153290236
93.78,100.39433437774798
42.0,88.14661837961967
123.3,112.10733256482911
135.9,98.1504044924439
93.6,104.6589487657615
204.16,125.70567220680303
95.0,100.74004444110918
52.5,135.76830055458692
51.09,106.6549384735798
102.0,106.98118435431743
90.12,107.86383738140867
110.7,107.02032004765752
53.0,88.2248897662998
100.0,100.84900864689271
211.8,124.67426972888205
105.0,96.48720687296569
121.5,99.18756971343049
66.0,100.74634828971566
90.1,100.30944815032193
99.0,112.20469257663741
114.5,103.66333015719405
86.4,93.98324102541015
116.5,97.12633097233092
62.2,113.79209907598934
125.1,125.45698359568344
104.0,101.6685859829046
143.5,144.46258399698075
63.06,100.90192220511479
144.0,80.94014280288025
115.0,80.08559937862339
79.5,106.80507373428713
111.25,135.67049563780841
70.0,79.92251111199195
211.0,165.52512029151603
79.26,97.67430002656664
135.9,119.31922523456365
125.0,107.69820021507992
83.0,100.84418752306583
111.6,107.11812496443596
153.0,106.36600025269149
211.6,105.52875245097508
65.37,97.81117128921042
46.75,85.09172297627408
230.0,119.39849979577664
71.55,109.60206530547629
138.71,175.79962156698707
191.57,181.59721218348398
210.6,118.34827790481944
126.0,100.42044771768917
104.0,106.37458110754636
118.8,110.78936578717023
85.0,100.02909078428848
90.0,106.94204866097738
178.46,103.33457040766214
79.0,81.10302374141872
85.0,100.45958341102926
75.0,80.88788109209482
84.0,99.51360826607518
79.5,117.73615427397874
118.5,151.9229973897918
50.0,99.48101806600627
90.9,92.28090771259187
145.8,117.94613652557771
121.0,107.6008099544874
88.8,100.36174417767907
170.0,98.65262301259364
48.0,81.32488489553502
75.0,105.31771005927152
138.13,142.17249441785486
70.0,78.22234635925678
102.3,79.54428019603661
78.0,113.4245139109255
76.5,99.40922353945385
50.0,99.92453304614591
79.2,106.42673915428531
134.0,106.77241490107477
168.8,100.88353054449885
98.0,81.32071529043992
175.0,114.52027900787573
90.1,95.48914302874742
120.0,112.33505266258175
96.0,107.02018206703931
74.25,95.84122628818984
86.88,107.3331639497134
138.8,107.7899429279166
68.0,93.44429773099944
120.91,112.75248861935191
80.2,101.56819784985711
116.15,95.35213378548545
83.0,101.04658449455857
75.0,100.66177305442903
99.0,105.21332533265019
63.0,144.1488812481001
83.0,109.50422607212612
89.0,100.72915633122167
138.6,110.10438748967252
75.0,99.73546942019146
128.7,115.77193698512076
48.0,96.84604295377224
140.0,106.98118435431743
101.0,97.8527522182013
100.8,103.25171921311494
74.0,81.66415312967153
46.8,96.3109925888889
65.0,87.86605368549326
240.0,175.95616434034736
93.73,110.0763424521941
139.0,106.08740157267404
105.0,99.48987081431005
76.23,85.92232568846036
90.0,100.16606571097873
170.25,101.07259417045329
60.0,145.76667435653482
101.75,104.80067618313518
230.67,185.8774671720684
72.0,99.61806234017126
59.04,100.26624651593323
98.0,100.0965777251276
157.25,176.51529268358817
198.0,188.25599538155535
234.7,124.71543600168701
190.0,106.88334512096728
150.0,111.25899410725106
133.0,105.80690622602239
79.2,111.91124422406165
80.0,112.68093573746417
177.3,138.6579343490991
185.0,105.76143236750411
126.0,100.2639049443289
67.0,88.17269740298913
144.5,100.72047659443913
5.0,100.86013361932606
90.0,81.6445852830015
78.0,113.56148883761574
52.5,104.77652885730294
78.0,113.36815194251973
153.0,178.14355924572445
68.0,107.46373136375067
144.9,80.16387076530353
107.1,107.00075220098748
58.9,82.37744835809657
80.0,80.96615247877496
67.0,81.97069318312094
162.15,124.75905229226163
42.0,82.08158908644171
156.0,81.5858817429914
112.2,144.4098780955565
123.9,141.9246922209873
107.0,97.85695613986812
114.0,81.6445852830015
65.1,98.52732162735339
78.4,88.6031900297299
71.23,102.63047323625204
175.65,136.88387514287183
42.0,82.54284387976062
129.0,106.42022797758587
52.35,107.81188666276269
165.0,118.99635841653493
185.0,105.48324356155376
88.0,107.02032004765752
175.0,182.4931635252105
123.0,111.44816139725197
98.0,99.76158276013267
85.0,79.64866492265794
103.68,120.17924764846909
164.0,106.78550588761709
107.0,107.41798082966469
67.32,101.47697345725285
82.1,95.91329749030999
67.0,80.90744893876486
118.96,113.39178573023838
185.0,99.27879410603475
150.3,117.37639674801713
71.38,81.52514284139757
97.56,98.66561104942079
88.0,81.39020327629105
83.16,105.7678741967288
168.75,140.86144869096256
72.25,99.53334912426645
99.33,103.79235256039821
108.0,118.30875389910895
142.0,100.13988302356276
116.55,138.27546448057393
12.0,97.19826419383286
27.0,82.14018896240533
81.9,80.79245277782374
210.33,112.20041930749584
132.44,137.82950426478345
171.0,117.97056052697769
48.0,99.74201491346264
62.8,102.12260873331753
24.83,99.68317339283433
89.1,98.67890936405607
149.0,113.84184620364918
168.3,118.89624695905518
88.0,107.02032004765752
75.28,82.01871594133651
90.0,82.42075365653173
119.0,125.12884033398029
140.0,101.4402829995636
101.15,105.39598144595166
117.0,94.76534003004909
84.57,107.60315152609175
70.0,99.91158004022179
30.0,94.72692286291796
79.2,100.75306679450804
31.71,81.01166136819626
96.3,105.86571343007897
79.5,102.46483574121845
132.6,81.00525385554332
48.86,107.28751707967388
79.0,81.66415312967153
201.43,106.83979817786742
91.8,109.9153238637181
129.0,106.64181245613446
88.0,106.68756299022044
139.5,98.23394190792106
91.0,107.35948461774754
166.5,136.5836389380289
49.0,93.42238831272505
125.09,124.23726592544185
221.33,172.29790286735272
36.55,104.38506825985576
156.8,120.55068273940105
79.2,112.13954720740263
99.9,79.97477282277737
57.0,80.84874539875474
49.0,100.98371134945337
104.4,105.61784260006795
195.0,130.65441279463394
82.95,100.51153412967523
89.0,100.29215252778147
100.0,177.58029561396023
233.0,184.96960031552237
164.0,125.55464981751237
180.9,162.41615268088816
90.95,104.05882237911813
139.5,150.79033450705933
88.0,103.64024493849203
148.5,132.02639996909423
128.0,99.44849721341211
119.9,118.06095241657269
120.6,160.05129600353422
42.69,97.71333205586023
156.1,146.62111411674522
118.8,98.32048315731663
100.3,103.72620330229925
90.0,99.55946246420764
60.0,80.74008740299183
38.0,113.22222060347923
79.2,82.38161796319167
99.0,94.57617274004818
80.26,106.51134870614365
152.67,99.4288257026956
85.0,82.08158908644171
160.0,106.15933479417598
38.4,101.61405204798959
79.67,105.59813677277972
42.0,100.57688682700297
145.0,113.08524567678899
153.0,120.60721771932806
100.0,81.9099542815271
93.6,106.6419854676557
202.0,106.63526696286328
53.25,98.58747764335885
90.78,106.94184133288442
170.0,105.30468770587264
79.0,99.39616686948324
85.0,100.20499407622583
48.6,79.52450502127361
0.0,80.75097551287934
172.0,80.24214215198367
145.67,99.34235380077479
162.45,100.5662753926832
67.15,99.4744725727351
96.3,108.59776696012631
157.5,100.3095518143684
82.8,113.95260412635176
239.0,190.24540456519946
97.0,99.82686682431697
0.0,81.9967722064904
108.33,88.24435394892336
79.2,100.1790880643776
78.33,112.09203798730064
55.0,101.57074674955442
147.2,99.76805962026039
179.0,105.61773893602148
170.0,105.08951073997702
223.0,105.83953074266302
90.95,103.39351559233694
56.7,96.69556238435374
207.33,149.19879343351533
79.0,100.44001556435921
166.5,113.18959608683859
143.7,123.56534429791473
179.1,123.42836937122449
112.67,97.34057411116844
219.6,118.9221529709034
91.2,100.87701936779942
46.4,100.02909078428848
220.0,105.74827203348704
85.5,106.06146124425408
160.0,97.04161775642609
95.0,100.44001556435921
130.0,103.51113000045011
130.5,97.26330589902116
76.5,78.97019780185968
153.0,176.5954264203308
85.0,101.04007331785914
132.6,98.88099534340938
175.5,117.07643721874194
259.0,105.37007543410343
75.0,100.45958341102926
26.0,158.02307009144567
113.0,100.32260848433901
42.0,113.09837169423434
101.0,105.83312323001006
22.5,81.32478123148854
89.0,80.96615247877496
170.0,81.14450100636313
235.95,126.51343998777236
79.0,158.8057066380161
228.0,196.16022925019536
62.0,100.3158899795466
58.67,105.93085879931375
177.65,181.12995975157918
88.0,100.44652674105865
115.5,119.15707079499032
115.0,100.38131202434911
86.0,81.62491377228498
98.67,106.92237715026086
104.5,157.4203861180175
65.0,88.42707940969959
43.0,81.6445852830015
107.83,135.88570763460712
220.0,190.6367614986002
125.1,112.99402128418473
223.0,100.30293697362248
130.99,100.90337028461781
78.36,96.16957209586714
60.0,112.21774924660801
100.0,96.7677715670921
164.0,112.83072568946034
134.8,132.9894977250675
195.98,104.20881965920725
183.52,147.52016254155916
83.8,97.5373250998764
76.5,105.2200781540143
97.02,99.8725480109282
135.0,113.90716458440521
164.88,176.83682110454538
115.0,182.70189866188144
229.6,175.891087604256
48.0,106.78550588761709
174.38,107.53528424563842
75.0,98.17648351581337
123.57,105.80036073275123
90.95,102.45436261622174
54.0,93.8391057432863
33.0,106.28314938684915
45.0,145.68423336475956
99.0,100.53347786452133
117.0,79.98762216465501
75.0,100.7659161363857
99.45,81.43585014633055
179.94,176.2324557653322
54.0,99.76158276013267
70.0,96.7937812429868
245.0,120.09611213430281
193.0,104.52858867981716
106.2,102.61745088285318
129.2,162.5993849306335
175.5,115.73280129178067
149.2,107.9249861570696
29.0,100.28347279099893
80.0,71.98440719318245
152.1,137.60771245814192
222.0,107.05573104087263
80.0,99.76158276013267
85.0,109.01723316765653
186.0,107.1051026110371
55.8,98.35266348331844
108.0,86.01372309258585
126.0,111.22630024313567
107.0,99.5462327827158
132.5,131.65881480403038
126.0,80.60077090469724
120.8,99.74191124941615
73.74,96.29252116592079
318.0,198.79323906265176
120.6,106.75932320020114
123.75,117.42855479475608
125.0,105.59827475339792
90.0,111.87445010232592
110.0,82.4947517740703
81.7,83.94680405212978
79.0,107.32034892440748
94.5,106.85061694028016
36.0,81.94451049570498
116.1,105.565684553329
100.64,100.13340687776638
62.0,144.4057084904614
37.0,86.80274080799373
158.0,99.76158276013267
90.67,100.57688682700297
77.0,106.64853096092685
152.1,97.16557032971747
150.3,119.36587527913602
72.0,110.63474992922835
96.3,103.28265400558789
244.8,183.47159017528395
117.6,126.29168249770254
107.0,107.24207753772734
49.02,151.71477579123444
70.0,98.163599857364
95.0,100.24433709765887
112.5,86.95931789792573
84.58,100.08776000772687
60.0,106.57005224615375
137.7,131.6612257231095
72.0,99.0311306041167
85.0,100.14639420026221
85.59,105.49385499587355
48.0,99.95081939760834
57.5,81.52717820298129
61.0,78.87228922103475
88.2,95.42389399546616
189.0,98.88754083668053
149.0,113.93978910104585
99.2,81.9469557313558
88.0,113.88759673773518
56.0,100.13988302356276
112.67,99.37012216268549
137.8,106.56991426553554
169.93,125.43734640153865
171.13,132.97633739105044
53.97,106.49188452352008
150.3,119.76374338923615
95.0,80.86831324542479
130.5,136.72082119281214
75.0,99.49404041940514
105.5,107.83562411452782
199.0,99.8071259661257
80.0,101.25115002613443
165.0,120.51826555085339
90.1,107.50948189783666
49.5,81.5597684030502
45.0,81.50761035631126
169.0,100.81414622269422
109.0,106.4591906594047
115.6,116.91989444538166
75.0,80.90744893876486
194.13,184.6391848296896
160.53,100.2438538083295
106.35,97.18503451234102
90.0,106.3027515500909
57.0,99.76158276013267
65.0,100.45958341102926
107.1,102.99568179880852
133.33,105.85258741263362
114.3,111.38291236397072
97.75,105.27874737745269
60.0,97.89619549725468
166.14,105.33541555587908
82.0,107.69030997764739
117.2,108.01803858316461
132.6,97.98748923733369
129.0,99.68982255015197
158.0,157.525228504484
161.1,110.56750463305391
147.0,99.5918453361836
105.0,125.71770376757209
75.0,82.06202123977167
149.4,112.68734325011712
260.5,158.6806185865994
76.23,100.2571864395365
130.0,81.59228925564435
98.0,99.7857300859649
181.0,97.49160888236214
94.5,105.5069810133189
164.25,138.0644914363451
125.1,107.65930616640455
142.41,98.50269507997928
164.0,108.09651729793771
134.98,118.78517804421315
105.3,106.6419854676557
0.0,81.34434907815857
141.5,106.681051813521
27.0,82.14018896240533
60.0,113.7441106343455
137.0,118.00214521251611
107.1,135.34445708516375
35.0,106.68339338512534
67.2,105.87883944752433
117.0,98.80933879747516
155.5,100.68134090109908
66.0,99.76158276013267
87.0,101.13770522311634
55.0,82.02288554643161
140.0,99.89201219355175
93.3,76.68069039399083
162.57,113.86782156297218
62.0,92.01278482627362
114.0,80.96615247877496
109.2,160.25221218819047
30.0,81.6445852830015
109.33,106.7266986835605
82.15,113.5351681695816
63.6,82.18593949649132
0.0,79.17893293853062
43.0,82.34227494175863
121.14,105.68949914600218
135.0,105.36990242258219
48.0,81.15810624535035
48.0,113.99849264105595
157.0,113.769982329622
79.2,97.31549826233183
164.0,105.9113946166902
118.0,99.76158276013267
146.53,117.78087969886319
54.0,95.99801070621481
128.0,101.94563291937254
116.72,100.57495512946574
89.25,112.11336451998667
141.0,100.12031517689273
55.0,99.72885457944557
104.0,99.38335184417733
61.2,104.22211797384253
79.2,100.29049750581197
156.24,132.04362624415992
50.0,80.79004185874464
87.0,101.19640876312646
112.2,98.83545213741635
169.0,183.86728972530096
154.38,107.87354930524205
135.5,107.98789361874651
50.15,113.20227313152631
104.85,99.43530256282332
129.0,81.79675112317372
65.0,81.6445852830015
66.0,98.38118774233874
88.0,99.33098646934542
83.0,96.32404925885949
140.0,176.69977683038042
105.4,151.95145230133733
72.0,94.83503056187436
104.8,101.15748039787934
80.75,104.69808445910155
130.0,100.48149282930362
166.0,114.45740586277053
76.5,99.96384175100721
163.8,116.97015511115508
79.0,100.54436597440883
88.0,106.37458110754636
88.0,87.95093991291931
102.9,125.38515403822798
60.0,112.9160217909535
69.25,110.65872902565818
0.0,113.80515574595994
28.64,77.1568298907711
62.5,101.37227773849207
190.0,124.41337654547215
94.5,112.83076000603205
48.0,115.10548637448602
65.0,88.4513303995783
217.33,114.33765721114598
0.0,88.2248897662998
80.0,95.52187120943454
113.7,104.57423554985667
92.0,107.31597199121941
30.0,80.82917755208472
230.0,177.50223155537304
126.6,107.17031732774663
70.75,119.71770820682622
50.4,85.34166348444055
48.0,81.66415312967153
182.06,109.38678467553419
75.0,107.33574716598241
133.33,107.58124210781736
123.81,105.7807928860812
139.6,99.92032912447908
55.8,108.39009956334417
100.97,106.3026135694727
61.65,103.48505097708063
60.0,82.2100174748488
97.75,105.56575390080377
94.5,101.67157940194559
78.54,103.47178697901708
199.43,125.79618248234519
207.9,183.28659249037813
143.0,113.81566351623323
250.0,170.90837842568726
98.44,102.94348943549785
110.5,112.35440905267609
104.0,99.88550101685232
122.0,120.67653269365793
195.0,124.97664017723635
0.0,105.98539273422877
195.5,151.1206463288456
130.67,99.07660446263498
74.8,112.52418563601094
144.33,99.76147909608619
86.0,98.2547549024935
174.3,173.47769697057055
75.0,108.40949918061179
89.0,100.27675428620654
38.4,111.39586536989482
167.2,104.67217844725332
104.0,100.54436597440883
75.0,80.77698518877405
145.1,100.8858721161032
101.95,98.8351068287052
77.0,87.81396498622907
76.5,106.00909586942217
120.63,136.60433555794697
148.5,98.88974442766667
97.2,106.3810922842458
145.0,182.83002084026788
80.0,77.36807961056763
164.0,105.24153859953103
40.0,81.66415312967153
79.73,106.83104909361012
55.43,106.77875306625297
116.1,100.14635988369048
48.0,103.2763158404097
35.4,84.31352402327896
147.07,107.82246378051073
150.45,130.4569756419176
85.3,100.0416641649297
235.6,99.96373808696073
41.65,100.51818328699287
118.8,119.18314981835978
52.2,99.97035292770666
61.2,107.33991677107751
75.0,80.12042748625015
48.4,107.17675915697131
70.14,80.15305200289079
135.0,100.1006093496045
150.0,106.3027515500909
100.0,82.94959905473627
75.0,99.54857435432015
72.9,80.52260318206359
109.65,104.3132387024003
80.47,105.33073241267039
75.6,96.69580402901843
58.0,100.42044771768917
114.4,96.8264751071022
99.0,105.64636685908826
71.7,105.98318985757393
35.0,101.08144691875707
183.0,107.37905246441758
164.03,129.51954703524666
103.0,107.77671324642475
127.25,107.32034892440748
34.4,81.28574920219495
85.0,105.27874737745269
64.95,76.58932802076838
95.25,99.6832770568808
118.75,104.29363653915854
44.8,81.59941763450387
135.9,100.03549829694143
208.62,177.30644942462624
89.0,106.72680234760699
152.67,112.51116328261205
74.8,99.93104422284534
80.75,99.21354507275349
50.0,82.43615189810667
79.0,88.20532191962977
120.0,98.56780613264235
35.0,81.5858817429914
35.27,81.36367528016393
86.63,102.5326683194736
155.25,130.73075248377683
94.0,81.54674604965132
240.0,126.02445114911446
96.3,103.07405684953514
79.0,81.54674604965132
84.3,113.08565555085609
38.67,99.78707483012629
79.2,98.20266620322931
171.0,113.91357209705816
75.5,99.50727010089697
98.0,101.25115002613443
125.1,101.33827416111833
90.0,91.908434416224
99.0,106.43318098350998
86.72,106.7787873828247
99.95,98.00698773652897
185.4,117.0632075372501
125.0,182.8366356810138
118.5,108.15522083794781
189.0,112.72220567431563
112.0,98.30057478405425
43.0,94.04849005869141
160.2,113.47646462957148
121.6,107.37250697114642
79.2,106.5702595742467
50.2,97.42656717717384
90.0,95.15669696344979
125.0,114.74179485328088
230.0,118.6810006456848
111.3,100.74655561780861
76.56,107.16177078946347
209.0,112.68072840937121
113.0,120.37219623119468
89.6,88.12705053294962
37.8,107.2094530210867
34.4,80.82917755208472
89.1,76.98082293478728
77.23,99.735365756145
196.0,183.87362789047916
264.0,189.41032532356618
0.0,106.98118435431743
65.4,153.5343782034547
158.1,121.03447723673432
138.05,158.67382276157605
75.0,80.12042748625015
114.48,131.37180828067932
94.8,105.957007170158
83.66,106.50480321287249
126.0,104.56086788774662
0.0,106.84420942762719
108.0,99.58547214010235
96.9,99.88539735280584
137.25,107.48991405116664
48.0,113.4245139109255
88.4,105.59827475339792
115.0,106.32231939676093
75.0,85.06675079148397
170.0,81.14450100636313
134.0,88.08791483960955
75.0,100.1984828995264
148.5,135.2140276517447
0.0,114.35305545272092
67.15,106.73320986025993
95.0,77.58983710063745
122.33,97.2027743255203
86.7,96.22621002550932
147.0,81.6445852830015
91.67,100.57688682700297
61.65,100.08079985826978
103.7,104.04580002571925
75.0,81.19903494127814
106.0,158.3754986595993
120.0,102.18365384493198
75.0,114.27061446094568
138.0,107.43775600442768
97.33,106.14610511268414
72.75,99.88515570814116
95.85,108.94998820018694
80.0,73.17804584005458
253.33,103.28916518228732
126.0,98.4635593866392
106.2,126.89400450257583
99.45,106.43325033098475
114.5,113.68540709433539
195.0,130.61527710129388
48.0,99.76158276013267
75.0,100.44001556435921
148.5,147.5396267241827
113.14,121.4484277980466
130.9,120.67667936136367
136.68,117.06971871394953
65.0,87.52923068700755
90.09,85.87654083780265
201.8,122.30001478853666
63.75,98.52880841992047
132.3,97.9417387032477
119.7,107.4963558803913
144.0,100.45958341102926
40.0,81.66415312967153
105.4,104.41776212397116
116.1,99.03757243334138
59.4,97.69614009736627
110.8,157.82486906886356
99.07,142.67474725457635
136.19,180.00570542651172
229.0,105.61784260006795
67.2,106.96158219107568
79.0,100.89658721446946
95.0,107.08543110032056
89.5,100.09420183695154
91.63,106.48526968277417
137.0,119.88303438101552
40.0,106.03751646439599
67.0,79.63788047681692
68.61,104.32626105579916
145.0,99.86817107774014
184.0,97.40699933050381
103.7,144.23383682300096
77.04,98.90049384260465
39.0,88.2248897662998
137.33,105.98312051009918
127.0,105.30468770587264
118.13,96.845869942251
85.0,96.34606234118034
105.0,107.1051026110371
99.0,106.70713083689047
90.0,113.58105668428578
140.8,81.36636216047944
154.0,106.27012703345027
110.0,100.45958341102926
106.4,81.8466712623548
111.0,86.99855725531228
103.5,106.04833522680872
54.0,106.42005496606463
163.8,124.20281337531046
88.0,106.75288137097647
81.0,100.74004444110918
146.7,117.35038707212243
95.04,100.3616405136326
65.0,99.9375897161165
0.0,100.83788367445935
95.0,78.34413037246505
116.0,100.45923810231808
137.7,117.96353581216466
73.8,118.93538265239525
90.0,104.1437429231159
70.0,80.2054173777227
34.5,81.2880907737993
189.0,182.08874992183917
162.3,119.54056773974268
79.2,99.51594983767951
85.5,106.25707036347967
88.0,80.96615247877496
60.98,103.92842726227076
56.0,81.66415312967153
62.0,95.1436402934792
179.0,106.07434490270344
100.8,100.71393110116799
120.0,100.68774841375202
144.0,99.46151956681098
76.5,112.56983250605043
90.23,112.74604679012722
108.0,100.12031517689273
140.0,114.08327520443552
85.0,97.39373533244024
70.0,107.23790793263224
196.25,113.9789247943859
98.3,106.11358426009
156.0,102.16739040944238
30.6,100.29628781630484
98.0,113.36815194251973
40.0,100.32250482029252
129.0,107.22240602701082
79.2,105.87229395425317
79.2,107.21596419778615
79.2,98.64628484741544
83.0,100.44001556435921
111.0,85.73305473441296
137.13,102.16418966230842
201.0,106.3963175142995
152.05,176.6280166203997
126.0,141.53326665444314
112.16,125.72988888011002
202.51,143.495606022088
158.1,132.18060117085017
76.5,99.59859815754771
134.5,149.02688673515186
188.0,105.68936116538397
107.1,78.72287482653397
172.0,113.34613886019888
89.1,105.39601576252338
159.0,112.8112958234085
59.4,81.62501743633146
90.0,99.46806506008215
89.0,100.44001556435921
122.0,176.30859290850094
0.0,100.09430550099802
250.0,106.66148396685097
95.79,104.9482625441452
120.0,93.67598244575181
94.4,82.61043448464623
75.0,100.27675428620654
33.3,100.27671996963483
65.75,99.77450144948506
73.37,107.50948189783666
86.2,118.34248155951342
65.0,81.66415312967153
95.76,99.39220459248111
230.0,100.72006193825321
85.5,113.77235821779806
139.5,150.37713750285906
52.4,106.4591906594047
130.0,99.0180739341461
115.04,87.44868707619784
128.8,88.80975182419893
55.43,107.24838138633382
110.75,97.38725847231254
136.0,107.18988517441667
44.4,125.89391805164888
89.25,113.99173981969183
76.5,97.02194624570959
139.2,107.07881625957467
26.1,107.60732113118684
75.0,100.49851177627636
88.01,103.83709920562002
62.4,99.80943322115832
154.69,145.28205766894615
66.0,100.60306951441893
91.6,126.89807841638066
60.0,80.58364829367804
95.0,99.34421615083727
160.0,107.04639907102698
45.0,88.41626064728685
115.0,120.18744019095354
79.0,82.10115693311174
100.0,100.5180796229464
192.0,145.13622999395216
191.2,105.87866643600309
173.8,177.87402064210374
63.75,105.4024926226511
108.0,104.2872633430773
87.0,100.94213042046248
111.6,104.86131142068251
90.1,113.78314266363908
116.1,117.89167193813748
31.0,80.92701678543489
0.0,87.42904988205305
54.71,107.20924569299373
103.42,130.42600614724648
42.0,82.21846034908548
79.2,100.32260848433901
119.0,80.88788109209482
115.0,99.1092289792756
113.5,106.02032450590201
114.3,143.32296574691003
155.0,81.66415312967153
169.0,102.99575114628328
28.0,104.49654704876488
160.0,99.8071259661257
248.0,106.50483752944422
137.7,116.61969255711045
139.0,98.73106741079502
65.0,100.81414622269422
80.75,97.4589843657215
120.6,106.74626653023054
38.0,81.66415312967153
62.0,100.1594508702328
80.75,99.50727010089697
189.0,100.89658721446946
90.08,105.99624652754454
172.0,118.79823471418376
35.0,81.52717820298129
186.2,139.1613226639459
48.0,107.2094530210867
76.5,105.75960433401337
27.0,81.9641820064215
39.0,86.40487269789358
135.0,177.65877432873333
45.2,98.98503476131955
92.4,118.97985333638064
254.62,106.5747010727907
212.53,101.25094269804146
90.95,107.45732385109773
89.1,97.62875682057363
80.0,101.62945028956452
101.67,108.20975477286282
122.0,107.35948461774754
65.0,95.42065024467296
60.0,76.34821001212148
89.0,107.00071788441576
93.12,112.17864858417099
83.6,100.03560196098792
40.0,83.31067304310068
110.0,81.06388804807865
158.95,100.78569131114868
127.0,98.87438050266346
160.0,78.63103323176965
156.67,105.53950186591305
139.0,107.02032004765752
43.93,107.36578846635402
48.0,107.35948461774754
89.1,101.2868373092908
96.05,104.9264567899173
80.75,97.85041064659697
0.0,107.23790793263224
85.5,105.66996561590386
84.3,112.26346546412228
48.0,95.34237885799283
156.6,97.0153664358667
73.0,81.47498583967062
206.0,176.41297763512227
106.13,104.90023978592961
69.5,99.83341231758814
66.15,100.13971072637284
70.0,100.00941927357196
99.2,99.9312515509383
70.0,100.81831582778932
147.15,122.93234306287852
65.0,81.30531704886499
140.0,99.03743445272318
67.0,95.1247909730181
102.5,100.45958341102926
68.8,87.38991418871298
45.0,100.17901871690285
84.0,100.45958341102926
98.24,106.32869259284217
163.8,110.98494058982409
211.0,152.92564071317224
85.5,92.61827856576286
44.36,76.55253389903265
222.39,116.68487295724827
71.0,81.35106758295098
151.0,118.93589619050883
67.0,81.32712280309288
135.0,107.15715699372956
79.0,100.32260848433901
127.0,99.94427390433718
164.0,105.54618605413373
73.0,77.47236067314249
111.5,116.7632480079749
75.0,81.6445852830015
122.65,119.29411506915531
50.85,102.20728763265063
48.0,106.34185292685925
174.0,106.52450904016072
126.0,99.33115948086666
116.0,99.10268348600445
66.0,100.74634828971566
66.7,81.6445852830015
136.0,175.74095234354868
0.0,113.76367848101553
176.33,112.72658260750367
105.0,125.750293967641
65.0,95.63266344870883
88.4,109.30854760542577
117.0,99.6116205109466
180.0,106.70061966019102
0.0,95.65963400980847
107.1,106.01564136269334
135.0,80.7117704720645
53.55,94.54381777685883
112.8,107.40863844494163
193.67,181.19293656073086
88.4,113.1178358768579
68.45,105.58511441938084
40.95,97.55678928249996
117.25,108.56593828992558
160.0,106.85061694028016
113.4,108.32364409522458
48.0,113.4659911758699
82.1,110.34557484579418
155.0,105.58525239999904
79.0,104.96555816668564
85.0,100.1854262295558
75.23,102.84565020214768
66.0,97.9375347815809
60.56,106.28776318258306
238.15,113.16341339942264
34.4,81.66415312967153
223.0,184.67577162333242
97.0,88.94235459981994
132.3,113.12445071760382
37.3,108.53982494998439
190.0,106.35501326087632
162.9,181.9756504275323
0.0,113.50278529760564
150.0,88.77275515648905
43.0,80.96615247877496
76.05,97.53722143582993
48.05,101.37506828285407
112.67,97.45798119118865
0.0,88.2248897662998
37.8,106.06800673752524
153.0,99.37029517420673
73.8,106.11344627947179
90.6,107.02032004765752
79.2,100.41390222441802
178.42,107.6397383197345
101.75,111.83934531913144
97.65,160.47975364166325
54.0,99.16149069006102
100.2,108.8130132734967
93.5,79.60980112276678
90.0,75.68524479694463
68.0,100.1723695595852
153.0,182.92148759186813
66.0,107.35531501265245
75.0,106.96395807925174
73.33,102.54796289700207
44.0,106.9616165076474
80.75,106.74612854961234
75.0,99.93104422284534
133.0,113.69836010025949
91.0,82.49902504321187
155.0,189.86710430176942
79.5,120.83135109757394
93.6,100.03560196098792
90.0,104.13723174641646
65.0,95.41107897016025
157.0,132.3176797615869
210.0,138.45453861222032
108.0,105.93072081869555
132.5,124.12605902998163
142.0,100.62263736108898
145.0,112.76564895336898
55.0,81.6445852830015
55.0,100.47070838346261
30.6,101.25511230313657
86.43,105.43529015081296
90.0,81.6445852830015
112.0,82.4011858098617
117.0,104.20888829235068
109.85,95.60093046979837
52.85,97.83063547183397
89.1,75.97225132029573
177.5,107.41818815775764
95.0,99.94427390433718
58.0,100.45958341102926
211.0,121.92212205917605
157.4,151.67078394316442
89.85,112.62453945248669
186.67,125.5440383831926
121.0,82.02288554643161
48.0,106.32231939676093
64.95,100.45958341102926
98.0,99.74201491346264
25.0,81.62501743633146
95.0,87.96389291884343
106.0,100.44001556435921
81.0,113.64627140099532
141.0,103.43940410704113
219.0,100.45958341102926
155.0,146.32098157594874
110.0,81.37294268465364
29.0,99.45500839011154
189.0,113.56383040922009
135.9,106.83115275765661
116.1,100.11993555160984
100.8,101.35967004127913
80.0,100.45958341102926
194.29,152.6882776534345
38.0,81.66415312967153
63.86,104.50240599240121
132.0,96.99831245799092
175.0,172.59724753446545
142.0,101.77049115730338
195.0,114.63107124715002
0.0,80.73133831873454
28.0,101.75102697467983
93.0,106.80507373428713
116.1,80.65313627952916
73.9,88.8510265431692
75.0,77.9051948714876
87.3,105.59186724074496
73.92,88.20532191962977
289.8,164.31505158899012
169.0,107.02032004765752
74.8,107.2550998911262
89.1,105.40903811592224
62.0,99.709390396822
126.0,104.40473977057228
72.25,105.14811061594064
112.2,99.22009056602465
107.1,110.20866855224737
104.0,100.15934720618633
108.0,100.07463399028151
132.0,100.0420437902126
34.0,106.98118435431743
58.0,86.89410318121618
90.0,96.92431434045237
64.0,100.44001556435921
96.3,103.23066897037017
110.0,118.50471701413323
50.0,98.15708868066457
56.9,105.85906427276134
62.64,97.0529157403807
96.0,100.77918013444925
126.0,111.69599791069126
42.5,101.35295153648673
35.0,81.99914809466647
30.0,81.50761035631126
115.0,100.63559036701308
109.0,101.04007331785914
118.8,105.5069810133189
76.23,109.58900863550569
120.0,78.55937668583542
34.0,99.70287922012255
109.0,145.84484207916847
153.0,105.87873578347785
105.0,116.43062893115602
76.23,103.02827199887743
39.0,102.93683230542399
200.0,174.24073932665544
65.11,131.0619171175747
126.0,99.6334605817462
93.0,176.69977683038042
105.3,110.85458050387976
129.0,107.69864918783757
105.3,105.21353266074314
120.0,157.71111331797317
113.1,98.26143909071419
44.0,119.48933587601049
160.0,105.51335420940015
71.85,113.09826803018785
145.0,183.6194532118617
75.0,97.07413860902025
145.1,103.52652824202505
165.25,178.7143312103359
65.0,106.75932320020114
46.51,97.77203559587035
70.0,80.71407772709712
162.0,115.08034384687713
135.0,141.80084331174243
212.8,100.83123451714171
159.67,82.3424822698516
39.15,125.89615595920674
190.0,87.76411419452273
58.25,97.62865315652715
30.0,127.17240860937535
113.0,99.80722963017217
75.0,81.92087670798634
143.1,98.59388515601182
82.45,105.48727518603067
79.0,82.53816073655194
81.5,141.52778058694525
80.75,98.71794139334966
46.0,100.06147365626444
91.0,99.35065798006194
68.45,107.93559759138938
44.0,88.2248897662998
286.0,106.60278042684087
158.0,119.67896082585658
93.0,195.29963230908425
105.0,100.45958341102926
232.0,107.08553476436705
149.4,100.25735945105774
75.0,99.42238387347092
80.1,98.822326119971
159.3,131.91977733491504
125.0,98.31996961920305
82.8,106.14610511268414
68.0,112.69857188659697
60.0,107.2812132310674
190.33,184.1540546039874
259.0,144.37735724296235
319.05999999999995,130.3477347605663
139.0,112.15236223270855
58.0,105.81992857942126
65.0,82.07087398807545
96.12,105.92245095598011
152.1,96.94370917560116
95.33,165.5424502306282
158.95,174.50814368676475
65.0,102.25878781356786
110.0,82.31619591838916
80.75,100.47070838346261
209.2,120.79622068489525
153.75,95.24781769200757
109.0,87.95093991291931
174.0,183.886857571971
118.33,118.56313590581941
106.71,109.99159420538624
139.5,103.56966052893897
126.1,98.9745956241897
121.5,86.50526083094107
6.0,80.65957810875383
203.81,125.79618248234519
191.43,176.1518428070477
35.0,106.52440537611425
149.75,124.76773202904415
163.53,130.23683885724557
126.74,113.94619661369879
90.0,81.6445852830015
115.0,97.68074185579133
45.0,101.50949430984701
0.0,88.2248897662998
160.0,112.6487904423654
99.9,80.42476394871342
80.75,100.06150797283615
183.33,107.02021638361103
100.38,100.73994077706269
102.45,101.02680931979557
84.0,119.38127352071095
159.38,185.6208472578001
104.14,105.97647135278154
118.8,100.47077773093737
47.0,95.14018921459302
121.0,100.53358152856781
156.6,141.00620825309576
127.0,100.81831582778932
63.0,100.22476925098883
77.03,104.38499891238101
43.0,100.81414622269422
118.8,111.17644945142933
44.88,88.34036514878278
108.0,100.12693001763866
90.9,99.07677747415622
111.0,112.8830560333892
58.0,104.76981035251055
82.45,106.52440537611425
79.8,151.8977361475309
93.6,96.86543778892103
70.0,79.92251111199195
107.1,98.26136974323941
73.1,101.12485588123872
80.63,100.31585566297488
100.0,98.209108032454
296.5,136.87532860458867
152.0,106.23739885276316
48.0,97.85685247582165
153.0,81.5141215330107
65.0,81.97069318312094
98.8,106.92227348621438
55.8,102.59798670022963
151.71,173.6275905866132
64.9,99.55270964284352
35.0,81.6445852830015
154.0,88.6031900297299
70.75,80.72954531614683
266.0,111.63067952993524
106.0,107.2225096910573
266.3,213.6526077504069
38.67,99.25939927088596
97.53,106.26351219270435
66.0,94.91747155364959
98.25,104.40697767813013
271.0,100.28336912695245
216.0,101.17704824454938
200.0,106.48120374172555
120.0,88.98338289200669
12.0,107.2225096910573
94.5,113.45059293429497
170.0,105.72222732668928
104.0,88.34860069492649
57.59,106.32872690941389
109.85,101.6685859829046
108.0,104.33277223249861
144.0,112.76571830084376
55.0,88.66189356974
74.05,101.03335481306674
104.4,96.51958974494163
88.0,100.54019636931373
85.67,98.5874082958841
58.31,82.01871594133651
135.9,113.10488287093378
70.0,79.92251111199195
148.17,173.97564222157874
115.2,113.25481080354814
78.44,104.6067220858791
29.0,106.68766665426692
158.0,110.82181729228961
160.0,99.52018879024936
93.0,111.26112835076245
115.68,106.02459777504359
121.0,106.20491231674072
89.0,101.02040180714262
146.0,106.29630972086622
99.0,94.05500123539085
90.9,79.43992978598699
140.4,99.24637691748708
120.0,98.56132927251463
75.0,87.92475722550336
99.0,111.84578786268742
45.0,112.55494780258908
85.0,100.17891505285635
74.0,102.43482908612341
116.28,115.66989383010376
117.0,100.17891505285635
90.95,98.16339252927105
189.0,99.38335184417733
144.8,107.74429605787708
57.0,81.99914809466647
70.0,96.48069569626625
172.8,114.15392857583687
103.0,106.98118435431743
60.0,98.22874522659879
138.76,104.9721036599568
40.0,83.13384155686381
86.0,99.35055431601546
74.8,107.20283818034079
170.1,99.87885185953468
311.0,161.60064128592487
70.0,82.02288554643161
78.3,107.18327033367075
77.0,99.78111629023098
52.8,81.66415312967153
125.0,100.38120836030262
77.0,152.5306257457644
41.88,94.30856105184589
72.0,113.71138245365839
80.0,113.87691595594063
126.0,106.08726359205583
155.7,129.8129260403477
46.4,89.23811020742832
76.97,100.65505454963665
93.0,139.04522534145121
105.5,97.44592769575091
128.7,115.30875049426459
76.0,99.65719803351134
98.1,98.89398266590521
95.2,96.59799911223998
117.3,123.46330114289773
65.0,88.20532191962977
86.4,99.87888617610639
45.36,103.30232551630439
95.2,106.4723860243248
132.0,88.02921129959945
38.4,99.76158276013267
35.0,80.96615247877496
78.0,100.66166939038256
99.33,99.62450416939595
65.0,80.90744893876486
126.9,106.34185292685925
209.0,99.33115948086666
84.15,125.05901182153681
150.3,118.21126866155748
123.12,136.6945348413497
166.68,99.9114763761753
246.0,151.4141640288961
63.67,107.09204594106649
130.5,99.6572673809861
36.0,81.60544958966143
118.0,138.4450639239048
99.0,109.93471869886689
117.0,110.08481964300248
86.0,113.92907400267958
215.0,88.5403168846247
79.2,106.29620605681973
161.5,100.87047387452826
136.5,98.54190012079411
80.0,107.83379608103706
132.3,130.1064437403982
48.75,103.21716332764194
84.56,94.06158175956506
34.4,82.8703994737566
40.11,104.29363653915854
60.0,87.91180421957924
156.6,181.31034364075109
95.0,82.08393065804606
92.4,81.93789565495906
95.4,97.94814621590066
88.0,99.76158276013267
139.0,82.72784156466645
83.09,108.27262791796802
74.8,105.0372490291916
82.08,100.05506614361147
199.26,115.85888810858343
60.0,82.85103895517955
95.0,113.52235314427567
115.5,107.24097069914798
140.0,113.02661148425364
0.0,80.96615247877496
47.0,105.18073513258128
59.0,72.5064008880952
131.4,125.03303646221383
40.0,106.08750523672052
96.0,99.41587269677149
170.0,81.95746350162909
43.0,100.81414622269422
86.76,106.94662814013958
114.0,99.89845402277643
218.67,143.88154623546555
108.0,81.42933896963112
65.05,100.17891505285635
150.0,99.76158276013267
76.33,139.9826196315504
75.0,100.28347279099893
80.75,105.91776781277144
48.0,107.02032004765752
100.0,101.5469056337428
67.5,100.28998396769838
76.23,97.56354210386408
79.2,118.8483837431545
91.85,101.05943383643621
131.5,144.87519882992405
140.4,98.79631644407628
79.2,99.76158276013267
116.4,99.50954232502656
35.0,81.66415312967153
76.0,99.69202614113811
175.0,106.54641845843508
118.8,100.13995237103754
64.17,118.04262497995339
90.3,102.7918028168675
136.0,158.03429872792555
84.0,182.49747111092375
0.26,110.23291671060483
189.0,107.02021638361103
170.5,132.59169896244214
37.8,119.99806557285967
121.5,80.75741734210402
241.0,82.4401141751088
75.0,98.30274334413735
77.0,81.33139607223447
130.0,81.1487742755047
106.0,79.94442053026633
90.8,96.460989868978
74.8,100.04194012616611
29.0,99.7940692961551
139.0,104.87405709851367
99.0,107.13751979958477
129.6,95.48914302874742
37.8,99.03981034089924
240.0,124.1848662340382
58.0,106.66148396685097
90.56,106.24401369350906
112.0,106.70061966019102
123.96,106.71364201358992
43.0,81.66415312967153
107.1,104.61988241989617
75.0,106.57015591020023
179.0,138.78829443504344
48.0,106.68766665426692
86.92,130.6696730555907
131.4,98.1242911525027
84.8,99.18092055611285
155.7,116.98503981461644
207.9,189.35834028834847
108.0,99.80722963017217
244.0,186.72308850054674
188.95,118.75920268489017
48.0,101.15331079278425
65.0,81.8426053213062
162.0,131.53737681386463
80.3,106.25045552273374
117.0,98.43103853404506
53.33,184.80888793706703
129.0,106.28308003937438
82.0,181.2515364366945
180.0,98.95275555339008
103.0,82.01871594133651
200.7,136.90978115472006
65.0,80.96615247877496
116.5,96.89151681229049
89.0,107.45732385109773
0.0,100.06161163688263
166.0,103.15198292750411
65.7,104.31341171392154
95.0,82.72078253328169
46.8,97.57090571960315
88.4,103.97414347978503
228.0,100.81414622269422
27.0,81.94461415975147
36.0,97.42656717717384
124.0,152.17737939650226
175.5,124.71323241070087
171.0,138.71002304836327
38.03,99.9832022695843
89.4,112.62212853340759
192.95,173.8428712165553
54.0,114.87718339114504
68.0,100.38131202434911
131.67,105.33062874862391
102.0,107.17010999965368
122.33,101.46446464196757
131.4,105.94408848080559
142.2,130.62823010721797
193.0,111.48708976249908
35.0,82.02939672313104
90.0,75.07864155017356
130.5,106.86367361025074
93.0,81.6445852830015
85.0,81.4812896882771
103.05,141.61259746689655
97.2,106.28325305089562
65.0,87.46818557539312
114.0,136.11421794604104
0.0,99.23321658347001
120.0,88.66178990569352
122.7,116.40423094289089
126.0,88.50535079637973
125.8,113.99194714778478
35.0,82.00331769976157
95.2,101.71189128133976
79.0,104.84174357401248
131.75,110.81117154139812
90.0,105.66827627736262
140.0,100.75306679450804
101.24,103.72620330229925
44.0,99.23314723599525
102.0,107.33574716598241
74.8,106.2635815401791
94.5,147.5724242523446
130.0,97.48516705313746
72.25,111.1413796991379
139.0,107.32269049601182
249.63,184.10189655724844
198.9,188.24286936411
27.07,85.85046181443317
91.51,103.49156215378008
65.0,105.93981521166401
88.0,87.37024267799646
0.0,113.65505480182433
210.0,114.49409632045978
78.0,107.35531501265245
76.58,103.96101746233967
142.0,107.02032004765752
157.0,100.45958341102926
61.0,99.76158276013267
108.2,137.87532414634418
140.0,138.78850176313637
95.0,81.6445852830015
107.6,108.53468648692815
103.0,118.95078089397019
160.7,191.18676113230083
190.5,105.69604463927334
130.25,172.14043423969053
117.3,98.0264176025808
100.0,81.5383725228894
97.5,114.07021853446493
81.0,100.3158899795466
26.0,100.44001556435921
51.84,101.32043068389258
117.74,107.03144502009087
186.0,132.97654471914342
4.0,103.58151271466878
232.5,184.91079311146578
205.0,175.38883476753455
107.1,111.28496946657404
153.75,156.09624940458284
162.0,138.12960248900816
150.0,107.42052972936199
98.0,88.96192244648996
89.1,104.76581375893667
144.5,106.32869259284217
89.0,106.26361585675082
140.4,99.10285649752569
66.0,88.58362218305987
180.8,99.88539735280584
246.0,157.28369583965116
95.0,97.65510539739438
60.0,100.10081667769747
100.3,101.11824104049279
109.0,81.62501743633146
126.67,106.45274883018001
70.0,80.73133831873454
135.0,106.89636747436614
71.0,99.54854003774844
226.0,107.90083883123737
77.0,100.81414622269422
117.45,105.83953074266302
100.0,94.23039332921223
159.0,119.33307775097414
96.78,142.9226524011591
235.0,119.78423268106124
124.25,119.70458218938087
175.0,100.45958341102926
199.75,158.49258677472386
262.7,175.38239293830986
97.2,99.57903031087767
63.0,107.37905246441758
223.57,107.13331587791794
88.4,103.74577114896928
147.2,107.83552045048134
88.0,176.9345566738491
190.0,100.45958341102926
63.75,99.64424502758723
74.8,105.61122775932205
130.05,131.21526550731903
88.0,106.3027515500909
139.51,105.29180404742328
136.25,144.1554267413713
121.5,106.78536790699889
75.0,79.04206167588686
71.1,99.02458511084555
61.0,107.00075220098748
132.3,116.51095724111656
72.0,94.64789863345716
35.2,99.6049363227259
59.0,176.38669128365984
66.13,96.64374964632596
80.1,106.3027515500909
65.0,83.19020352526957
108.0,98.60707980660061
173.0,100.1812566244607
96.3,111.3959690339413
137.7,124.81779014884344
143.1,97.10676312566088
191.0,113.56148883761574
100.67,106.7006890076658
110.0,100.27509926423701
190.96,109.46481441754963
319.05999999999995,177.63910281801682
99.63,100.45958341102926
65.0,80.86831324542479
166.5,103.95691720471933
200.0,97.25689838636819
100.87,119.15707079499032
99.45,104.30679687317561
75.0,101.31402317123963
98.0,177.86985103700863
84.7,104.62604828788444
130.0,133.86391557898702
115.5,112.11980634921136
124.46,104.62628993254913
163.75,157.35552539710665
120.0,112.85694269344799
72.5,79.20728418602968
115.0,98.37216198251372
189.0,107.2094530210867
319.05999999999995,174.4430326341017
50.0,81.07711772957049
93.81,99.76158276013267
40.0,98.75056590999029
269.3,220.04374494370427
46.16,105.93092814678852
135.0,97.7916377591121
101.0,84.9941253875886
297.0,126.86168619595583
166.56,98.44602211943408
124.0,100.45958341102926
212.0,133.40937891748854
88.0,81.6445852830015
75.33,80.14654082619134
124.5,101.64622759187256
90.1,113.359091866123
155.64,132.16103332418015
207.0,99.72895824349203
122.43,107.79628109309479
52.0,112.83737484677798
182.92,98.9066253940212
105.0,113.08514201274251
91.0,88.24018434382826
105.0,99.259191942793
47.7,82.10115693311174
155.6,126.62261152164886
0.0,80.6400102620838
120.0,106.38760346094523
96.0,106.13966328345946
240.57,174.54727938010484
144.0,98.95919738261476
75.0,100.89658721446946
152.1,117.42855479475608
126.9,98.18309835655927
88.4,113.31995617278292
103.95,132.32429460233283
80.1,103.27610851231672
69.5,100.38131202434911
103.8,100.04855496691204
96.0,81.17075304125385
118.0,175.82594223502122
319.05999999999995,162.82035895616644
132.3,93.31149240940428
53.0,81.66415312967153
61.6,113.72443912362897
129.97,118.01523619905844
68.53,106.80507373428713
160.0,107.0462954069805
30.5,100.81414622269422
173.25,123.72839824797444
240.0,177.22177052529315
56.7,101.29424799647663
45.0,100.45958341102926
77.0,100.2508482743583
127.8,98.45043336919386
270.0,177.45658468533355
135.0,100.77501052935415
126.0,107.35938095370106
90.95,104.71127982402167
71.64,94.63470326853704
92.4,99.44195172014095
165.0,104.72412916589931
130.5,97.34819212644722
67.0,94.61523908591349
89.5,87.90518937883333
35.0,81.48804250964122
289.6,144.81415371830957
129.0,94.78562640292806
36.0,81.5858817429914
46.36,76.55253389903265
80.0,99.20937546765839
101.0,99.74201491346264
105.0,106.61590644428622
67.0,101.27488747789955
120.0,100.44001556435921
125.0,106.36782828618223
218.5,145.37090617337435
80.0,81.66415312967153
159.0,100.44001556435921
32.4,98.00044224325781
130.0,112.76185490576927
216.9,196.07561969833705
67.0,81.0011879144947
151.07,99.59849449350122
98.0,176.10629960105467
126.0,124.16550571546114
94.75,119.0572998641029
319.05999999999995,177.2022026786231
53.85,96.07173286251697
123.64,124.01109718561224
88.0,176.80481379006483
95.0,101.25115002613443
144.0,98.84420122167364
38.0,82.19472289732033
142.0,113.2482996268487
124.0,124.92214055889306
48.0,114.9268268547584
51.05,87.02453261463526
100.1,145.10136756975362
105.3,99.41583838019976
103.5,105.7137501358809
61.52,88.50524713233324
67.15,100.30944815032193
154.38,102.4654875886551
138.0,119.98525054755376
58.0,112.68093573746417
63.0,98.42435434582438
128.8,106.47107152894765
98.0,106.41361313683996
90.0,111.08271047569951
123.67,113.60052086690933
150.0,80.62688424463845
68.0,80.96615247877496
83.3,100.91605139709301
48.0,113.52235314427567
161.0,100.45958341102926
89.1,98.43103853404506
165.0,176.93476400194203
96.9,113.41776108956137
95.0,82.08158908644171
319.05999999999995,133.09608604267498
73.0,79.86607979611142
113.05,96.36318495219956
185.57,119.63331395581707
162.0,144.82731405232664
91.98,98.21568855662818
119.7,112.91133864774481
98.25,88.08119633481715
151.0,106.49188452352008
46.0,106.94204866097738
80.0,98.73106741079502
39.95,101.63330890252018
101.5,95.00666536678895
106.6,80.92942770451398
148.5,148.73326537105487
116.1,96.80039608373272
137.7,122.88708450520943
129.2,101.33348735386318
103.5,79.88330607117712
75.0,99.63773385088778
90.0,113.70080533591033
119.0,177.0978522685735
128.0,119.86784346753355
63.75,106.01564136269334
26.5,81.6445852830015
33.6,100.33542350964493
191.0,120.5005257376741
75.0,100.40087987101914
96.9,118.3025967182082
108.0,104.39822859387283
74.7,101.84765570540418
80.75,104.38506825985576
55.8,95.95877134882826
85.75,99.71824314512578
258.0,177.49568606210192
87.0,112.47202758927199
159.0,146.0078960292282
82.44,117.35227098388158
315.0,132.60475563241275
59.21,106.6939705028734
108.0,88.2248897662998
130.0,82.02278188238512
99.0,97.7916377591121
74.76,104.56758639253903
96.3,105.500366172573
89.5,139.14306457480137
202.33,106.34846776760517
98.0,80.96615247877496
137.7,106.65504213762628
109.0,81.65109645970094
106.2,106.02225620343924
129.0,113.58756786098522
238.0,139.14306457480137
120.0,81.60544958966143
93.5,111.48054426922792
185.0,156.8095789495796
145.0,183.0452671536383
139.5,87.47459308804608
32.4,111.28490011909929
98.0,106.82464158095716
174.0,107.43775600442768
44.0,119.03322188574543
46.0,100.45958341102926
40.0,88.2248897662998
203.33,106.96151284360093
100.3,96.51328589633516
87.0,106.06783372600401
93.6,82.81028255644168
100.0,97.43307835387327
158.22,102.75763257506243
95.0,101.78247530526636
98.0,100.28581436260328
158.95,129.53484161277515
68.0,107.1896778463237
67.5,96.02408972958429
119.83,107.5421064144773
68.0,81.95997808475468
95.0,81.78807138639118
168.8,100.87691570375293
12.0,106.67260893928433
70.0,107.37905246441758
139.5,105.17439696740308
115.05,97.9677140625707
92.4,87.81854446539127
50.0,100.8271685760931
55.8,112.87640687607156
140.4,105.00472817659744
273.0,184.0283426303487
126.0,112.8765798875928
98.55,86.92669338128509
127.58,153.78727781409043
134.0,113.16337908285092
85.5,98.88092599593462
71.1,106.63547429095625
30.6,108.55918546856145
97.75,104.2350366631949
100.3,144.2141302813814
120.0,100.45958341102926
93.86,176.30187440370855
126.0,123.59803816203012
119.0,106.70723450093695
165.0,176.93476400194203
71.61,151.21197438549632
228.0,125.12433020229285
171.0,151.90987137234643
77.5,99.18105853673106
120.6,95.71754967613488
98.0,80.70515563131858
185.0,113.5678963502687
144.0,117.38283857724181
68.0,93.21344584796114
121.0,100.3095518143684
98.0,113.26135629681929
130.0,80.96194855710814
111.3,103.48487796555939
95.0,113.72037318258036
49.99,106.42656614276407
55.87,101.43122292316687
129.2,106.74626653023054
76.0,190.21932554183002
152.0,100.03594248758026
112.5,97.9221015091029
82.9,87.18762088126671
45.86,87.96378925479695
137.0,113.61343955626172
103.5,80.91382213484609
122.4,113.00053246088416
253.25,145.84707998672633
118.8,104.77652885730294
104.0,137.97960520891905
88.0,153.47099152023594
128.0,106.64191612018092
120.0,100.53110197634527
80.75,100.72037293039266
93.6,105.84614558340894
35.0,80.96615247877496
35.0,81.82720707973125
100.0,100.16596204693224
83.2,80.97927849622032
65.0,81.62501743633146
222.0,126.1157792057652
222.0,87.15496204805436
49.74,100.32911966103845
112.25,107.24197387368085
90.0,82.08158908644171
104.0,113.30056133763412
117.9,100.21822375771768
217.6,187.51875537327226
92.0,157.5643641978241
80.75,100.1790880643776
85.0,96.6176706229565
87.55,106.60274611026914
99.0,103.56976419298545
143.1,104.42399662510286
103.0,100.80515549377223
108.0,100.44001556435921
117.0,99.74208426093739
72.86,101.35295153648673
97.58,100.38110469625616
71.33,100.25735945105774
123.0,100.57688682700297
150.3,118.67428214089239
94.5,96.59810277628645
67.0,100.45958341102926
35.1,81.88174101464627
112.2,112.11973771606792
99.22,113.93324360777468
79.5,101.72470630664569
35.0,82.51859288988192
80.0,100.45958341102926
30.0,81.66415312967153
210.0,113.18298124609268
60.0,97.6091889739036
36.86,121.15256852639173
54.0,81.66415312967153
125.1,98.67229452331014
0.0,75.59384739281914
101.25,111.92419722998577
42.95,101.07900168310624
171.5,98.73086008270207
92.4,81.50761035631126
95.6,109.84390418032973
102.9,111.60663108603066
80.0,88.78164222136456
41.4,100.63131709787152
83.2,138.80786228171348
79.2,112.57655101084283
107.1,110.14352318301259
18.0,175.93907604589987
138.0,101.33359101790967
112.2,98.04598544925084
88.0,106.42666980681054
93.8,98.84826716272227
86.4,94.67758560932522
84.25,98.48970775748344
62.8,100.45958341102926
234.0,183.6780530878253
88.0,113.26603944002798
85.5,112.5461987183318
72.75,110.44816585549648
97.02,104.07191336566044
148.5,97.90921785065356
160.0,176.5890539385809
140.0,112.9156462334581
108.9,97.37427114981669
140.0,99.76158276013267
165.0,179.47813509628895
80.75,104.50888285252893
98.6,120.90490502447368
55.8,106.94201434440565
118.8,105.21987082592133
103.51,102.05949394354764
121.4,107.33967512641283
110.0,105.81355538334003
218.0,112.4656894240938
46.0,81.6445852830015
89.0,99.6637435267825
119.7,100.72698777113858
184.52,182.56268582763332
131.72,98.39403708421636
99.0,100.17247322363167
36.2,79.11358024120287
80.1,99.48119107752751
71.1,100.21171258101823
69.0,108.0856291880502
213.6,173.3798577372204
115.0,87.08978164791654
139.0,94.23111185542118
159.0,151.89040718972288
73.95,112.26980362930047
80.0,101.33359101790967
80.1,103.71314663232866
90.0,114.29852151780591
99.45,105.41572230414293
72.0,106.52437105954252
79.0,88.40334195793446
93.86,92.41116413448972
38.0,82.01871594133651
63.31,101.03345847711321
56.7,100.02233796292435
91.8,100.09420183695154
30.0,80.88788109209482
100.0,99.46796139603566
85.0,98.072306117285
145.0,100.59001284444834
80.75,104.58725790325553
64.0,106.52450904016072
72.25,104.97179266781735
67.0,91.73883497289313
129.5,98.24169823252291
198.88,113.50257796951269
64.35,104.8217267545848
35.15,100.62904487374192
71.6,117.51298336233697
79.25,101.41420397619414
35.0,88.2248897662998
148.5,112.91554256941163
64.9,105.17418963931011
90.95,106.02232555091402
68.4,106.93357147016897
70.95,99.45487040949335
219.0,132.03721873150698
52.8,107.91368817311499
103.19,119.44631522589924
61.64,79.23098732122308
184.33,114.01378721858441
157.5,119.3768965875229
105.4,145.29050054318282
181.0,101.3317629844189
65.0,138.29320429375318
230.0,176.18701622338563
110.0,81.02475235473858
178.5,130.96095284808334
90.9,79.77258317937759
236.0,189.04504741353497
71.0,113.5419209909457
86.0,99.40291969084737
8.0,96.36132260213708
46.18,105.74165719274112
106.0,100.45958341102926
54.0,106.60267676279437
0.0,101.30722734621625
45.0,112.15894432185382
108.11,81.66415312967153
153.0,97.43938220247975
83.4,100.27692729772778
46.0,100.44001556435921
89.1,98.33950314930135
114.33,80.85525657545419
51.21,88.30967232967937
147.01,139.42748788188342
170.0,82.05764430658361
71.1,108.25860239003629
107.1,98.96581222336067
86.4,106.19847048751605
155.0,181.98867278093115
68.0,94.95660724698966
62.0,105.88521192927425
210.0,124.6740967173608
187.88,142.25076580453504
126.0,100.7986443170728
42.0,82.08158908644171
47.0,113.94843452125666
90.0,76.92446096638152
135.9,107.15715699372956
102.38,106.2634435595609
139.0,100.32911966103845
102.9,106.66155331432573
93.6,96.32401494228776
186.3,188.64084113825663
153.0,107.89005438539635
106.0,114.48992671536467
94.0,101.31391950719313
138.5,81.50761035631126
80.1,99.43544054344152
81.0,100.38131202434911
110.1,87.06384131949659
90.95,105.33979248906712
140.0,99.91819488096772
126.67,107.13118163440657
135.9,112.15894204255142
136.8,100.69425959045147
12.0,99.76158276013267
80.26,155.69234933932512
88.0,114.43549644449615
110.08,99.82025198357105
82.0,189.33019158682356
80.75,105.73524968008817
0.0,81.02482170221334
116.95,158.3922329582481
216.43,176.85628528716896
82.0,100.03787418511749
115.0,100.66411462603338
58.0,107.12467045770713
68.0,112.19170525414157
169.0,106.34839842013041
251.0,107.48329921042071
125.1,99.33098646934542
200.0,118.4070507923043
40.0,75.69409754524841
55.0,80.75090616540457
125.0,113.60703204360877
180.0,106.98118435431743
75.65,100.04865863095851
72.0,104.57003162818984
77.0,112.32199599261114
96.0,177.11314684610196
46.0,94.64789863345716
140.88,112.9090313927122
41.4,98.34608295914424
61.6,113.15046039349852
47.0,107.11119913155059
262.0,99.35062366349021
136.0,99.33115948086666
92.65,135.1618009718623
50.0,81.66415312967153
72.9,114.2289298679083
75.0,107.00075220098748
113.0,100.23758427629474
100.0,81.1055383245443
36.9,127.00497772612756
38.0,75.76096728392747
96.91,95.46302968880623
134.0,107.52208959504961
57.6,106.81382281854442
48.06,106.66764983483924
98.0,176.71517507195534
81.0,100.93389487431877
199.15,194.2686249833297
135.0,111.00461210054061
130.0,106.66138030280449
61.2,98.47647807599161
126.0,98.76369192743564
120.9,112.88963655756339
96.3,143.02696849463698
73.37,100.5637264929859
29.0,83.11031143319164
160.98,113.10488287093378
122.1,174.93222880085256
115.0,106.91593532103619
199.0,181.73422142674593
80.75,100.17247322363167
105.0,82.14680380315124
85.0,97.94835354399362
38.5,113.25952826332855
65.75,99.8527728361652
80.0,105.74179517335932
51.84,99.12197537143807
180.9,189.1975242458466
85.3,97.400004864475
88.0,113.09175685348842
150.0,150.00107514698678
72.5,81.10302374141872
79.5,98.55061417414836
150.3,130.65441279463394
62.0,106.82464158095716
42.0,88.05529032296892
35.1,80.99860469822566
140.4,106.28959121607383
80.75,105.63751411078448
60.5,106.43325033098475
106.5,143.94669160470033
45.0,80.99223150214443
25.5,107.02593555814406
44.0,101.44500045934402
72.25,102.09552653541519
90.98,100.5246944636923
98.6,107.1963963511161
90.95,107.88127098456732
131.0,107.7182170345076
103.05,110.04141068052084
64.0,98.99189124673015
155.0,104.28082151385263
59.89,106.29837533123415
69.0,94.06795424131496
101.68,100.56393382107886
55.8,104.86782259738195
91.0,81.50761035631126
80.0,81.39471340797849
88.0,99.91819488096772
119.0,100.53130930443822
92.1,96.33686428416539
95.0,82.27716388909558
30.6,99.41573471615328
159.3,118.59611441825874
116.73,137.91435617563775
38.0,100.81831582778932
96.3,105.57219573002845
108.0,112.22422610673573
140.0,87.70537633794092
120.0,80.62705725615969
67.99,106.42656614276407
79.2,105.00472817659744
87.5,107.43765234038119
106.2,156.42259894936694
92.65,98.69182805340847
75.24,106.32231939676093
59.6,113.59397537363816
96.9,107.54861759117674
68.0,85.08731579430182
146.2,81.7879677223447
114.3,104.67207478320684
192.0,126.26567282180783
41.75,97.85030698255048
95.2,99.34404313931603
109.0,99.84636532351225
105.0,176.7455273644664
0.0,114.31391975938084
122.33,107.39841298299466
97.41,157.88818640460758
138.93,102.84658474353711
130.0,75.25241059859952
95.0,99.6049363227259
150.0,106.75921953615466
70.0,88.06834699293952
75.0,88.20532191962977
170.0,95.26735122210587
121.5,79.16587626856003
48.0,105.93747364005966
122.4,99.35623532970327
39.0,82.10115693311174
120.0,79.54879032772405
99.0,104.7700176806035
140.4,108.15786861957278
67.0,79.90948875859307
65.52,100.82482700448875
104.0,81.32488489553502
88.0,106.12653726601411
189.42,137.33372828818966
169.0,99.86582950613581
84.69,105.73752190421774
90.0,101.7872277959498
117.0,98.24831307326883
60.0,106.19185564677012
70.11,111.25482450215597
213.0,178.12147681592882
126.0,131.08490542137469
194.0,106.4591906594047
79.2,106.47882785354949
99.0,103.74818206804838
281.0,155.77714465757975
134.0,112.38066521604952
119.0,106.22448016341076
129.96,145.20571797980324
164.0,112.86338452267267
101.0,107.06179731260193
193.2,143.14440989122892
0.0,81.62501743633146
48.0,100.79874798111928
50.88,102.5585056981784
164.0,81.66415312967153
101.5,113.5767834151442
60.0,101.08572018789864
200.0,118.43957164489845
112.67,100.16502821987413
96.4,103.86314391241777
19.15,97.05457076235021
88.2,79.66805975780673
108.0,81.120763554598
108.0,83.09715109917457
64.0,102.5659163853642
94.94,118.02171305918614
179.0,177.49572037867364
180.0,113.20926759755511
112.0,99.55284762346173
133.0,113.45693109947317
65.0,113.05906298937303
99.0,102.26512597874607
85.0,107.95354473266161
97.5,100.58563591126028
108.8,96.33707161225837
94.86,99.42245322094567
146.0,144.5101625645575
108.0,180.63890123476585
31.12,95.54808180563708
62.48,103.51068102769246
159.75,154.74610230092213
89.1,95.81538890948505
97.55,98.82473703905009
105.0,112.82238647927014
108.0,79.79204736200114
0.0,87.46818557539312
80.3,105.50046983661946
53.4,100.45958341102926
75.0,88.5377679849274
42.0,88.2248897662998
76.5,80.88788109209482
126.9,99.7940692961551
187.0,150.99672807212596
76.75,139.90383470675664
141.05,98.43964963768416
65.0,80.45738846535406
139.7,131.2215693559255
90.95,105.06332805256106
191.67,116.71731648961145
90.0,157.89077830796413
149.4,113.39188939428487
38.07,77.8221366775523
198.0,100.26380128028242
249.0,176.9761719194117
54.0,80.39207008459803
123.0,106.17235714757486
116.9,102.79576509386963
90.0,104.9591506540327
139.5,98.47651239256334
44.0,100.42044771768917
180.0,100.06150797283615
126.0,104.86089676449659
102.06,80.0594860386822
55.1,107.42449200636412
140.0,86.65946203269701
32.4,113.48318313436388
87.0,106.02876738013869
123.13,120.72207589965096
103.0,87.80735014548316
150.0,112.14833060823165
121.5,78.73548730586575
107.1,102.9436624470191
108.8,151.1532365289145
83.75,100.19858656357287
43.3,105.95283756506288
122.4,118.11346374477901
119.16,141.73152833741256
78.54,107.5290497445067
60.0,99.87244434688172
10.8,119.23544584571692
54.0,107.24838138633382
117.0,105.31791738736447
150.0,114.10284305110557
196.35,118.71813529401285
120.6,99.37012216268549
37.8,100.348583843662
156.0,177.0587165752334
75.0,100.47894392960632
57.14,160.88416724503458
99.0,100.73975979278524
92.0,106.28318370342086
58.0,86.76360511465366
109.51,97.28283942911948
89.1,97.32200943903126
83.16,105.18073513258128
89.1,94.47171866595208
74.0,81.56631389632136
132.67,112.05669155944148
140.8,175.14089459004876
80.75,98.15043952334693
85.5,112.41349706078313
90.95,96.7610530622997
34.0,99.42231452599616
85.5,97.2895922504836
90.0,99.76158276013267
143.1,138.24039472828247
103.0,88.18575407295972
65.0,94.40305287035639
125.0,114.12454514128697
142.2,138.19354176476395
96.3,111.22199265742236
131.0,78.644159249215
90.0,98.78325977410569
87.0,106.78550588761709
103.0,106.70723450093695
60.0,81.52951977458564
173.5,114.37024741121489
304.0,119.44620358909656
29.0,105.25246102599024
80.1,97.88965000398352
216.0,174.18448102229615
78.0,95.92197722709253
106.8,175.68875998023802
75.0,102.00520165329732
103.5,102.35459168533433
25.0,81.48804250964122
36.0,80.41170727874282
123.0,189.5799941143718
75.0,88.18575407295972
164.7,97.53725575240165
39.0,82.69287547642148
108.0,106.6549384735798
54.9,78.53563923407029
87.0,107.1180556169612
129.0,88.80537967312969
105.0,96.2132570195852
100.8,98.528704755874
48.0,106.43328464755646
66.18,89.51267726296888
96.4,123.6823287489928
147.0,100.0419058095944
215.6,125.67205689753257
93.6,111.27194711317517
96.0,100.60303519784722
81.45,96.16116832032101
99.5,80.18343861197357
106.0,81.60544958966143
135.0,98.55478377924346
69.3,81.23355683888428
96.76,107.09848777029117
85.0,96.11531412218855
110.0,104.8088080652324
149.18,144.31855003890576
91.48,111.33288856074314
93.0,101.71840245803921
108.0,99.29185077600536
187.8,108.32692020821835
58.0,106.22437649936428
54.0,101.58752405186246
299.0,107.09194227702001
25.0,82.34227494175863
214.0,194.89713764837518
0.0,88.62275787639993
110.0,104.93307163066322
48.0,107.00075220098748
214.0,106.70061966019102
65.83,87.91170055553276
56.7,101.00093762451907
135.9,117.29784071301306
77.92,106.78540222357061
176.0,107.00075220098748
46.8,85.82424481044549
94.5,97.62875682057363
70.03,107.07288796846356
234.0,125.54400406662089
154.0,99.33760131009134
38.0,82.27716388909558
101.0,94.5115728855011
111.0,98.63315882997009
174.0,164.76531939049386
216.0,118.3744605922354
98.0,107.19877223929217
71.1,105.24195325571696
89.1,94.16517861250269
140.0,104.31320438582858
174.0,183.04537081768476
88.0,87.57915082618865
151.0,99.65065254024017
93.0,82.78816581007433
119.0,81.05971844298355
40.5,100.62253369704248
134.3,129.80872211868086
160.0,100.24423343361238
257.6,106.60918793949382
175.5,100.87701936779942
64.0,99.55284762346173
96.91,139.02861659725042
75.0,83.94680405212978
145.0,106.38753411347048
36.1,101.15727306978638
0.0,81.66415312967153
74.25,100.42685523034214
192.0,105.7807928860812
37.83,97.71984323255968
29.0,100.44001556435921
82.51,108.07023094647528
82.8,104.1112929829676
221.0,100.34834219899732
251.5,177.94546985994498
144.0,83.95641198321184
76.0,100.70721259637558
67.5,115.89818405856971
35.0,88.06834699293952
136.18,101.05302632378326
163.48,100.47260576442812
75.0,100.14649786430869
114.48,100.0419058095944
65.0,82.14680380315124
150.3,119.2418533583699
92.0,100.11376968362157
87.78,81.98374985309152
190.0,112.54396081077392
50.0,103.27128705978498
0.0,144.69413514026178
237.5,112.31124657767316
90.0,93.60429158324587
228.0,107.00075220098748
120.0,78.90732465675447
88.2,100.46609458772869
101.53,99.39616686948324
87.9,110.05842962749357
79.2,99.43533687939504
155.75,107.55564230598975
86.0,174.89312742408424
189.0,99.87234068283524
38.0,100.42044771768917
145.8,128.1562395975689
47.0,100.85745152112938
94.99,114.18762561448514
41.58,113.40718397181331
126.0,97.2502835456223
80.0,107.35531501265245
141.2,99.71824314512578
149.4,106.59633859761618
99.9,104.06137127881541
109.8,95.71741169551669
144.0,106.98115003774572
97.6,96.45458235632505
135.9,100.62914853778841
165.6,100.06378091129704
65.0,81.5010648630401
136.0,100.45958341102926
67.0,81.66415312967153
99.45,99.46803074351043
177.3,115.99352146366934
89.0,96.16747216892749
1.0,80.63573699294221
80.79,98.49604592266164
58.0,99.56580062938585
69.49,80.8095060413682
55.8,115.73899350358447
110.0,97.04151409237963
76.0,100.57034133373182
244.0,180.0904879898913
139.5,111.08939466392019
72.56,122.29343426436246
0.0,81.40977112296108
120.0,87.2920749553628
94.5,103.45897195371117
46.4,100.74004444110918
199.0,98.76999577604212
26.1,97.65697008745448
114.3,103.91537059230016
52.85,105.72873850338873
142.2,117.68286745399178
81.9,120.16132685101235
153.0,98.73089439927378
153.0,100.44001556435921
101.5,113.16341339942264
120.0,106.02887104418517
81.0,106.96629965085609
81.24,110.40434701894773
126.65,107.71776806174995
156.6,113.48118208935188
52.2,83.26643955036599
104.0,190.1867010251894
264.0,113.37883272431426
96.25,118.86316478256937
134.3,124.88930871415945
50.0,106.98108069027096
121.5,118.60843751141488
60.0,112.96122375602286
152.1,97.48527071718394
67.0,88.55733583159743
46.0,81.66415312967153
160.0,94.78562640292806
200.0,100.45958341102926
212.4,107.83562411452782
68.65,107.73106637638524
90.5,107.43775600442768
134.1,118.66097513916958
119.29,103.94141529909791
75.0,99.53979095349112
116.0,107.27449472627501
269.0,177.11742011524353
95.0,88.32262533560349
117.42,81.95718754039268
0.0,81.05093504215453
116.45,127.97351413679267
219.0,101.03996965381265
121.4,106.62875578616385
109.8,100.91504822256013
222.2,151.85106416828984
160.0,105.78093086669939
88.0,93.91151513200117
38.0,81.66415312967153
47.0,82.49881771511892
78.65,97.29593041566179
75.0,99.85294584768644
189.0,113.56148883761574
89.0,100.66177305442903
68.0,95.99136154889717
51.4,72.5064008880952
128.0,107.5550594204014
98.1,147.66833178815753
112.5,86.79643695938725
163.17,93.95054716129476
133.65,111.0915632240033
60.0,100.19204107030171
108.66,137.70254589054804
95.0,107.03968056623458
149.0,88.29010448300934
109.0,100.12031517689273
75.56,99.98974776285544
78.0,100.40084555444741
85.0,88.20532191962977
126.9,99.95071573356185
175.71,114.57226404309344
145.5,100.43201759509269
65.0,81.6445852830015
93.44,105.38933228863401
225.0,100.34868750770848
123.0,100.89658721446946
86.15,106.30915906274386
120.0,100.45958341102926
98.1,106.87028845099667
80.75,142.6486682312069
33.3,101.26183080792896
74.8,130.08704249746427
62.37,106.13301412614183
174.25,88.15302589227261
0.0,100.45958341102926
43.0,81.18790996884478
96.3,117.38262327639264
62.0,102.2788755454414
89.0,101.21618393788945
76.5,104.32646838389213
139.0,113.22222060347923
162.14,151.5510009749682
88.4,105.81996289599299
100.0,99.94410089281595
140.0,100.58584323935324
165.0,101.02029814309614
66.0,116.57469792013404
45.0,106.3027515500909
180.0,107.1051026110371
94.5,103.47192495963527
77.5,138.67109468311617
99.0,118.30885756315543
85.0,106.75932320020114
80.99,98.55474946267174
108.0,98.42452735734562
140.0,112.21774924660801
94.5,100.17257688767816
125.0,111.46111440317608
231.0,183.4629104385014
101.83,107.50276339304426
109.65,81.02482170221334
89.1,110.97198758389997
60.0,81.52717820298129
170.0,79.20504627847181
133.0,114.39636075115608
91.8,100.32240115624604
69.0,106.20491231674072
130.5,112.42655373075371
92.9,106.5632651082179
55.8,96.67633984639487
208.17,101.27519368792018
65.0,81.98374985309152
76.48,145.6751389717911
45.0,82.10115693311174
72.07,107.6595134944975
116.5,95.24781769200757
222.0,106.92248081430733
0.0,81.66415312967153
115.0,106.55689191213668
42.23,81.08969111021172
42.0,100.40084555444741
106.67,88.59247493136365
110.0,105.31137189409333
105.6,105.96355266342914
203.0,126.14939451503564
160.0,107.74429605787708
108.0,98.19622437400463
40.0,81.62501743633146
56.0,99.1614563734893
201.0,190.67589719194024
97.5,112.9744534375147
91.8,100.89648355042297
130.0,157.5839320444941
135.0,98.72438322257435
30.4,81.40977112296108
91.5,97.56988026904227
92.0,106.90942414433674
75.0,100.19865591104764
58.0,113.68540709433539
70.4,120.12881397117441
96.75,106.32872690941389
110.0,158.37287243967103
279.36,152.15994579334358
122.4,128.1236493975
118.5,106.34826043951222
79.2,104.93289861914198
96.3,97.2895922504836
80.3,107.2812132310674
212.0,86.2874999344451
160.0,107.2812132310674
141.3,99.00318923068475
188.86,111.85233335595859
43.75,80.35541465781182
68.0,94.74146459766575
55.0,106.79835522949473
85.0,96.03063522285544
154.0,149.87474597118805
189.86,100.80481018506107
86.0,81.6445852830015
88.75,113.95935694771588
90.09,123.49981061630953
69.0,97.60901596238236
0.0,94.78562640292806
105.4,106.68763233769519
126.3,113.60052086690933
115.0,102.18688890863766
124.6,143.94669160470033
95.0,81.66415312967153
60.0,98.50913690920396
0.0,97.20704759466187
139.5,81.38996163162636
125.1,148.36809112507012
164.0,114.31808936447595
80.75,124.45150198643005
98.0,176.83685542111712
283.0,119.39094405012331
78.4,80.69220262539447
75.0,113.52235314427567
90.0,99.77470877757803
252.0,174.619143254132
128.4,148.08101525424428
72.25,113.12434705355733
127.0,119.23544584571692
135.0,138.03183260313273
194.0,100.34868750770848
140.0,105.98956233932387
88.0,120.23535928512263
95.0,81.66415312967153
49.95,97.60253981658595
60.0,97.97436321988833
170.0,100.08117948355266
0.0,87.44861772872308
67.5,87.46818557539312
127.8,98.99189124673015
104.73,138.3970411656892
45.05,97.97446688393481
35.0,81.92087670798634
230.0,176.35427409511215
229.0,101.95321661807962
117.0,123.95627860237329
60.0,87.60505683803687
157.5,122.24785674179772
157.67,110.32624864378883
216.0,119.30667976270901
121.0,82.01871594133651
134.0,99.76809393683212
95.0,87.34667823775257
80.75,106.40699829609403
99.5,107.09824612562649
232.0,105.931031810835
44.0,100.50523028106875
149.0,106.80497007024064
161.82,144.89714256477015
34.0,95.87409244949515
77.0,81.34434907815857
225.67,101.09877685786924
128.7,107.09204594106649
120.0,100.54436597440883
64.14,89.07278403323902
93.0,107.26164538439737
177.3,185.22935162944987
94.89,111.59795134924813
107.1,96.1742249902916
93.6,97.21121719975697
76.81,106.68766665426692
68.4,96.58504610631586
46.4,119.65259715416316
99.0,97.02215357380254
117.0,105.68298796930274
65.0,79.28331766515196
126.0,98.49625325075459
76.5,111.8808919315506
57.0,99.58554148757712
117.0,117.44600995961142
120.0,88.01198502453376
69.0,94.980482679373
270.0,175.31056338085438
319.05999999999995,183.1235042237467
235.0,135.91202830264126
0.0,81.12510617121434
55.0,80.746632896263
225.0,130.83713825541017
126.0,133.5490019987757
249.0,100.89658721446946
88.0,100.44001556435921
143.1,156.6728113509823
25.0,80.92701678543489
64.0,76.67248987875016
102.0,99.87244434688172
79.62,109.56951013631041
75.0,84.19380968822612
108.12,97.83728462915161
166.0,138.65665890814535
38.4,106.72008384281459
98.0,100.85745152112938
215.0,82.02288554643161
225.6,100.63565971448784
0.0,81.98374985309152
167.0,107.3876978846284
0.0,99.50727010089697
112.1,98.59409248410478
150.0,99.68331137345253
67.93,115.68900401692862
144.0,102.12181288687762
85.0,113.72443912362897
108.0,105.64385227596267
112.32,136.64885365473845
76.5,106.40717130761527
112.0,81.66415312967153
183.0,118.48532217898445
99.0,105.25904083583313
75.0,107.17675915697131
95.0,110.29345111562695
81.0,80.47685264797761
62.0,99.20724122414703
72.0,99.21357938932522
176.0,100.87701936779942
138.6,110.89371619721985
54.0,100.89658721446946
138.0,100.89658721446946
207.5,107.58775328451681
79.2,106.6419854676557
79.2,100.59610936496185
48.0,80.88788109209482
117.3,119.15714014246507
68.95,102.76083332219639
161.0,181.3299114874211
90.0,117.78693321571745
211.0,106.75932320020114
219.0,99.3180334634213
130.68,107.06586325365053
160.0,98.56784044921406
107.1,98.65930720081431
90.0,100.1007473302227
119.0,102.87844773030955
90.0,106.88334512096728
90.0,91.9734761214123
115.0,99.98995509094841
52.2,99.94406657624423
151.76,107.1049989469906
75.0,100.30934448627545
112.0,105.23299684336669
43.0,101.16870903435918
78.3,99.83341231758814
250.0,120.0311820659172
75.0,102.21872359722343
37.8,113.12658496111519
29.0,100.13333753029161
148.5,136.3555432827809
89.1,105.16781644322887
154.76,97.99627263816271
151.0,107.00075220098748
43.0,81.66415312967153
73.0,77.33965901559382
123.3,146.42543565004485
181.0,182.8236133276149
90.0,100.74655561780861
87.78,82.49902504321187
118.58,106.34829475608393
79.7,100.45958341102926
79.0,107.48340287446719
55.0,81.31844306631035
107.1,138.8143734584129
212.0,120.7346213715056
228.3,117.69592412396236
107.1,98.52877410334875
162.0,122.36526382181793
135.6,117.54557356240588
186.67,113.56138517356925
62.53,104.87419507913188
93.6,112.77867130676786
189.0,100.90771218690281
87.0,98.63956634262304
198.0,182.44534809508787
98.0,100.32260848433901
137.5,100.53161551445885
110.0,125.51141386655198
34.0,114.46157546786563
154.33,100.45947974698277
89.14,106.83745660626309
80.0,100.59214708795972
116.0,98.71143021665023
42.0,81.52717820298129
215.55,105.86802068511159
43.74,102.99564748223679
189.0,117.7154919706324
102.75,105.46129982670767
157.85,106.2636852042256
82.0,100.45958341102926
81.9,98.28734510256241
79.0,81.32488489553502
76.5,98.55474946267174
166.5,116.79580317714075
165.0,188.66671283353315
39.0,94.68778716957789
91.0,99.97038724427838
225.0,99.14192284339099
106.88,99.16138702601455
175.88,139.04267644175388
94.5,105.03742204071283
76.5,112.56983250605043
73.46,112.29608998076291
152.87,118.75906470427196
144.0,98.24802842494489
143.0,108.15511717390133
79.2,104.1566616124683
40.0,81.66415312967153
82.84,105.53299068921362
86.93,100.86396269782882
140.0,99.68331137345253
148.5,135.55970339853417
62.9,105.82202850636091
229.0,107.1638061510472
80.0,106.3027515500909
66.23,97.14586450242923
67.0,81.6445852830015
58.2,105.28529287072385
168.3,184.25843933060872
77.96,105.95273390101642
149.6,176.7911742345059
86.43,108.46392945148031
155.0,98.96567424274248
73.1,106.41361313683996
248.33,97.66127767316777
238.0,100.02895280367028
166.0,103.26308615891784
77.79,139.04501801335823
195.0,101.40331586630666
89.1,105.18734997332719
108.0,100.34207266696257
42.0,81.66415312967153
60.82,99.86582950613581
139.0,114.43549644449615
64.8,97.75246774920032
73.95,103.73288749051993
144.0,99.45307669257431
83.39,88.06834699293952
79.0,107.19632700364134
247.09,189.75586308973743
183.5,156.94449695298943
46.0,176.58888092705962
178.0,113.22883544422515
146.67,113.26786747351873
48.0,107.69864918783757
98.0,81.26618135552492
100.0,100.19858656357287
65.75,99.77450144948506
180.0,99.23962409612297
159.0,87.42904988205305
103.87,105.84604191936245
140.0,101.0205054711891
76.5,100.20499407622583
85.0,100.42044771768917
99.0,99.42224589285271
68.47,104.89376292580191
94.81,105.70272882749401
45.0,112.40684790346548
89.25,105.35033457591214
107.1,102.94345511892612
106.0,100.1334411943381
117.0,103.75245533718996
37.8,107.5810347797244
48.0,88.30305748893346
75.0,100.04211313768735
103.0,100.13988302356276
186.0,131.88729079889262
112.67,99.89107836649364
80.5,81.22294540456451
160.0,104.5089865165754
0.0,107.39862031108761
165.0,182.96699576695812
106.4,107.09204594106649
43.0,100.45958341102926
81.5,100.64454677936334
164.1,124.22400192737828
75.0,113.3071068309053
57.5,81.39020327629105
171.5,99.42889505017035
89.5,94.62908362956779
125.0,119.72425370009738
190.0,101.40758913544822
80.0,94.83127327296756
65.0,82.45988934987182
85.5,94.57678760221063
130.05,117.01763001468535
131.0,106.98118435431743
43.0,81.6445852830015
95.0,81.66415312967153
88.4,103.98709648570915
46.0,81.26618135552492
58.0,106.49839570021953
84.0,125.30260938240626
113.68,97.77416983938173
68.0,81.5858817429914
75.65,97.6937642091902
72.0,97.86357098061404
120.0,99.60083606510557
55.8,113.35926487764424
100.8,101.00065297619514
124.2,97.35480696719314
182.0,129.80872211868086
88.4,107.20934935704022
120.0,78.67251049671405
170.5,137.24243454811068
86.0,95.61309560203878
56.6,101.17635762712703
79.9,97.97005563417504
25.0,80.63349908538436
94.0,81.60544958966143
120.6,105.91780212934316
112.67,92.5304015879983
211.5,136.29556430181702
118.8,105.31781372331798
70.2,98.02011375397433
60.0,76.05693021962881
95.76,105.885281276749
88.2,93.80713040537984
145.87,107.09204594106649
88.2,108.42796018870249
105.3,97.49829307058282
85.0,100.12021151284625
128.5,113.24178845014926
128.0,106.69417783096637
139.5,105.3634605933575
92.0,106.18524080602421
44.0,81.9600124013264
90.9,105.52641087937074
124.0,107.4963558803913
87.2,95.25012494704019
236.0,104.73301623077481
74.8,106.40055646686935
50.0,100.42044771768917
151.0,107.27025648803647
118.15,106.97463886104629
240.0,104.4763963165065
41.4,99.99636260360137
126.0,100.15290537696166
117.81,126.59243224065905
237.0,182.45823175353723
91.93,107.22064734099482
148.6,110.99789359574821
107.6,98.68517889609083
136.71,101.47035861650694
70.0,108.04005166548546
77.93,100.35102907931281
62.37,80.90744893876486
158.2,144.1695845728955
156.6,105.68529522433536
184.45,116.5611620286216
90.0,98.64618118336895
40.0,96.21315335553871
69.0,96.06963293557732
116.1,105.33734725341631
26.0,101.39219089387328
117.0,105.67003496337861
89.0,100.45958341102926
117.0,86.76370877870013
94.5,105.84438689739295
75.0,100.24430278108714
106.0,184.115160555312
299.33,107.2027345162943
136.0,117.71800655375799
319.05999999999995,176.85631960374067
217.11,175.80196313859142
0.0,80.58792156281962
34.65,105.11552041587173
185.0,146.24098581982435
139.5,105.03070353592042
102.3,97.06111625562137
114.75,150.49433725478627
106.67,99.9375897161165
126.0,99.28516730211598
85.5,163.75281977130476
146.29,100.86375536973586
102.85,104.07839022578816
75.66,124.66203084002002
75.34,107.12467045770713
120.0,106.00513359242004
134.1,100.55087715110827
114.0,112.47220060079323
71.0,130.03712876606832
39.6,111.47192041071379
135.0,113.24185779762402
108.0,104.30028569647618
144.0,106.96812768434685
52.8,100.78792921870655
79.0,99.82665949622401
85.0,81.49038408124557
91.0,106.5702595742467
85.0,80.63573699294221
179.5,118.91564179420396
225.43,132.36973414427936
178.56,158.30129321396777
175.14,106.56354106945432
130.5,98.92023470079593
67.0,81.94044455465637
118.06,98.29389059583357
106.0,176.41941946434696
184.5,188.201767656661
37.56,94.75858720868497
95.2,81.50761035631126
89.0,113.28092414348933
92.98,100.45958341102926
118.0,174.39077092331627
98.28,127.03670273228182
74.8,101.03345847711321
68.88,96.77617534263823
102.8,106.80486640619417
106.0,108.24234497293173
92.0,95.03274439015843
124.0,106.34839842013041
97.54,143.96073906730075
151.2,100.06822647762854
126.0,104.8090497098971
126.54,102.08901535871576
115.0,100.81831582778932
130.5,79.47713378178983
257.0,100.04200947364087
67.0,80.7859416011243
156.6,181.0624034632653
111.75,95.91312447878875
102.85,109.3281154520958
67.5,100.56393382107886
126.0,100.74004444110918
151.5,99.10264916943272
72.25,99.42245322094567
107.0,99.78121995427747
64.0,106.3027515500909
127.0,107.43775600442768
56.72,100.12017719627454
123.3,139.7136985587946
30.0,80.96615247877496
147.9,100.42044771768917
116.1,97.95469170917181
145.69,99.91819488096772
81.75,100.33545782621664
80.0,79.06397109416123
89.1,98.10479265330741
72.25,111.63729437068116
122.67,106.28308003937438
127.13,96.29814324701125
103.5,80.04653303275808
80.0,105.47446016072476
54.0,104.30035504395094
148.5,109.63468982211693
116.0,106.06132254930456
119.71,107.91368817311499
96.0,97.81120560578213
65.0,80.86831324542479
42.3,79.43341860928756
106.2,107.00075220098748
74.88,99.38335184417733
81.0,118.97444899826056
89.1,100.0616809843574
80.75,97.89598816916171
99.45,105.76122503941116
95.0,81.50761035631126
69.7,106.204878000169
127.8,106.7463358777053
54.86,100.8573478570829
75.14,79.48540364450525
58.95,96.73493972235849
89.25,92.70471615111197
80.0,99.27228292933532
99.0,92.63964012935193
115.0,113.3071068309053
164.0,110.07179728960361
143.22,132.25236138083088
104.72,107.6008099544874
202.0,125.78281482023516
100.3,113.35265003689831
75.0,107.69864918783757
95.94,103.38028591084509
110.0,95.15015147017863
116.1,98.06576062401383
212.0,98.57445528995999
40.0,81.6445852830015
88.0,100.62263736108898
94.0,100.17888073628464
121.5,141.88807111077284
190.0,117.12845657053136
109.2,110.31956445556816
142.2,131.28719872882095
149.5,106.73975535353111
116.1,106.23088767606372
126.0,138.65803801314559
191.0,110.7437189171307
131.4,132.174263005672
53.87,98.92653854940241
75.0,99.84643467098701
107.18,111.66313174938595
185.0,111.3176282997864
80.75,98.10479265330741
114.4,92.97160931310532
93.56,119.91480009509853
102.2,109.39553375979148
144.0,105.80700989006885
136.0,81.30538639633974
43.2,96.0828275861661
165.0,125.60918375242738
137.25,99.91809121692123
90.1,99.8527728361652
69.5,145.1414247082488
70.0,100.47260576442812
169.88,175.64307879362678
184.0,100.45958341102926
254.0,116.776201013899
175.5,115.44562175690835
297.0,183.247664125131
126.33,182.76480612355834
130.0,112.2111344058621
162.0,136.59679927204598
92.17,107.35938095370106
40.0,81.40315628221516
94.8,112.90493113509186
180.0,105.86154382498387
110.0,103.47833247228823
41.6,96.96975388239892
128.1,113.33297852618179
42.45,104.80494945227676
52.0,106.91593532103619
98.0,105.63734109926324
100.0,78.89203007922602
68.0,99.5851268313912
107.0,177.99122039403096
64.0,98.90710868335057
107.1,101.13791255120931
75.0,96.94370917560116
135.0,79.1094449526795
89.1,103.45225344891875
60.16,110.18885906091265
29.72,88.21813694493568
85.0,106.74637019427703
135.9,99.01800458667134
125.7,104.03946186054105
35.0,101.19875033473079
91.37,113.52200783556451
78.0,144.75013712232283
160.2,100.43336640704158
85.0,99.44839354936563
65.0,81.62501743633146
54.46,100.53782048113767
164.2,183.36065995539144
0.0,89.33605310482497
160.0,106.29620605681973
107.0,100.70221282826886
130.5,103.69378611375157
72.8,99.80781251576053
102.3,105.83301956596358
181.11,101.01939863260975
99.0,102.77409732025994
143.0,82.01871594133651
132.5,114.1010150176148
89.1,108.49320922198373
91.44,97.46552985899267
167.0,125.69834324899503
129.29,176.97369236718916
201.0,100.2571864395365
208.73,154.6157852186371
238.63,125.06528135357158
108.0,110.14355749958432
83.76,103.23934870715271
48.0,93.8391057432863
52.0,94.19366855495126
153.0,177.0587165752334
150.0,106.17235714757486
69.0,100.87701936779942
89.1,118.00872502235899
111.6,99.75493360281503
88.4,108.07694945126768
73.4,101.17918248806076
149.4,87.67044456626766
85.0,80.96615247877496
189.0,95.22914138306771
75.0,107.14423830437715
109.65,105.3634605933575
135.9,112.11991001325784
138.0,112.11977203263964
153.0,98.05907643579314
30.0,94.02892221202137
156.7,114.8161382795306
71.1,106.43318098350998
58.6,103.21789054093838
129.0,106.62241762098566
89.1,96.61756695891
69.0,99.29198947095487
112.5,105.13505394597004
65.0,87.95979266122309
121.5,100.18604343171586
142.29,88.43338325830607
80.0,100.45958341102926
214.0,98.60928339758675
102.15,105.62438809333912
134.0,102.66953958211737
48.06,103.27624649293492
130.5,97.1264346363774
142.5,107.27032512117991
129.7,97.84358847775809
25.0,81.66415312967153
117.0,107.7400227887355
100.0,105.44162831599115
100.3,106.53091655281368
86.0,94.22683858627958
126.0,88.26392179559339
125.1,129.24513952202102
57.28,107.13118163440657
73.9,88.56405433638983
66.7,79.774510094796
62.0,98.9070050193041
167.0,107.13331587791794
90.0,75.68524479694463
109.5,107.06586325365053
0.0,152.19043606647284
117.6,109.32808113552409
120.0,105.51338852597186
39.0,81.6445852830015
106.2,119.29383042083138
73.15,88.45305476902257
106.2,111.12191551651433
225.9,150.69001572148665
214.0,183.74337146858136
40.0,80.10378409677281
55.0,100.13988302356276
64.0,99.55284762346173
106.0,80.48811631536049
89.1,109.7522005661836
85.5,95.8936602961652
75.0,80.82273572286003
132.3,118.71985169070092
54.0,102.71539378024983
88.4,97.10021763238973
160.0,106.72680234760699
224.0,124.37389554342093
139.0,100.83788367445935
100.0,122.79802867268828
108.0,104.57423554985667
61.6,105.37644791585333
75.0,99.78121995427747
157.25,117.70894647736125
135.0,110.03910342548822
144.8,107.92653751499262
168.0,99.02685733497512
126.0,105.9569035061115
62.5,106.6223482735109
49.78,100.64196356309432
48.0,100.24433709765887
43.0,95.20306235969824
40.0,88.83790052572384
139.5,98.02645191915252
79.0,107.50297072113722
265.0,99.48353264913185
102.58,98.09177029990855
150.45,197.54317388201792
80.0,100.42044771768917
138.6,100.61591885629656
91.2,106.30264788604441
68.0,97.5373250998764
185.46,110.34560916236589
88.0,93.79400438793448
49.7,101.78340984665579
67.26,97.91807059895734
133.0,106.06783372600401
79.0,106.32231939676093
112.0,99.67676588018136
191.57,131.7239952041682
71.1,105.85920225337952
156.0,106.3417835793845
98.64,100.6354867029666
75.6,105.27860868250318
40.0,101.13363928206773
95.0,81.07050288882456
161.86,176.50406404710833
126.9,109.55641843543678
144.4,106.3027515500909
119.85,98.4177745359815
47.54,85.58929266978687
89.0,106.4397958242559
30.5,107.02032004765752
116.25,114.0766603636896
96.0,94.80447572338916
85.0,81.80763923306122
54.0,113.67879225358946
85.0,132.69608368906347
134.0,105.10914793412181
38.0,101.30650882000732
44.88,110.9131803798434
140.0,105.80049871336942
45.0,80.96615247877496
91.8,101.55534850797949
72.25,106.41350947279346
104.0,100.14639420026221
62.0,99.01790092262488
74.0,79.68780061599801
162.0,105.41799452827252
95.0,103.7072853486947
70.0,100.81414622269422
80.24,105.70927432076518
86.9,102.03692665945157
49.5,81.99914809466647
46.0,81.66415312967153
75.0,77.55063205982263
95.4,85.17220202172787
66.0,106.65731436175587
160.0,107.79231881609266
115.0,107.39862031108761
207.0,190.64968018795258
124.0,87.9443250721734
97.2,99.20713756010053
130.5,136.12727461601162
89.1,110.14996501223726
102.41,98.33319930069489
0.0,101.68815382957463
74.8,100.1593128896146
108.0,106.50501054096544
125.0,188.91461798011588
68.06,104.0392545324481
127.8,99.16789820271399
76.81,105.40269995074405
125.1,103.17196543036007
150.0,88.38794371635952
119.85,78.18073111369415
111.0,104.15686894056125
71.1,96.72212469705258
76.5,104.44384114734062
72.75,100.29639148035133
31.45,82.55335165003392
131.14,100.4332627429951
168.0,174.9451818067767
105.4,116.4240140904101
83.06,101.12047894805066
82.0,104.03302159628745
56.0,81.66415312967153
74.25,109.15248405360735
76.5,106.25062853425499
100.0,105.69614830331982
118.8,105.34399641073395
123.75,104.74373132914107
110.0,81.56631389632136
161.0,125.53518563488882
96.3,104.81549153912177
43.0,100.45958341102926
204.5,97.68084551983782
67.0,113.44408175759554
85.5,87.31815397873228
81.0,86.86154801205032
120.0,80.54878586947954
62.0,80.79234911377726
177.3,187.0819245813533
172.8,101.58028566186657
86.91,95.5608689221564
84.0,98.163599857364
170.0,88.46934845329639
159.0,113.42685548252985
85.0,81.85552401065858
175.56,108.29219576463805
76.5,104.73077832321695
107.0,99.77450144948506
100.0,137.1576519847311
79.2,98.60697614255413
108.0,100.44001556435921
88.2,101.84786303349713
72.0,104.1566616124683
48.0,113.08524567678899
30.0,81.39020327629105
99.48,114.5463580312452
135.0,97.94166935577294
89.1,98.34622165409377
57.6,120.72228322774393
98.4,108.80650209679726
86.36,98.03306675989845
232.0,100.44631941296569
138.6,122.80864010700805
75.0,100.45958341102926
158.5,134.94645099444543
75.0,100.77918013444925
75.0,77.7462068624765
42.0,80.35541465781182
163.8,104.69825747062279
167.0,145.45989265842076
175.5,129.94342482124154
54.5,80.8380303003885
147.0,100.45958341102926
120.8,119.50876574206231
116.1,112.93531774417463
134.5,106.49849936426601
184.5,181.64103102003273
75.0,113.21805099838413
319.05999999999995,208.02309949162242
157.0,133.15265533917375
108.0,104.50888285252893
74.0,95.10522312634805
77.0,108.01163107051164
117.48,110.42598047598568
160.0,102.01192015808972
59.0,126.43516860109223
64.64,100.27675428620654
91.2,103.67418395050981
91.8,100.59218140453143
40.67,100.34207266696257
100.51,104.8503889942233
35.0,80.90744893876486
30.6,101.47035861650694
124.0,100.45947974698277
75.0,77.55063205982263
140.4,99.47464558425634
224.67,100.66828423112847
89.0,107.24207753772734
138.0,99.4875292427057
99.0,98.10472330583266
72.0,106.61590644428622
120.0,95.4761900228233
83.2,82.12723595648121
107.0,106.36782828618223
70.0,79.92251111199195
224.0,177.39788114532342
56.7,103.25657498221841
160.0,101.79284476621659
55.0,94.33053981759502
252.0,177.51528822534368
96.0,99.41628257083859
106.72,105.58511441938084
114.0,107.41808449371116
91.85,154.7929129751127
23.5,139.586579554941
74.8,98.3982410058832
242.5,176.99329453043092
75.0,108.26825098477997
80.0,95.85452460282512
131.67,98.02652126662727
88.0,100.02247594354256
216.0,106.7266986835605
83.73,108.13565299127778
65.0,81.60544958966143
223.76,182.91501073174044
108.0,99.31792979937482
93.6,119.44386201749222
94.5,104.8874247606237
129.9,105.24598416586254
210.0,181.636555204917
155.7,124.04809863544094
212.8,126.86566122783299
12.0,101.05547155943407
78.0,95.64006616313844
116.1,105.84624924745542
160.0,98.822326119971
60.43,95.77845680713114
70.0,106.98118435431743
211.0,107.6397383197345
126.0,114.16154659111567
184.54,118.22441624069953
160.0,106.1134805960435
106.38,111.95027625335524
138.6,105.37241700570777
120.0,107.58124210781736
171.53,115.27646487855
56.0,105.79632910827434
147.0,132.20037634561317
130.5,102.94359309954433
69.5,110.60726387564397
6.0,81.38593000714947
63.8,82.19889250241543
72.25,103.22395046557779
98.0,101.09439992468118
148.5,116.35886872117533
112.0,107.13118163440657
108.0,98.62650967265245
30.0,81.22287605708975
84.58,136.98815620544667
85.0,105.51338852597186
256.0,151.9642330100715
126.9,112.79162431269198
160.0,112.56352865744395
62.8,99.83975048276633
122.04,137.09891412814926
130.5,104.80240055257946
135.0,78.61808022584553
80.0,99.6049363227259
118.8,99.44195172014095
62.91,87.48764975801667
138.0,98.89391403276178
126.0,119.24818355079186
42.0,106.3093320742651
108.0,106.04175470263453
85.0,99.59194900023007
127.0,107.32686010110692
48.0,112.83747851082445
120.0,105.98956233932387
159.3,124.11985884542163
126.65,123.38913001383793
71.52,99.89445742920259
85.5,110.5152429222685
311.0,185.09351857224203
118.0,81.94044455465637
66.0,97.4002808257114
68.61,96.59131563835061
168.3,125.91806537748113
200.7,123.46089022381864
112.8,125.03293279816735
232.0,112.57634368274988
144.0,99.54640579423705
59.5,100.60296585037244
90.0,107.43754867633473
189.5,87.68994306546294
99.0,96.40238999301438
35.0,81.40315628221516
139.0,100.17901871690285
99.45,98.89412136085474
143.4,107.02011271956455
109.4,99.55281330689
143.38,113.20183056655378
72.0,100.77228933246693
54.5,77.62890344650276
84.15,105.17394799464543
107.1,100.1334411943381
152.0,106.78550588761709
122.4,99.33105581682018
76.0,103.02406807721061
80.0,103.47178697901708
128.57,106.64177813956273
38.0,81.62501743633146
85.5,104.6199167364679
318.5,203.23538424141196
85.0,99.90496519947587
59.03,107.00075220098748
65.0,80.6073163979684
124.0,119.11103561258038
162.0,111.66991888732178
75.0,99.90747978260146
96.67,152.02727845236666
139.5,97.52481628459111
168.0,151.65559302968245
133.33,107.50297072113722
81.26,98.84185965006931
37.8,96.61115944625705
89.75,98.15925724074768
60.0,100.2898803036519
63.75,99.0113554293537
103.0,93.93108297867121
156.0,113.32667467757533
132.0,100.08124883102744
64.0,105.59169422922372
112.67,99.06922880635219
148.5,101.49664496796939
294.86,106.11344627947179
128.74,139.54093268490152
94.95,113.13984895917875
89.1,100.08124883102744
265.0,152.11775000219023
99.0,103.39361925638342
139.5,112.8830560333892
198.0,132.05024108490585
90.53,150.31843396284893
99.0,101.05302632378326
89.0,99.53327977679169
101.7,172.52548732448474
177.5,143.42717817634144
183.9,174.85406107821893
55.0,93.96356951469363
62.18,87.48782276953791
166.0,107.00075220098748
55.0,81.05744621885398
149.0,106.52450904016072
29.16,111.40047916562875
104.4,99.01387001247929
108.0,105.03080719996692
128.7,129.03038518506753
79.2,102.53917949617303
190.0,100.30304063766897
104.0,114.95066797057001
109.65,110.11089866637195
101.0,107.43775600442768
74.8,110.13039716556723
109.65,107.00075220098748
99.3,99.26408241409464
80.1,110.2805674571776
80.75,97.46783711402529
253.0,124.75225646723825
137.7,123.59803816203012
120.0,105.75485184332992
48.0,106.98769553101688
72.6,111.08922165239895
175.0,152.94031808854066
65.6,81.06388804807865
140.0,100.27031245698186
105.0,107.02032004765752
126.2,95.60641212814943
40.0,81.66415312967153
158.33,101.29445532456958
119.7,100.4231648467889
48.0,106.72680234760699
149.4,99.07660446263498
149.0,99.48997447835652
90.0,100.961801931179
154.5,112.54378779925268
66.02,81.01166136819626
32.0,99.4875292427057
103.5,110.8154448105397
71.1,97.35480696719314
76.5,100.7528937829868
152.1,117.50510181199195
152.1,124.29596946545195
142.0,81.66415312967153
135.13,137.8099021015417
120.0,88.05101705382735
107.1,116.32595955621075
39.0,81.6445852830015
117.0,96.09812216369457
111.5,101.02263971470049
0.0,101.24852380620615
91.6,151.0890126048348
100.0,99.95081939760834
206.0,111.08898000773425
91.0,98.30694726580417
126.0,112.09390033736312
110.15,100.72047659443913
129.0,105.9700981567003
181.8,188.19312223645017
123.0,99.51360826607518
179.0,100.15300904100813
81.0,113.33535441435785
80.1,112.24389761745223
58.4,97.87642032249168
202.0,97.5307102591305
0.0,107.02032004765752
128.85,99.46151956681098
219.0,108.47481756136781
82.69,109.78779020367855
107.95,99.02437778275258
141.0,110.56106280382924
100.87,100.40077620697267
88.4,94.89648798967711
42.97,113.67190145160714
101.0,99.58547214010235
101.51,101.13770522311634
71.0,97.83087711649864
107.95,105.25249534256197
65.0,80.45738846535406
95.0,80.82907388803824
85.0,81.44890681630116
112.0,104.70476864732223
34.56,100.13984870699105
141.0,113.10481352345901
177.8,106.46542587486772
94.5,106.47893151759598
226.8,98.08767004228821
125.8,126.2721146510325
99.9,80.71828164876393
90.17,101.01378696639671
158.95,100.50106067597366
156.51,109.79770945560492
153.0,137.03390673953268
91.33,101.31402317123963
126.0,106.67450632024983
209.0,113.56148883761574
83.7,96.9242449929776
65.0,107.9162370728123
60.0,100.18552989360228
88.2,81.66415312967153
89.3,107.2094530210867
115.2,138.1101383063846
73.1,100.28998396769838
80.0,82.25759604242555
130.5,103.69378611375157
169.0,183.25376064564455
228.6,131.0001228579951
179.0,100.45958341102926
114.0,88.74250652802448
94.5,97.80486744060394
150.3,124.09367615800568
189.0,107.2550998911262
65.0,79.96409204098285
109.8,84.94400270243338
112.0,100.45958341102926
170.0,88.87531184961964
78.17,82.53795340845897
123.3,99.6376301868413
74.8,111.80272420891694
169.0,145.7927533799043
107.1,112.94172525682758
80.75,98.00939865560807
180.1,106.03751646439599
78.0,88.49229412640912
0.0,113.58105668428578
134.0,144.53383066884788
114.0,101.33989486651615
153.33,106.6679951435504
79.0,81.40122458467792
130.0,98.03957793659788
150.3,123.27826842708888
104.4,99.19401154265518
115.0,88.73995762832718
278.0,138.8468599944353
120.9,105.83301956596358
154.32,113.87026679862299
100.1,151.87083934305286
122.9,114.972883971837
67.0,100.61009422923195
107.5,100.04194012616611
93.78,105.87212094273193
157.2,106.7396173729129
102.6,99.07016263341029
91.5,88.79876483238377
126.0,105.17439696740308
313.67,105.17005435078673
231.0,100.1594508702328
207.9,188.8167787467657
190.0,106.87662661617486
109.23,159.00545104576508
67.5,98.959370394136
71.0,107.8617031378973
145.8,113.789757504385
116.1,98.17655286328812
74.67,100.45958341102926
80.3,99.63773385088778
120.0,106.03531287340985
114.33,121.07684603940889
235.07,145.65557112512107
49.4,98.78959793928388
226.95,156.83363536624037
90.39,100.72678044304561
214.5,125.01563717562689
108.0,100.44652674105865
48.0,112.68737756668884
43.2,99.66363986273602
59.6,100.31819723457923
42.0,82.45571974477672
126.0,105.21997448996783
106.2,98.45711755741453
155.7,129.74133884188822
91.8,112.243724605931
58.2,106.10690078620063
72.0,99.76795595621391
152.0,118.87660976491038
199.2,136.67517432277262
102.25,99.09624165677977
157.0,97.26327158244945
123.62,112.92877225090346
70.0,95.18277598681927
54.5,78.17680315326375
105.0,99.76158276013267
230.0,99.4286877220774
37.8,99.97035292770666
67.5,100.13988302356276
122.0,101.33359101790967
210.0,129.3390594820283
220.75,136.6229476428902
54.0,113.21577877425455
122.4,132.7873774291425
75.0,100.5246944636923
135.0,99.76158276013267
87.3,96.44817484367209
204.3,176.19773132175186
77.14,106.42629018152766
109.71,104.58718855578078
179.1,136.53144657471825
117.2,97.59595929241175
70.0,80.71407772709712
188.14,107.87431083511024
48.0,100.44001556435921
133.45,145.23183131974446
106.0,107.39862031108761
88.38,125.58040987598619
98.94,125.97215512175731
130.5,95.57395990869873
152.1,143.37271287456988
49.0,105.7115815757978
156.0,106.98352592592178
74.8,107.9660535479469
144.0,105.20040664329778
103.0,81.52717820298129
82.0,101.16616013466188
190.8,137.43818236228577
125.1,106.43325033098475
97.02,105.52007271419254
215.0,177.31950609459682
137.0,100.38110469625616
55.0,106.98108069027096
130.14,111.8854714107128
89.25,99.70284490355084
71.1,99.63108469357013
182.75,129.72166733117172
22.5,82.29893532675175
99.0,97.13945698977628
88.0,81.65109645970094
102.67,104.97203431248204
80.0,80.72489648950986
105.3,96.86561080044227
196.35,181.42113588002536
106.0,95.1247909730181
89.25,98.63967000666952
139.5,98.75697342264326
210.0,177.56723894398965
107.1,105.70730830665622
79.8,88.72710828644955
96.05,98.0264176025808
175.0,100.77907647040277
62.0,98.65272667664011
94.5,98.8876101841553
85.0,99.4875292427057
60.0,88.20532191962977
123.0,104.00015315567974
128.0,113.08765659586808
0.0,101.60571283779939
126.3,113.50268163355915
71.0,113.4832174509356
30.0,101.14914118768915
62.28,97.78488493774798
38.0,81.66415312967153
125.1,99.32464830416723
89.0,105.8656440826042
276.6,180.02527327318174
88.0,82.55345531408041
166.0,111.87855035994625
38.62,107.56157059710085
89.1,99.06354779266437
78.2,100.55731898033294
85.5,99.23314723599525
119.85,111.69582489917002
84.6,111.00450843649412
93.0,106.73975535353111
117.3,80.48353683619828
65.0,88.62275787639993
177.75,155.48974982185823
215.0,125.42439339561453
174.9,188.6602359734054
162.0,143.62054938800918
128.7,135.94975057440936
196.0,183.67815675187177
121.78,115.7332438567532
52.0,101.15727306978638
73.0,99.0311306041167
120.0,81.17495696292066
89.1,99.83330865354165
125.1,113.05506639579917
118.8,102.01192015808972
90.0,92.47590196965501
67.0,106.32231939676093
150.0,81.66415312967153
84.0,81.5858817429914
174.0,119.79608325755285
55.0,106.72018750686107
75.0,76.89610971888246
81.0,100.1854262295558
56.0,88.79876483238377
95.0,159.00011164597294
95.0,82.72078253328169
43.0,106.28318370342086
128.79,81.37704294227397
104.0,82.02288554643161
165.3,119.07876509173845
319.05999999999995,182.88231686762504
109.0,88.2248897662998
175.5,115.31526167096402
149.4,93.57893108608533
89.0,100.45958341102926
196.0,177.4370168386635
98.1,106.17890264084602
97.99,104.44363381924767
194.0,110.10683272532334
97.75,105.23943867259138
140.0,118.01142058976203
132.6,105.27857436593145
105.81,80.17024396138476
86.35,106.01564136269334
138.6,103.6633995046688
48.75,106.15268563685834
101.38,83.67519577035362
101.28,96.92644858396375
93.0,100.14649786430869
85.0,106.92248081430733
55.0,106.98118435431743
85.0,96.8524847829969
114.0,111.4153638690901
160.0,99.67011672286372
95.48,106.66809880759689
68.0,107.26161106782564
0.0,94.78562640292806
45.0,80.92701678543489
127.19,107.03313507296343
94.5,105.44827747330879
119.52,99.45490472606508
69.0,99.33098646934542
27.0,81.72519824128598
112.67,97.34057411116844
140.0,106.60939526758678
191.67,145.59269798001588
46.0,98.54465156646555
188.4,106.3269682233979
92.0,95.82200375023098
51.8,105.89189611749492
87.0,107.37905246441758
89.1,108.12803497599899
121.13,124.77193595071097
62.0,105.55924272410434
76.8,101.67275558799969
90.0,106.56364473350078
59.0,81.35340915455532
51.0,82.79233541516943
86.4,104.84818540323715
91.0,113.37221788356834
89.3,105.57863755925314
0.0,101.3267951928863
90.6,80.03574858691707
118.5,97.96774837914242
69.0,81.66415312967153
139.0,107.02683122435695
168.62,139.68097037810747
108.75,100.19672421351041
152.0,100.45958341102926
62.0,94.16524795997745
198.0,106.74637019427703
120.0,100.1334411943381
74.0,100.87701936779942
189.0,93.68317783208846
124.65,99.42228020942443
112.01,105.56792246088688
